Security,.SPXEVEBT U Index                                               
Start Date,8/31/2005 0:00
End Date,5/17/2021 0:00
Period,D
,
Date,PX_LAST
5/17/2021,14.8864
5/14/2021,14.8914
5/13/2021,14.7011
5/12/2021,14.6142
5/11/2021,14.9135
5/10/2021,15.0186
5/7/2021,15.1859
5/6/2021,15.0908
5/5/2021,15.0042
5/4/2021,15.0161
5/3/2021,15.1467
4/30/2021,15.1448
4/29/2021,15.2704
4/28/2021,15.2802
4/27/2021,15.3947
4/26/2021,15.4303
4/23/2021,15.4238
4/22/2021,15.2963
4/21/2021,15.4433
4/20/2021,15.3258
4/19/2021,15.3958
4/16/2021,15.4862
4/15/2021,15.4449
4/14/2021,15.3043
4/13/2021,15.3739
4/12/2021,15.3132
4/9/2021,15.329
4/8/2021,15.2249
4/7/2021,15.1631
4/6/2021,15.1472
4/5/2021,15.1604
4/2/2021,14.972
4/1/2021,14.9722
3/31/2021,14.8506
3/30/2021,14.7648
3/29/2021,14.8244
3/26/2021,14.8297
3/25/2021,14.6152
3/24/2021,14.5618
3/23/2021,14.6405
3/22/2021,14.7354
3/19/2021,14.6
3/18/2021,14.6048
3/17/2021,14.8224
3/16/2021,14.8079
3/15/2021,14.8163
3/12/2021,14.7266
3/11/2021,14.7329
3/10/2021,14.6062
3/9/2021,14.5531
3/8/2021,14.3473
3/5/2021,14.4549
3/4/2021,14.2166
3/3/2021,14.3902
3/2/2021,14.5967
3/1/2021,14.7193
2/26/2021,14.456
2/25/2021,14.5039
2/24/2021,14.8351
2/23/2021,14.7017
2/22/2021,14.7058
2/19/2021,14.8299
2/18/2021,14.8772
2/17/2021,14.9397
2/16/2021,14.9503
2/15/2021,14.986
2/12/2021,14.9882
2/11/2021,14.9114
2/10/2021,14.8753
2/9/2021,14.8895
2/8/2021,14.9089
2/5/2021,14.8164
2/4/2021,14.7797
2/3/2021,14.6514
2/2/2021,14.692
2/1/2021,14.5569
1/29/2021,14.4225
1/28/2021,14.6856
1/27/2021,14.6182
1/26/2021,15.0152
1/25/2021,15.0294
1/22/2021,14.974
1/21/2021,15.0145
1/20/2021,15.0078
1/19/2021,14.8184
1/18/2021,14.7198
1/15/2021,14.7344
1/14/2021,14.815
1/13/2021,14.8839
1/12/2021,14.866
1/11/2021,14.8835
1/8/2021,14.9887
1/7/2021,14.9106
1/6/2021,14.723
1/5/2021,14.6922
1/4/2021,14.6128
1/1/2021,14.8139
12/31/2020,16.7311
12/30/2020,16.6576
12/29/2020,16.6385
12/28/2020,16.6697
12/25/2020,16.5522
12/24/2020,16.5524
12/23/2020,16.4964
12/22/2020,16.5076
12/21/2020,16.5247
12/18/2020,16.3431
12/17/2020,16.391
12/16/2020,16.3061
12/15/2020,16.2793
12/14/2020,16.1065
12/11/2020,16.1627
12/10/2020,16.1683
12/9/2020,16.2
12/8/2020,16.3229
12/7/2020,16.2759
12/4/2020,16.2961
12/3/2020,16.1722
12/2/2020,16.1679
12/1/2020,16.1598
11/30/2020,16.0388
11/27/2020,16.1012
11/26/2020,16.0577
11/25/2020,16.0585
11/24/2020,16.0854
11/23/2020,15.8962
11/20/2020,15.8407
11/19/2020,15.9312
11/18/2020,15.8826
11/17/2020,16.081
11/16/2020,16.1968
11/13/2020,16.0564
11/12/2020,15.878
11/11/2020,16.0046
11/10/2020,15.8863
11/9/2020,15.9141
11/6/2020,15.8423
11/5/2020,15.8616
11/4/2020,15.6323
11/3/2020,15.2976
11/2/2020,15.0792
10/30/2020,14.9747
10/29/2020,15.2032
10/28/2020,15.1148
10/27/2020,15.6049
10/26/2020,15.644
10/23/2020,15.8971
10/22/2020,15.8657
10/21/2020,15.8387
10/20/2020,15.8876
10/19/2020,15.7988
10/16/2020,16.0028
10/15/2020,16.0026
10/14/2020,16.0586
10/13/2020,16.1575
10/12/2020,16.2178
10/9/2020,15.9917
10/8/2020,15.867
10/7/2020,15.7697
10/6/2020,15.5258
10/5/2020,15.7033
10/2/2020,15.5147
10/1/2020,15.66
9/30/2020,15.7857
9/29/2020,15.6781
9/28/2020,15.732
9/25/2020,15.5231
9/24/2020,15.3105
9/23/2020,15.2752
9/22/2020,15.6004
9/21/2020,15.4437
9/18/2020,15.5419
9/17/2020,15.7018
9/16/2020,15.8168
9/15/2020,15.9033
9/14/2020,15.8064
9/11/2020,15.6458
9/10/2020,15.6523
9/9/2020,15.9053
9/8/2020,15.6225
9/7/2020,15.9968
9/4/2020,15.9963
9/3/2020,16.1368
9/2/2020,16.6826
9/1/2020,16.4455
8/31/2020,16.3775
8/28/2020,16.4178
8/27/2020,16.326
8/26/2020,16.3313
8/25/2020,16.1742
8/24/2020,16.1268
8/21/2020,16.0163
8/20/2020,15.9604
8/19/2020,15.9241
8/18/2020,16.0122
8/17/2020,15.9779
8/14/2020,15.9183
8/13/2020,15.9302
8/12/2020,15.9513
8/11/2020,15.7442
8/10/2020,15.9025
8/7/2020,15.8823
8/6/2020,15.8972
8/5/2020,15.812
8/4/2020,15.7444
8/3/2020,15.6962
7/31/2020,15.5757
7/30/2020,15.6039
7/29/2020,15.6944
7/28/2020,15.5536
7/27/2020,15.6623
7/24/2020,15.5499
7/23/2020,15.6184
7/22/2020,15.8224
7/21/2020,15.7587
7/20/2020,15.768
7/17/2020,15.6393
7/16/2020,15.6025
7/15/2020,15.6656
7/14/2020,15.5568
7/13/2020,15.3694
7/10/2020,15.5418
7/9/2020,15.4239
7/8/2020,15.4795
7/7/2020,15.3882
7/6/2020,15.51
7/3/2020,15.3093
7/2/2020,15.3144
7/1/2020,15.2499
6/30/2020,15.2477
6/29/2020,15.1152
6/26/2020,14.9202
6/25/2020,15.2255
6/24/2020,15.0852
6/23/2020,15.4165
6/22/2020,15.3646
6/19/2020,15.2593
6/18/2020,15.3287
6/17/2020,15.3215
6/16/2020,15.3451
6/15/2020,15.1021
6/12/2020,14.9935
6/11/2020,14.8551
6/10/2020,15.6301
6/9/2020,15.6486
6/8/2020,15.7579
6/5/2020,15.6064
6/4/2020,15.2842
6/3/2020,15.3706
6/2/2020,15.2213
6/1/2020,15.1197
5/29/2020,15.0877
5/28/2020,14.9927
5/27/2020,14.9988
5/26/2020,14.8569
5/25/2020,14.7551
5/22/2020,14.7566
5/21/2020,14.7172
5/20/2020,14.7915
5/19/2020,14.5984
5/18/2020,14.7041
5/15/2020,14.3438
5/14/2020,14.2801
5/13/2020,14.1608
5/12/2020,14.3556
5/11/2020,14.5784
5/8/2020,14.5223
5/7/2020,14.2839
5/6/2020,14.1144
5/5/2020,14.1729
5/4/2020,14.0406
5/1/2020,13.9583
4/30/2020,14.2423
4/29/2020,14.305
4/28/2020,13.9721
4/27/2020,14.0241
4/24/2020,13.8604
4/23/2020,13.677
4/22/2020,13.6491
4/21/2020,13.3622
4/20/2020,13.6231
4/17/2020,13.7552
4/16/2020,13.4698
4/15/2020,13.299
4/14/2020,13.4855
4/13/2020,13.0622
4/10/2020,13.1241
4/9/2020,13.1234
4/8/2020,12.9485
4/7/2020,12.4961
4/6/2020,12.4303
4/3/2020,11.6913
4/2/2020,11.7747
4/1/2020,11.5076
3/31/2020,11.8831
3/30/2020,11.9615
3/27/2020,11.4937
3/26/2020,11.7807
3/25/2020,11.1211
3/24/2020,10.9659
3/23/2020,10.1505
3/20/2020,10.2375
3/19/2020,10.5662
3/18/2020,10.4986
3/17/2020,10.887
3/16/2020,10.3415
3/13/2020,11.3084
3/12/2020,10.5125
3/11/2020,11.3851
3/10/2020,11.8215
3/9/2020,11.3466
3/6/2020,12.0299
3/5/2020,12.1726
3/4/2020,12.498
3/3/2020,12.0453
3/2/2020,12.3045
2/28/2020,11.8325
2/27/2020,11.8786
2/26/2020,12.336
2/25/2020,12.3643
2/24/2020,12.688
2/21/2020,13.0736
2/20/2020,13.1936
2/19/2020,13.2409
2/18/2020,13.1831
2/17/2020,13.2027
2/14/2020,13.1985
2/13/2020,13.1741
2/12/2020,13.1936
2/11/2020,13.1115
2/10/2020,13.0899
2/7/2020,13.0031
2/6/2020,13.0631
2/5/2020,13.0197
2/4/2020,12.905
2/3/2020,12.7136
1/31/2020,12.6661
1/30/2020,12.8426
1/29/2020,12.7943
1/28/2020,12.8038
1/27/2020,12.6874
1/24/2020,12.8535
1/23/2020,12.9558
1/22/2020,12.9418
1/21/2020,12.9213
1/20/2020,12.9429
1/17/2020,12.9405
1/16/2020,12.8963
1/15/2020,12.8008
1/14/2020,12.7599
1/13/2020,12.7793
1/10/2020,12.6977
1/9/2020,12.7247
1/8/2020,12.6507
1/7/2020,12.5962
1/6/2020,12.6187
1/3/2020,12.5801
1/2/2020,12.6526
1/1/2020,12.5595
12/31/2019,13.3934
12/30/2019,13.3456
12/27/2019,13.4116
12/26/2019,13.4089
12/25/2019,13.3491
12/24/2019,13.3491
12/23/2019,13.3525
12/20/2019,13.3249
12/19/2019,13.2592
12/18/2019,13.1969
12/17/2019,13.1966
12/16/2019,13.1948
12/13/2019,13.1125
12/12/2019,13.1075
12/11/2019,13.0323
12/10/2019,12.9908
12/9/2019,13.0024
12/6/2019,13.0447
12/5/2019,12.9474
12/4/2019,12.9227
12/3/2019,12.8573
12/2/2019,12.9225
11/29/2019,13.0208
11/28/2019,13.0671
11/27/2019,13.0672
11/26/2019,13.0341
11/25/2019,13.0067
11/22/2019,12.9218
11/21/2019,12.9072
11/20/2019,12.8616
11/19/2019,12.9005
11/18/2019,12.9093
11/15/2019,12.9004
11/14/2019,12.8168
11/13/2019,12.7994
11/12/2019,12.7843
11/11/2019,12.7645
11/8/2019,12.7948
11/7/2019,12.7573
11/6/2019,12.74
11/5/2019,12.7307
11/4/2019,12.758
11/1/2019,12.7233
10/31/2019,12.6222
10/30/2019,12.6783
10/29/2019,12.6367
10/28/2019,12.6551
10/25/2019,12.5929
10/24/2019,12.5496
10/23/2019,12.5122
10/22/2019,12.4825
10/21/2019,12.5248
10/18/2019,12.463
10/17/2019,12.518
10/16/2019,12.4812
10/15/2019,12.4991
10/14/2019,12.3978
10/11/2019,12.4055
10/10/2019,12.3004
10/9/2019,12.2334
10/8/2019,12.1318
10/7/2019,12.2854
10/4/2019,12.3335
10/3/2019,12.189
10/2/2019,12.101
10/1/2019,12.2766
9/30/2019,12.4601
9/27/2019,12.411
9/26/2019,12.4847
9/25/2019,12.5049
9/24/2019,12.4407
9/23/2019,12.5084
9/20/2019,12.493
9/19/2019,12.5465
9/18/2019,12.5388
9/17/2019,12.5373
9/16/2019,12.5021
9/13/2019,12.5293
9/12/2019,12.5465
9/11/2019,12.5138
9/10/2019,12.438
9/9/2019,12.4421
9/6/2019,12.4698
9/5/2019,12.458
9/4/2019,12.331
9/3/2019,12.2236
9/2/2019,12.2858
8/30/2019,12.2572
8/29/2019,12.253
8/28/2019,12.1253
8/27/2019,12.0638
8/26/2019,12.0904
8/23/2019,11.976
8/22/2019,12.2458
8/21/2019,12.2655
8/20/2019,12.1773
8/19/2019,12.2432
8/16/2019,12.1144
8/15/2019,11.9708
8/14/2019,11.9415
8/13/2019,12.2371
8/12/2019,12.0806
8/9/2019,12.1992
8/8/2019,12.2544
8/7/2019,12.053
8/6/2019,12.0168
8/5/2019,11.8998
8/2/2019,12.2048
8/1/2019,12.2751
7/31/2019,12.3258
7/30/2019,12.4249
7/29/2019,12.4545
7/26/2019,12.4414
7/25/2019,12.3684
7/24/2019,12.4106
7/23/2019,12.3715
7/22/2019,12.3099
7/19/2019,12.2799
7/18/2019,12.348
7/17/2019,12.3116
7/16/2019,12.3716
7/15/2019,12.4076
7/12/2019,12.4052
7/11/2019,12.3546
7/10/2019,12.3288
7/9/2019,12.2645
7/8/2019,12.2713
7/5/2019,12.3207
7/4/2019,12.3401
7/3/2019,12.3401
7/2/2019,12.2681
7/1/2019,12.2329
6/28/2019,12.1852
6/27/2019,12.1361
6/26/2019,12.0991
6/25/2019,12.1096
6/24/2019,12.2225
6/21/2019,12.2167
6/20/2019,12.223
6/19/2019,12.1209
6/18/2019,12.0814
6/17/2019,11.9885
6/14/2019,11.9593
6/13/2019,11.9771
6/12/2019,11.9315
6/11/2019,11.9374
6/10/2019,11.9371
6/7/2019,11.8925
6/6/2019,11.7732
6/5/2019,11.7051
6/4/2019,11.6203
6/3/2019,11.4164
5/31/2019,11.4746
5/30/2019,11.5973
5/29/2019,11.5676
5/28/2019,11.6419
5/27/2019,11.723
5/24/2019,11.721
5/23/2019,11.7133
5/22/2019,11.8297
5/21/2019,11.852
5/20/2019,11.7687
5/17/2019,11.8436
5/16/2019,11.8982
5/15/2019,11.809
5/14/2019,11.74
5/13/2019,11.6598
5/10/2019,11.8968
5/9/2019,11.8592
5/8/2019,11.8904
5/7/2019,11.8945
5/6/2019,12.0635
5/3/2019,12.0841
5/2/2019,11.9781
5/1/2019,12.0074
4/30/2019,12.1076
4/29/2019,12.1012
4/26/2019,12.1029
4/25/2019,12.0444
4/24/2019,12.0552
4/23/2019,12.0705
4/22/2019,11.9777
4/19/2019,11.9691
4/18/2019,11.9692
4/17/2019,11.9564
4/16/2019,11.9791
4/15/2019,12.0055
4/12/2019,11.9976
4/11/2019,11.9479
4/10/2019,11.9533
4/9/2019,11.9216
4/8/2019,11.9782
4/5/2019,11.9598
4/4/2019,11.9046
4/3/2019,11.8837
4/2/2019,11.8614
4/1/2019,11.8719
3/29/2019,11.5427
3/28/2019,11.4658
3/27/2019,11.4373
3/26/2019,11.4757
3/25/2019,11.4182
3/22/2019,11.4226
3/21/2019,11.5995
3/20/2019,11.4474
3/19/2019,11.4471
3/18/2019,11.4484
3/15/2019,11.4142
3/14/2019,11.3494
3/13/2019,11.3648
3/12/2019,11.2959
3/11/2019,11.2631
3/8/2019,11.119
3/7/2019,11.1379
3/6/2019,11.2105
3/5/2019,11.273
3/4/2019,11.2815
3/1/2019,11.3145
2/28/2019,11.2099
2/27/2019,11.2371
2/26/2019,11.2506
2/25/2019,11.2583
2/22/2019,11.2486
2/21/2019,11.177
2/20/2019,11.207
2/19/2019,11.1947
2/18/2019,11.1779
2/15/2019,11.1751
2/14/2019,11.0661
2/13/2019,11.0723
2/12/2019,11.0358
2/11/2019,10.9173
2/8/2019,10.9104
2/7/2019,10.8958
2/6/2019,10.9868
2/5/2019,11.007
2/4/2019,10.9508
2/1/2019,10.8976
1/31/2019,10.8995
1/30/2019,10.7886
1/29/2019,10.6412
1/28/2019,10.6359
1/25/2019,10.7084
1/24/2019,10.6194
1/23/2019,10.6046
1/22/2019,10.5932
1/21/2019,10.7226
1/18/2019,10.7255
1/17/2019,10.581
1/16/2019,10.5142
1/15/2019,10.5095
1/14/2019,10.4044
1/11/2019,10.4585
1/10/2019,10.4554
1/9/2019,10.4049
1/8/2019,10.3506
1/7/2019,10.2443
1/4/2019,10.1547
1/3/2019,9.8295
1/2/2019,10.0429
1/1/2019,10.026
12/31/2018,10.6331
12/28/2018,10.4618
12/27/2018,10.4738
12/26/2018,10.3983
12/25/2018,9.9753
12/24/2018,9.9753
12/21/2018,10.2003
12/20/2018,10.3593
12/19/2018,10.505
12/18/2018,10.6392
12/17/2018,10.6291
12/14/2018,10.8286
12/13/2018,11.015
12/12/2018,10.996
12/11/2018,10.9426
12/10/2018,10.9341
12/7/2018,10.8927
12/6/2018,11.1242
12/5/2018,11.1291
12/4/2018,11.129
12/3/2018,11.4361
11/30/2018,11.331
11/29/2018,11.244
11/28/2018,11.2493
11/27/2018,11.0276
11/26/2018,10.9906
11/23/2018,10.8455
11/22/2018,10.9036
11/21/2018,10.9036
11/20/2018,10.8683
11/19/2018,11.034
11/16/2018,11.219
11/15/2018,11.1924
11/14/2018,11.0993
11/13/2018,11.1546
11/12/2018,11.1676
11/9/2018,11.3653
11/8/2018,11.4555
11/7/2018,11.492
11/6/2018,11.2742
11/5/2018,11.214
11/2/2018,11.1706
11/1/2018,11.2413
10/31/2018,11.1411
10/30/2018,11.0381
10/29/2018,10.8945
10/26/2018,10.9773
10/25/2018,11.1583
10/24/2018,10.9959
10/23/2018,11.3071
10/22/2018,11.3589
10/19/2018,11.3819
10/18/2018,11.3881
10/17/2018,11.5312
10/16/2018,11.5459
10/15/2018,11.3273
10/12/2018,11.378
10/11/2018,11.222
10/10/2018,11.415
10/9/2018,11.7541
10/8/2018,11.7644
10/5/2018,11.7811
10/4/2018,11.8402
10/3/2018,11.9464
10/2/2018,11.9542
10/1/2018,11.9446
9/28/2018,11.9733
9/27/2018,11.9642
9/26/2018,11.9269
9/25/2018,11.9485
9/24/2018,11.9565
9/21/2018,11.9788
9/20/2018,11.9772
9/19/2018,11.8969
9/18/2018,11.906
9/17/2018,11.8449
9/14/2018,11.9089
9/13/2018,11.9131
9/12/2018,11.8517
9/11/2018,11.8313
9/10/2018,11.7929
9/7/2018,11.7702
9/6/2018,11.7922
9/5/2018,11.8303
9/4/2018,11.8664
9/3/2018,11.8971
8/31/2018,11.9091
8/30/2018,11.9009
8/29/2018,11.9447
8/28/2018,11.8768
8/27/2018,11.8696
8/24/2018,11.7982
8/23/2018,11.7293
8/22/2018,11.7446
8/21/2018,11.7381
8/20/2018,11.721
8/17/2018,11.6979
8/16/2018,11.661
8/15/2018,11.5851
8/14/2018,11.663
8/13/2018,11.6022
8/10/2018,11.6238
8/9/2018,11.6923
8/8/2018,11.7025
8/7/2018,11.7132
8/6/2018,11.6837
8/3/2018,11.6492
8/2/2018,11.607
8/1/2018,11.5538
7/31/2018,11.574
7/30/2018,11.5183
7/27/2018,11.5801
7/26/2018,11.6915
7/25/2018,11.7352
7/24/2018,11.6397
7/23/2018,11.5895
7/20/2018,11.5961
7/19/2018,11.6086
7/18/2018,11.6401
7/17/2018,11.6271
7/16/2018,11.5884
7/13/2018,11.623
7/12/2018,11.6076
7/11/2018,11.5182
7/10/2018,11.5922
7/9/2018,11.5535
7/6/2018,11.4898
7/5/2018,11.4036
7/4/2018,11.3111
7/3/2018,11.3113
7/2/2018,11.3489
6/29/2018,11.3329
6/28/2018,11.3344
6/27/2018,11.2746
6/26/2018,11.3416
6/25/2018,11.3121
6/22/2018,11.4535
6/21/2018,11.4271
6/20/2018,11.4967
6/19/2018,11.4855
6/18/2018,11.5258
6/15/2018,11.5449
6/14/2018,11.5374
6/13/2018,11.501
6/12/2018,11.5409
6/11/2018,11.5156
6/8/2018,11.5005
6/7/2018,11.4722
6/6/2018,11.4793
6/5/2018,11.4024
6/4/2018,11.4375
6/1/2018,11.3922
5/31/2018,11.3098
5/30/2018,11.3725
5/29/2018,11.2661
5/28/2018,11.3565
5/25/2018,11.353
5/24/2018,11.3739
5/23/2018,11.3898
5/22/2018,11.344
5/21/2018,11.3903
5/18/2018,11.3226
5/17/2018,11.3469
5/16/2018,11.3576
5/15/2018,11.3182
5/14/2018,11.3935
5/11/2018,11.3909
5/10/2018,11.3742
5/9/2018,11.2881
5/8/2018,11.2033
5/7/2018,11.2156
5/4/2018,11.1884
5/3/2018,11.0654
5/2/2018,11.0753
5/1/2018,11.1431
4/30/2018,11.1382
4/27/2018,11.2162
4/26/2018,11.2286
4/25/2018,11.1164
4/24/2018,11.1021
4/23/2018,11.2372
4/20/2018,11.2367
4/19/2018,11.3316
4/18/2018,11.417
4/17/2018,11.3994
4/16/2018,11.2836
4/13/2018,11.2045
4/12/2018,11.2164
4/11/2018,11.1503
4/10/2018,11.1919
4/9/2018,11.0313
4/6/2018,11.0008
4/5/2018,11.2117
4/4/2018,11.1504
4/3/2018,11.0367
4/2/2018,10.9345
3/30/2018,11.1058
3/29/2018,11.1054
3/28/2018,10.9817
3/27/2018,11.0147
3/26/2018,11.1807
3/23/2018,10.9299
3/22/2018,11.1272
3/21/2018,11.3603
3/20/2018,11.3802
3/19/2018,11.3741
3/16/2018,11.489
3/15/2018,11.4703
3/14/2018,11.4864
3/13/2018,11.542
3/12/2018,11.6095
3/9/2018,11.6185
3/8/2018,11.4531
3/7/2018,11.4091
3/6/2018,11.4085
3/5/2018,11.3826
3/2/2018,11.2813
3/1/2018,11.231
2/28/2018,11.3546
2/27/2018,11.4552
2/26/2018,11.5747
2/23/2018,11.4485
2/22/2018,11.2982
2/21/2018,11.2748
2/20/2018,11.3336
2/19/2018,11.3992
2/16/2018,11.3997
2/15/2018,11.3902
2/14/2018,11.2659
2/13/2018,11.1439
2/12/2018,11.1233
2/9/2018,10.993
2/8/2018,10.8627
2/7/2018,11.2223
2/6/2018,11.2813
2/5/2018,11.1097
2/2/2018,11.5029
2/1/2018,11.703
1/31/2018,11.7761
1/30/2018,11.7806
1/29/2018,11.8894
1/26/2018,11.9625
1/25/2018,11.8324
1/24/2018,11.828
1/23/2018,11.8501
1/22/2018,11.8322
1/19/2018,11.7419
1/18/2018,11.7038
1/17/2018,11.7228
1/16/2018,11.6107
1/15/2018,11.6527
1/12/2018,11.6518
1/11/2018,11.5844
1/10/2018,11.5107
1/9/2018,11.5357
1/8/2018,11.5265
1/5/2018,11.5119
1/4/2018,11.4307
1/3/2018,11.3963
1/2/2018,11.3308
1/1/2018,11.2463
12/29/2017,11.9295
12/28/2017,11.9784
12/27/2017,11.9631
12/26/2017,11.9574
12/25/2017,11.9678
12/22/2017,11.9673
12/21/2017,11.9706
12/20/2017,11.9601
12/19/2017,11.9773
12/18/2017,12.0159
12/15/2017,11.9596
12/14/2017,11.8703
12/13/2017,11.9097
12/12/2017,11.8985
12/11/2017,11.8925
12/8/2017,11.8551
12/7/2017,11.7995
12/6/2017,11.7697
12/5/2017,11.7611
12/4/2017,11.8017
12/1/2017,11.7754
11/30/2017,11.8151
11/29/2017,11.7292
11/28/2017,11.7629
11/27/2017,11.6873
11/24/2017,11.6995
11/23/2017,11.6744
11/22/2017,11.6756
11/21/2017,11.6821
11/20/2017,11.6124
11/17/2017,11.6044
11/16/2017,11.6496
11/15/2017,11.554
11/14/2017,11.6244
11/13/2017,11.6499
11/10/2017,11.6431
11/9/2017,11.6587
11/8/2017,11.6998
11/7/2017,11.6826
11/6/2017,11.6679
11/3/2017,11.6479
11/2/2017,11.6166
11/1/2017,11.6224
10/31/2017,11.6064
10/30/2017,11.5977
10/27/2017,11.6281
10/26/2017,11.5618
10/25/2017,11.5653
10/24/2017,11.6151
10/23/2017,11.6238
10/20/2017,11.6576
10/19/2017,11.6104
10/18/2017,11.6152
10/17/2017,11.6241
10/16/2017,11.6106
10/13/2017,11.6062
10/12/2017,11.6088
10/11/2017,11.622
10/10/2017,11.5987
10/9/2017,11.5806
10/6/2017,11.5967
10/5/2017,11.6102
10/4/2017,11.5665
10/3/2017,11.5531
10/2/2017,11.5351
9/29/2017,11.5874
9/28/2017,11.552
9/27/2017,11.5385
9/26/2017,11.5158
9/25/2017,11.5143
9/22/2017,11.538
9/21/2017,11.5269
9/20/2017,11.5631
9/19/2017,11.5667
9/18/2017,11.567
9/15/2017,11.5442
9/14/2017,11.5308
9/13/2017,11.5341
9/12/2017,11.5316
9/11/2017,11.5139
9/8/2017,11.4221
9/7/2017,11.4503
9/6/2017,11.4443
9/5/2017,11.3937
9/4/2017,11.4347
9/1/2017,11.4331
8/31/2017,11.4303
8/30/2017,11.3693
8/29/2017,11.3235
8/28/2017,11.3068
8/25/2017,11.2889
8/24/2017,11.2847
8/23/2017,11.3062
8/22/2017,11.3392
8/21/2017,11.2505
8/18/2017,11.2346
8/17/2017,11.2497
8/16/2017,11.3889
8/15/2017,11.3714
8/14/2017,11.3811
8/11/2017,11.2838
8/10/2017,11.2637
8/9/2017,11.4014
8/8/2017,11.4006
8/7/2017,11.4242
8/4/2017,11.4003
8/3/2017,11.3936
8/2/2017,11.4091
8/1/2017,11.409
7/31/2017,11.3948
7/28/2017,11.4071
7/27/2017,11.4169
7/26/2017,11.4313
7/25/2017,11.4129
7/24/2017,11.3895
7/21/2017,11.4161
7/20/2017,11.4108
7/19/2017,11.4092
7/18/2017,11.355
7/17/2017,11.3458
7/14/2017,11.3567
7/13/2017,11.2932
7/12/2017,11.2762
7/11/2017,11.1967
7/10/2017,11.1887
7/7/2017,11.167
7/6/2017,11.1031
7/5/2017,11.2033
7/4/2017,11.183
7/3/2017,11.1833
6/30/2017,11.1968
6/29/2017,11.1393
6/28/2017,11.2427
6/27/2017,11.1674
6/26/2017,11.2622
6/23/2017,11.2678
6/22/2017,11.2446
6/21/2017,11.2421
6/20/2017,11.233
6/19/2017,11.2958
6/16/2017,11.2257
6/15/2017,11.2203
6/14/2017,11.2375
6/13/2017,11.2509
6/12/2017,11.2053
6/9/2017,11.2175
6/8/2017,11.2515
6/7/2017,11.2613
6/6/2017,11.2545
6/5/2017,11.2821
6/2/2017,11.2905
6/1/2017,11.247
5/31/2017,11.1906
5/30/2017,11.1829
5/29/2017,11.1829
5/26/2017,11.1824
5/25/2017,11.1809
5/24/2017,11.1345
5/23/2017,11.1056
5/22/2017,11.0945
5/19/2017,11.0411
5/18/2017,10.9836
5/17/2017,10.9502
5/16/2017,11.1099
5/15/2017,11.1194
5/12/2017,11.0787
5/11/2017,11.0836
5/10/2017,11.0955
5/9/2017,11.0888
5/8/2017,11.0937
5/5/2017,11.0945
5/4/2017,11.0501
5/3/2017,11.0463
5/2/2017,11.0664
5/1/2017,11.0441
4/28/2017,11.0386
4/27/2017,11.065
4/26/2017,11.0575
4/25/2017,11.063
4/24/2017,11.0136
4/21/2017,10.9231
4/20/2017,10.9383
4/19/2017,10.875
4/18/2017,10.8861
4/17/2017,10.8971
4/14/2017,10.8245
4/13/2017,10.8243
4/12/2017,10.8734
4/11/2017,10.8946
4/10/2017,10.907
4/7/2017,10.8959
4/6/2017,10.8979
4/5/2017,10.8798
4/4/2017,10.8974
4/3/2017,10.9056
3/31/2017,10.9122
3/30/2017,10.8929
3/29/2017,10.8841
3/28/2017,10.8616
3/27/2017,10.8029
3/24/2017,10.804
3/23/2017,10.812
3/22/2017,10.8344
3/21/2017,10.8122
3/20/2017,10.9067
3/17/2017,10.8948
3/16/2017,10.8933
3/15/2017,10.9134
3/14/2017,10.8218
3/13/2017,10.8606
3/10/2017,10.85
3/9/2017,10.8102
3/8/2017,10.8065
3/7/2017,10.8355
3/6/2017,10.8505
3/3/2017,10.8735
3/2/2017,10.8745
3/1/2017,10.9013
2/28/2017,10.7976
2/27/2017,10.8052
2/24/2017,10.801
2/23/2017,10.7742
2/22/2017,10.7753
2/21/2017,10.7892
2/20/2017,10.7299
2/17/2017,10.7299
2/16/2017,10.7155
2/15/2017,10.7244
2/14/2017,10.6811
2/13/2017,10.6559
2/10/2017,10.609
2/9/2017,10.5704
2/8/2017,10.5311
2/7/2017,10.507
2/6/2017,10.4995
2/3/2017,10.5183
2/2/2017,10.4617
2/1/2017,10.4501
1/31/2017,10.468
1/30/2017,10.4668
1/27/2017,10.5251
1/26/2017,10.5228
1/25/2017,10.5316
1/24/2017,10.4636
1/23/2017,10.4105
1/20/2017,10.4305
1/19/2017,10.4106
1/18/2017,10.4536
1/17/2017,10.4502
1/16/2017,10.4441
1/13/2017,10.4466
1/12/2017,10.4362
1/11/2017,10.4437
1/10/2017,10.4236
1/9/2017,10.4329
1/6/2017,10.4535
1/5/2017,10.4305
1/4/2017,10.4135
1/3/2017,10.3561
1/2/2017,10.278
12/30/2016,11.1056
12/29/2016,11.1582
12/28/2016,11.1512
12/27/2016,11.2427
12/26/2016,11.2186
12/23/2016,11.2174
12/22/2016,11.2038
12/21/2016,11.2216
12/20/2016,11.2483
12/19/2016,11.2298
12/16/2016,11.2061
12/15/2016,11.2112
12/14/2016,11.1909
12/13/2016,11.2782
12/12/2016,11.2049
12/9/2016,11.2038
12/8/2016,11.1462
12/7/2016,11.1327
12/6/2016,11.014
12/5/2016,10.989
12/2/2016,10.9371
12/1/2016,10.9082
11/30/2016,10.9757
11/29/2016,11.0149
11/28/2016,11.0063
11/25/2016,11.0505
11/24/2016,11.012
11/23/2016,11.0098
11/22/2016,11.0135
11/21/2016,10.9886
11/18/2016,10.9218
11/17/2016,10.9503
11/16/2016,10.9141
11/15/2016,10.912
11/14/2016,10.8304
11/11/2016,10.8566
11/10/2016,10.8775
11/9/2016,10.8996
11/8/2016,10.8316
11/7/2016,10.7896
11/4/2016,10.592
11/3/2016,10.6024
11/2/2016,10.6494
11/1/2016,10.692
10/31/2016,10.7235
10/28/2016,10.7254
10/27/2016,10.7443
10/26/2016,10.7825
10/25/2016,10.8157
10/24/2016,10.8363
10/21/2016,10.7929
10/20/2016,10.7938
10/19/2016,10.8162
10/18/2016,10.8076
10/17/2016,10.7508
10/14/2016,10.7733
10/13/2016,10.7787
10/12/2016,10.7919
10/11/2016,10.7792
10/10/2016,10.898
10/7/2016,10.8474
10/6/2016,10.886
10/5/2016,10.8749
10/4/2016,10.8462
10/3/2016,10.902
9/30/2016,10.9824
9/29/2016,10.97
9/28/2016,11.0541
9/27/2016,11.0015
9/26/2016,10.9419
9/23/2016,11.0223
9/22/2016,11.0697
9/21/2016,10.9971
9/20/2016,10.895
9/19/2016,10.8904
9/16/2016,10.9013
9/15/2016,10.9281
9/14/2016,10.8307
9/13/2016,10.8312
9/12/2016,10.9638
9/9/2016,10.8264
9/8/2016,11.0714
9/7/2016,11.0993
9/6/2016,11.0961
9/5/2016,11.0257
9/2/2016,11.0233
9/1/2016,10.9845
8/31/2016,11.0008
8/30/2016,11.0314
8/29/2016,11.0675
8/26/2016,11.0239
8/25/2016,11.042
8/24/2016,11.061
8/23/2016,11.1181
8/22/2016,11.1003
8/19/2016,11.1051
8/18/2016,11.1214
8/17/2016,11.0958
8/16/2016,11.0779
8/15/2016,11.136
8/12/2016,11.1153
8/11/2016,11.1208
8/10/2016,11.0715
8/9/2016,11.0955
8/8/2016,11.0915
8/5/2016,11.1096
8/4/2016,11.0455
8/3/2016,11.0394
8/2/2016,11.0172
8/1/2016,11.0762
7/29/2016,11.0785
7/28/2016,11.0413
7/27/2016,11.0237
7/26/2016,11.0322
7/25/2016,11.0282
7/22/2016,11.0556
7/21/2016,11.0091
7/20/2016,11.0299
7/19/2016,10.9781
7/18/2016,10.9953
7/15/2016,10.9854
7/14/2016,10.9927
7/13/2016,10.9514
7/12/2016,10.9526
7/11/2016,10.9031
7/8/2016,10.8732
7/7/2016,10.7349
7/6/2016,10.7578
7/5/2016,10.714
7/4/2016,10.7662
7/1/2016,10.763
6/30/2016,10.7577
6/29/2016,10.6223
6/28/2016,10.473
6/27/2016,10.3242
6/24/2016,10.4691
6/23/2016,10.7703
6/22/2016,10.6589
6/21/2016,10.6707
6/20/2016,10.6479
6/17/2016,10.588
6/16/2016,10.6179
6/15/2016,10.5867
6/14/2016,10.605
6/13/2016,10.6096
6/10/2016,10.686
6/9/2016,10.7683
6/8/2016,10.7732
6/7/2016,10.7417
6/6/2016,10.724
6/3/2016,10.6785
6/2/2016,10.698
6/1/2016,10.6715
5/31/2016,10.6765
5/30/2016,10.6818
5/27/2016,10.684
5/26/2016,10.6479
5/25/2016,10.6374
5/24/2016,10.5772
5/23/2016,10.4589
5/20/2016,10.478
5/19/2016,10.4324
5/18/2016,10.4618
5/17/2016,10.4758
5/16/2016,10.5643
5/13/2016,10.4688
5/12/2016,10.5493
5/11/2016,10.5522
5/10/2016,10.6341
5/9/2016,10.5221
5/6/2016,10.5076
5/5/2016,10.4775
5/4/2016,10.4799
5/3/2016,10.528
5/2/2016,10.5931
4/29/2016,10.5289
4/28/2016,10.5702
4/27/2016,10.6498
4/26/2016,10.6176
4/25/2016,10.5945
4/22/2016,10.5863
4/21/2016,10.5919
4/20/2016,10.636
4/19/2016,10.6325
4/18/2016,10.6097
4/15/2016,10.5434
4/14/2016,10.5465
4/13/2016,10.5491
4/12/2016,10.4766
4/11/2016,10.393
4/8/2016,10.4217
4/7/2016,10.3936
4/6/2016,10.5078
4/5/2016,10.4171
4/4/2016,10.5
4/1/2016,10.5174
3/31/2016,10.478
3/30/2016,10.4404
3/29/2016,10.4083
3/28/2016,10.3185
3/25/2016,10.3122
3/24/2016,10.3115
3/23/2016,10.303
3/22/2016,10.3562
3/21/2016,10.3618
3/18/2016,10.3417
3/17/2016,10.3142
3/16/2016,10.2627
3/15/2016,10.2034
3/14/2016,10.2155
3/11/2016,10.221
3/10/2016,10.0581
3/9/2016,10.0545
3/8/2016,10.0039
3/7/2016,10.0937
3/4/2016,10.079
3/3/2016,10.0568
3/2/2016,10.0249
3/1/2016,9.9892
2/29/2016,9.7952
2/26/2016,9.8578
2/25/2016,9.87
2/24/2016,9.7788
2/23/2016,9.7406
2/22/2016,9.8377
2/19/2016,9.7185
2/18/2016,9.7221
2/17/2016,9.7574
2/16/2016,9.6175
2/15/2016,9.4806
2/12/2016,9.4795
2/11/2016,9.3467
2/10/2016,9.4295
2/9/2016,9.422
2/8/2016,9.4233
2/5/2016,9.528
2/4/2016,9.6817
2/3/2016,9.6745
2/2/2016,9.6191
2/1/2016,9.7348
1/29/2016,9.7516
1/28/2016,9.5571
1/27/2016,9.4926
1/26/2016,9.5835
1/25/2016,9.4388
1/22/2016,9.5443
1/21/2016,9.3558
1/20/2016,9.3002
1/19/2016,9.3756
1/18/2016,9.3477
1/15/2016,9.341
1/14/2016,9.4861
1/13/2016,9.3413
1/12/2016,9.5135
1/11/2016,9.4407
1/8/2016,9.4249
1/7/2016,9.4899
1/6/2016,9.6675
1/5/2016,9.7737
1/4/2016,9.7409
1/1/2016,9.8525
12/31/2015,10.3267
12/30/2015,10.297
12/29/2015,10.3612
12/28/2015,10.2702
12/25/2015,10.2997
12/24/2015,10.3008
12/23/2015,10.3154
12/22/2015,10.2004
12/21/2015,10.1262
12/18/2015,10.0477
12/17/2015,10.1954
12/16/2015,10.3207
12/15/2015,10.1906
12/14/2015,10.1186
12/11/2015,10.0714
12/10/2015,10.2426
12/9/2015,10.224
12/8/2015,10.2942
12/7/2015,10.3434
12/4/2015,10.4062
12/3/2015,10.2306
12/2/2015,10.3382
12/1/2015,10.4364
11/30/2015,10.3369
11/27/2015,10.3802
11/26/2015,10.3756
11/25/2015,10.3755
11/24/2015,10.3786
11/23/2015,10.3653
11/20/2015,10.3734
11/19/2015,10.3409
11/18/2015,10.3472
11/17/2015,10.2005
11/16/2015,10.2208
11/13/2015,10.0873
11/12/2015,10.1882
11/11/2015,10.3088
11/10/2015,10.3381
11/9/2015,10.3232
11/6/2015,10.407
11/5/2015,10.4355
11/4/2015,10.4519
11/3/2015,10.4687
11/2/2015,10.44
10/30/2015,10.3585
10/29/2015,10.3896
10/28/2015,10.3969
10/27/2015,10.3242
10/26/2015,10.3427
10/23/2015,10.3411
10/22/2015,10.2459
10/21/2015,10.1044
10/20/2015,10.1522
10/19/2015,10.1767
10/16/2015,10.1414
10/15/2015,10.0934
10/14/2015,9.9718
10/13/2015,10.0045
10/12/2015,10.0613
10/9/2015,10.0458
10/8/2015,10.0326
10/7/2015,9.9437
10/6/2015,9.8705
10/5/2015,9.8971
10/2/2015,9.7398
10/1/2015,9.5954
9/30/2015,9.6234
9/29/2015,9.4984
9/28/2015,9.4892
9/25/2015,9.686
9/24/2015,9.7056
9/23/2015,9.7309
9/22/2015,9.7543
9/21/2015,9.8566
9/18/2015,9.8135
9/17/2015,9.9472
9/16/2015,9.9514
9/15/2015,9.8733
9/14/2015,9.7687
9/11/2015,9.8038
9/10/2015,9.7536
9/9/2015,9.7085
9/8/2015,9.8202
9/7/2015,9.6078
9/4/2015,9.6081
9/3/2015,9.7311
9/2/2015,9.7434
9/1/2015,9.589
8/31/2015,9.8455
8/28/2015,9.9189
8/27/2015,9.9067
8/26/2015,9.7096
8/25/2015,9.3977
8/24/2015,9.5087
8/21/2015,9.8251
8/20/2015,10.0928
8/19/2015,10.2771
8/18/2015,10.3533
8/17/2015,10.3784
8/14/2015,10.325
8/13/2015,10.2945
8/12/2015,10.3144
8/11/2015,10.299
8/10/2015,10.3819
8/7/2015,10.2757
8/6/2015,10.3221
8/5/2015,10.3996
8/4/2015,10.3685
8/3/2015,10.3927
7/31/2015,10.4215
7/30/2015,10.4265
7/29/2015,10.427
7/28/2015,10.3718
7/27/2015,10.2595
7/24/2015,10.289
7/23/2015,10.3944
7/22/2015,10.45
7/21/2015,10.4943
7/20/2015,10.5448
7/17/2015,10.5379
7/16/2015,10.531
7/15/2015,10.4614
7/14/2015,10.4771
7/13/2015,10.4347
7/10/2015,10.3358
7/9/2015,10.2202
7/8/2015,10.2163
7/7/2015,10.3898
7/6/2015,10.3167
7/3/2015,10.3443
7/2/2015,10.3409
7/1/2015,10.3396
6/30/2015,10.3086
6/29/2015,10.27
6/26/2015,10.4541
6/25/2015,10.4594
6/24/2015,10.4879
6/23/2015,10.5527
6/22/2015,10.5496
6/19/2015,10.4917
6/18/2015,10.5367
6/17/2015,10.4384
6/16/2015,10.4138
6/15/2015,10.3621
6/12/2015,10.3979
6/11/2015,10.4619
6/10/2015,10.4483
6/9/2015,10.3425
6/8/2015,10.3443
6/5/2015,10.4028
6/4/2015,10.4275
6/3/2015,10.5067
6/2/2015,10.4992
6/1/2015,10.5189
5/29/2015,10.5048
5/28/2015,10.5543
5/27/2015,10.565
5/26/2015,10.4793
5/25/2015,10.5815
5/22/2015,10.5825
5/21/2015,10.6045
5/20/2015,10.5743
5/19/2015,10.5782
5/18/2015,10.5936
5/15/2015,10.5795
5/14/2015,10.5635
5/13/2015,10.462
5/12/2015,10.4689
5/11/2015,10.4945
5/8/2015,10.5409
5/7/2015,10.4211
5/6/2015,10.3884
5/5/2015,10.4252
5/4/2015,10.5407
5/1/2015,10.5302
4/30/2015,10.4506
4/29/2015,10.5605
4/28/2015,10.5997
4/27/2015,10.5933
4/24/2015,10.6385
4/23/2015,10.6047
4/22/2015,10.5699
4/21/2015,10.5214
4/20/2015,10.5557
4/17/2015,10.4086
4/16/2015,10.5165
4/15/2015,10.5179
4/14/2015,10.4638
4/13/2015,10.4409
4/10/2015,10.4948
4/9/2015,10.4362
4/8/2015,10.3984
4/7/2015,10.3752
4/6/2015,10.3815
4/3/2015,10.3091
4/2/2015,10.3058
4/1/2015,10.2731
3/31/2015,10.2488
3/30/2015,10.2777
3/27/2015,10.1699
3/26/2015,10.1429
3/25/2015,10.1644
3/24/2015,10.3002
3/23/2015,10.3494
3/20/2015,10.3686
3/19/2015,10.2737
3/18/2015,10.3229
3/17/2015,10.1992
3/16/2015,10.2049
3/13/2015,10.0808
3/12/2015,10.1253
3/11/2015,10.0159
3/10/2015,10.0414
3/9/2015,10.1815
3/6/2015,10.1546
3/5/2015,10.2969
3/4/2015,10.2902
3/3/2015,10.3038
3/2/2015,10.3516
2/27/2015,10.274
2/26/2015,10.3007
2/25/2015,10.3133
2/24/2015,10.3151
2/23/2015,10.3007
2/20/2015,10.2937
2/19/2015,10.2355
2/18/2015,10.2358
2/17/2015,10.226
2/16/2015,10.2169
2/13/2015,10.215
2/12/2015,10.1739
2/11/2015,10.0833
2/10/2015,10.082
2/9/2015,9.9811
2/6/2015,10.0185
2/5/2015,10.0696
2/4/2015,9.9485
2/3/2015,9.9771
2/2/2015,9.8377
1/30/2015,9.7505
1/29/2015,9.8351
1/28/2015,9.7376
1/27/2015,9.8543
1/26/2015,9.9274
1/23/2015,9.8928
1/22/2015,9.9002
1/21/2015,9.776
1/20/2015,9.6668
1/19/2015,9.6296
1/16/2015,9.6268
1/15/2015,9.472
1/14/2015,9.6078
1/13/2015,9.638
1/12/2015,9.6386
1/9/2015,9.6851
1/8/2015,9.745
1/7/2015,9.5904
1/6/2015,9.4748
1/5/2015,9.5221
1/2/2015,9.6687
1/1/2015,9.67
12/31/2014,9.9897
12/30/2014,10.1
12/29/2014,10.1485
12/26/2014,10.1554
12/25/2014,10.1214
12/24/2014,10.1214
12/23/2014,10.1213
12/22/2014,10.1127
12/19/2014,10.0775
12/18/2014,10.0331
12/17/2014,9.8287
12/16/2014,9.6527
12/15/2014,9.7214
12/12/2014,9.7702
12/11/2014,9.9077
12/10/2014,9.867
12/9/2014,10.0143
12/8/2014,10.0105
12/5/2014,10.0888
12/4/2014,10.0838
12/3/2014,10.0999
12/2/2014,10.0674
12/1/2014,10.0145
11/28/2014,10.0378
11/27/2014,10.0396
11/26/2014,10.0394
11/25/2014,10.0168
11/24/2014,10.024
11/21/2014,10.0066
11/20/2014,9.9575
11/19/2014,9.938
11/18/2014,9.9536
11/17/2014,9.9029
11/14/2014,9.8956
11/13/2014,9.8873
11/12/2014,9.88
11/11/2014,9.8849
11/10/2014,9.8744
11/7/2014,9.8492
11/6/2014,9.8502
11/5/2014,9.8127
11/4/2014,9.7638
11/3/2014,9.7947
10/31/2014,9.8043
10/30/2014,9.705
10/29/2014,9.6551
10/28/2014,9.6686
10/27/2014,9.5646
10/24/2014,9.5825
10/23/2014,9.5261
10/22/2014,9.4166
10/21/2014,9.4727
10/20/2014,9.3093
10/17/2014,9.2191
10/16/2014,9.1174
10/15/2014,9.105
10/14/2014,9.1513
10/13/2014,9.1397
10/10/2014,9.2761
10/9/2014,9.3728
10/8/2014,9.5449
10/7/2014,9.3992
10/6/2014,9.5145
10/3/2014,9.5209
10/2/2014,9.4336
10/1/2014,9.4359
9/30/2014,9.6211
9/29/2014,9.6411
9/26/2014,9.6518
9/25/2014,9.5833
9/24/2014,9.7188
9/23/2014,9.6525
9/22/2014,9.6928
9/19/2014,9.7585
9/18/2014,9.7548
9/17/2014,9.7221
9/16/2014,9.715
9/15/2014,9.6452
9/12/2014,9.653
9/11/2014,9.713
9/10/2014,9.7081
9/9/2014,9.6794
9/8/2014,9.7269
9/5/2014,9.7551
9/4/2014,9.7069
9/3/2014,9.7219
9/2/2014,9.7281
9/1/2014,9.7389
8/29/2014,9.7579
8/28/2014,9.7331
8/27/2014,9.7455
8/26/2014,9.7427
8/25/2014,9.7343
8/22/2014,9.7094
8/21/2014,9.7193
8/20/2014,9.7037
8/19/2014,9.682
8/18/2014,9.6299
8/15/2014,9.5601
8/14/2014,9.5553
8/13/2014,9.5247
8/12/2014,9.4639
8/11/2014,9.482
8/8/2014,9.4534
8/7/2014,9.3604
8/6/2014,9.4083
8/5/2014,9.4088
8/4/2014,9.4885
8/1/2014,9.4285
7/31/2014,9.4491
7/30/2014,9.6208
7/29/2014,9.6258
7/28/2014,9.6589
7/25/2014,9.6611
7/24/2014,9.7005
7/23/2014,9.7392
7/22/2014,9.7335
7/21/2014,9.6839
7/18/2014,9.6974
7/17/2014,9.6101
7/16/2014,9.7137
7/15/2014,9.6745
7/14/2014,9.6945
7/11/2014,9.6523
7/10/2014,9.6409
7/9/2014,9.6755
7/8/2014,9.6318
7/7/2014,9.6863
7/4/2014,9.7159
7/3/2014,9.716
7/2/2014,9.6806
7/1/2014,9.6505
6/30/2014,9.6176
6/27/2014,9.583
6/26/2014,9.5684
6/25/2014,9.5674
6/24/2014,9.5211
6/23/2014,9.5757
6/20/2014,9.5816
6/19/2014,9.5622
6/18/2014,9.5491
6/17/2014,9.4805
6/16/2014,9.4724
6/13/2014,9.4571
6/12/2014,9.4309
6/11/2014,9.4919
6/10/2014,9.5157
6/9/2014,9.5071
6/6/2014,9.5085
6/5/2014,9.4738
6/4/2014,9.426
6/3/2014,9.4128
6/2/2014,9.4267
5/30/2014,9.4299
5/29/2014,9.4273
5/28/2014,9.3827
5/27/2014,9.3957
5/26/2014,9.3503
5/23/2014,9.3511
5/22/2014,9.312
5/21/2014,9.2927
5/20/2014,9.2268
5/19/2014,9.2792
5/16/2014,9.2527
5/15/2014,9.2171
5/14/2014,9.2897
5/13/2014,9.3227
5/12/2014,9.3191
5/9/2014,9.2476
5/8/2014,9.239
5/7/2014,9.2527
5/6/2014,9.2172
5/5/2014,9.2866
5/2/2014,9.2608
5/1/2014,9.2726
4/30/2014,9.2754
4/29/2014,9.2624
4/28/2014,9.2338
4/25/2014,9.199
4/24/2014,9.2758
4/23/2014,9.2589
4/22/2014,9.2779
4/21/2014,9.2416
4/18/2014,9.1958
4/17/2014,9.1975
4/16/2014,9.1895
4/15/2014,9.1048
4/14/2014,9.0588
4/11/2014,8.9732
4/10/2014,9.0308
4/9/2014,9.19
4/8/2014,9.1014
4/7/2014,9.06
4/4/2014,9.1435
4/3/2014,9.243
4/2/2014,9.2548
4/1/2014,9.2244
3/31/2014,9.1824
3/28/2014,9.0081
3/27/2014,8.9692
3/26/2014,8.9871
3/25/2014,9.04
3/24/2014,9.0004
3/21/2014,9.0195
3/20/2014,9.0461
3/19/2014,9.003
3/18/2014,9.0681
3/17/2014,9.0115
3/14/2014,8.9406
3/13/2014,8.9604
3/12/2014,9.0533
3/11/2014,9.0529
3/10/2014,9.0911
3/7/2014,9.0957
3/6/2014,9.0953
3/5/2014,9.0772
3/4/2014,9.0819
3/3/2014,8.9624
2/28/2014,9.0209
2/27/2014,8.9995
2/26/2014,8.9598
2/25/2014,8.9667
2/24/2014,9.0142
2/21/2014,8.9344
2/20/2014,8.9488
2/19/2014,8.9039
2/18/2014,8.9493
2/17/2014,8.939
2/14/2014,8.9389
2/13/2014,8.896
2/12/2014,8.8451
2/11/2014,8.8467
2/10/2014,8.7592
2/7/2014,8.7469
2/6/2014,8.6462
2/5/2014,8.5432
2/4/2014,8.5464
2/3/2014,8.489
1/31/2014,8.7071
1/30/2014,8.7401
1/29/2014,8.6618
1/28/2014,8.7366
1/27/2014,8.6923
1/24/2014,8.7317
1/23/2014,8.8972
1/22/2014,8.9611
1/21/2014,8.9487
1/20/2014,8.9134
1/17/2014,8.9169
1/16/2014,8.943
1/15/2014,8.9305
1/14/2014,8.9011
1/13/2014,8.8157
1/10/2014,8.9174
1/9/2014,8.8717
1/8/2014,8.8722
1/7/2014,8.8802
1/6/2014,8.8241
1/3/2014,8.8471
1/2/2014,8.8546
1/1/2014,8.9267
12/31/2013,9.4898
12/30/2013,9.5185
12/27/2013,9.5327
12/26/2013,9.5332
12/25/2013,9.4906
12/24/2013,9.4906
12/23/2013,9.4667
12/20/2013,9.3854
12/19/2013,9.3517
12/18/2013,9.3492
12/17/2013,9.2187
12/16/2013,9.2284
12/13/2013,9.1774
12/12/2013,9.1889
12/11/2013,9.2244
12/10/2013,9.3135
12/9/2013,9.3319
12/6/2013,9.3238
12/5/2013,9.237
12/4/2013,9.2695
12/3/2013,9.2844
12/2/2013,9.3029
11/29/2013,9.3368
11/28/2013,9.3402
11/27/2013,9.3406
11/26/2013,9.3184
11/25/2013,9.3177
11/22/2013,9.3331
11/21/2013,9.2939
11/20/2013,9.2386
11/19/2013,9.2691
11/18/2013,9.2907
11/15/2013,9.3252
11/14/2013,9.2916
11/13/2013,9.2528
11/12/2013,9.1782
11/11/2013,9.1885
11/8/2013,9.1799
11/7/2013,9.092
11/6/2013,9.201
11/5/2013,9.1658
11/4/2013,9.1884
11/1/2013,9.1651
10/31/2013,9.142
10/30/2013,9.1648
10/29/2013,9.2062
10/28/2013,9.1656
10/25/2013,9.159
10/24/2013,9.1257
10/23/2013,9.0971
10/22/2013,9.1317
10/21/2013,9.0806
10/18/2013,9.0841
10/17/2013,9.019
10/16/2013,8.9804
10/15/2013,8.8753
10/14/2013,8.9293
10/11/2013,8.8967
10/10/2013,8.8516
10/9/2013,8.689
10/8/2013,8.7029
10/7/2013,8.793
10/4/2013,8.8454
10/3/2013,8.7909
10/2/2013,8.8619
10/1/2013,8.8685
9/30/2013,8.8605
9/27/2013,8.9385
9/26/2013,8.9712
9/25/2013,8.9366
9/24/2013,8.9692
9/23/2013,8.986
9/20/2013,8.9858
9/19/2013,9.0492
9/18/2013,9.0564
9/17/2013,8.9539
9/16/2013,8.9236
9/13/2013,8.8844
9/12/2013,8.8619
9/11/2013,8.8849
9/10/2013,8.8645
9/9/2013,8.8145
9/6/2013,8.7426
9/5/2013,8.736
9/4/2013,8.7331
9/3/2013,8.6735
9/2/2013,8.6499
8/30/2013,8.6715
8/29/2013,8.6951
8/28/2013,8.6809
8/27/2013,8.66
8/26/2013,8.7683
8/23/2013,8.7959
8/22/2013,8.7603
8/21/2013,8.6972
8/20/2013,8.7367
8/19/2013,8.7124
8/16/2013,8.7631
8/15/2013,8.7935
8/14/2013,8.8997
8/13/2013,8.9444
8/12/2013,8.9265
8/9/2013,8.9254
8/8/2013,8.9508
8/7/2013,8.9224
8/6/2013,8.9434
8/5/2013,8.9838
8/2/2013,8.9875
8/1/2013,8.9769
7/31/2013,8.892
7/30/2013,8.8921
7/29/2013,8.8841
7/26/2013,8.9089
7/25/2013,8.9021
7/24/2013,8.8893
7/23/2013,8.9207
7/22/2013,8.9303
7/19/2013,8.9221
7/18/2013,8.8815
7/17/2013,8.8519
7/16/2013,8.8323
7/15/2013,8.8574
7/12/2013,8.8494
7/11/2013,8.8297
7/10/2013,8.7149
7/9/2013,8.7002
7/8/2013,8.638
7/5/2013,8.6027
7/4/2013,8.5432
7/3/2013,8.543
7/2/2013,8.5265
7/1/2013,8.5228
6/28/2013,8.5087
6/27/2013,8.5386
6/26/2013,8.4979
6/25/2013,8.4277
6/24/2013,8.3673
6/21/2013,8.4383
6/20/2013,8.413
6/19/2013,8.61
6/18/2013,8.7183
6/17/2013,8.6582
6/14/2013,8.6039
6/13/2013,8.6389
6/12/2013,8.5253
6/11/2013,8.5894
6/10/2013,8.655
6/7/2013,8.6625
6/6/2013,8.6086
6/5/2013,8.5504
6/4/2013,8.6479
6/3/2013,8.6882
5/31/2013,8.6558
5/30/2013,8.7618
5/29/2013,8.748
5/28/2013,8.8108
5/27/2013,8.769
5/24/2013,8.7697
5/23/2013,8.7725
5/22/2013,8.7921
5/21/2013,8.8542
5/20/2013,8.841
5/17/2013,8.8516
5/16/2013,8.7758
5/15/2013,8.8088
5/14/2013,8.7764
5/13/2013,8.7108
5/10/2013,8.7162
5/9/2013,8.6815
5/8/2013,8.6952
5/7/2013,8.6703
5/6/2013,8.631
5/3/2013,8.6222
5/2/2013,8.539
5/1/2013,8.472
4/30/2013,8.5338
4/29/2013,8.5188
4/26/2013,8.4601
4/25/2013,8.4737
4/24/2013,8.4407
4/23/2013,8.4233
4/22/2013,8.3392
4/19/2013,8.2987
4/18/2013,8.2365
4/17/2013,8.2729
4/16/2013,8.3665
4/15/2013,8.2663
4/12/2013,8.4387
4/11/2013,8.4549
4/10/2013,8.4248
4/9/2013,8.3443
4/8/2013,8.3194
4/5/2013,8.2805
4/4/2013,8.314
4/3/2013,8.29
4/2/2013,8.3501
4/1/2013,8.3146
3/29/2013,8.4188
3/28/2013,8.4197
3/27/2013,8.3887
3/26/2013,8.3891
3/25/2013,8.33
3/22/2013,8.3535
3/21/2013,8.3016
3/20/2013,8.3548
3/19/2013,8.3043
3/18/2013,8.3185
3/15/2013,8.3489
3/14/2013,8.367
3/13/2013,8.3293
3/12/2013,8.3218
3/11/2013,8.3306
3/8/2013,8.3105
3/7/2013,8.2806
3/6/2013,8.2775
3/5/2013,8.2786
3/4/2013,8.2086
3/1/2013,8.1803
2/28/2013,8.1679
2/27/2013,8.1779
2/26/2013,8.1005
2/25/2013,8.0596
2/22/2013,8.1818
2/21/2013,8.1278
2/20/2013,8.1671
2/19/2013,8.2521
2/18/2013,8.2031
2/15/2013,8.202
2/14/2013,8.2044
2/13/2013,8.197
2/12/2013,8.1905
2/11/2013,8.1831
2/8/2013,8.1952
2/7/2013,8.1541
2/6/2013,8.1582
2/5/2013,8.1534
2/4/2013,8.0841
2/1/2013,8.1313
1/31/2013,8.0733
1/30/2013,8.0925
1/29/2013,8.1114
1/28/2013,8.0725
1/25/2013,8.0774
1/24/2013,8.0358
1/23/2013,8.0187
1/22/2013,8.0032
1/21/2013,7.9767
1/18/2013,7.9803
1/17/2013,7.9486
1/16/2013,7.8985
1/15/2013,7.896
1/14/2013,7.8887
1/11/2013,7.8899
1/10/2013,7.8824
1/9/2013,7.8431
1/8/2013,7.8188
1/7/2013,7.8397
1/4/2013,7.8635
1/3/2013,7.8383
1/2/2013,7.8482
1/1/2013,7.7013
12/31/2012,8.022
12/28/2012,7.8803
12/27/2012,7.958
12/26/2012,7.963
12/25/2012,8.0001
12/24/2012,8.0001
12/21/2012,8.0188
12/20/2012,8.0784
12/19/2012,8.0488
12/18/2012,8.0986
12/17/2012,8.0234
12/14/2012,7.9554
12/13/2012,7.977
12/12/2012,8.0197
12/11/2012,8.0148
12/10/2012,7.9698
12/7/2012,7.9671
12/6/2012,7.9529
12/5/2012,7.9309
12/4/2012,7.9349
12/3/2012,7.9458
11/30/2012,7.9815
11/29/2012,7.969
11/28/2012,7.9393
11/27/2012,7.8848
11/26/2012,7.9143
11/23/2012,7.9253
11/22/2012,7.8393
11/21/2012,7.8391
11/20/2012,7.824
11/19/2012,7.8211
11/16/2012,7.6929
11/15/2012,7.6619
11/14/2012,7.6809
11/13/2012,7.7672
11/12/2012,7.7886
11/9/2012,7.7885
11/8/2012,7.7884
11/7/2012,7.8735
11/6/2012,8.0164
11/5/2012,7.9785
11/2/2012,7.9581
11/1/2012,8.0186
10/31/2012,7.9482
10/30/2012,7.9531
10/29/2012,7.9542
10/26/2012,7.9507
10/25/2012,7.9229
10/24/2012,7.9047
10/23/2012,7.9317
10/22/2012,8.0229
10/19/2012,8.0097
10/18/2012,8.122
10/17/2012,8.1359
10/16/2012,8.1091
10/15/2012,8.0382
10/12/2012,7.9768
10/11/2012,7.9916
10/10/2012,7.997
10/9/2012,8.036
10/8/2012,8.1086
10/5/2012,8.1356
10/4/2012,8.1372
10/3/2012,8.1008
10/2/2012,8.0779
10/1/2012,8.0639
9/28/2012,8.1541
9/27/2012,8.1832
9/26/2012,8.1107
9/25/2012,8.1476
9/24/2012,8.2147
9/21/2012,8.2486
9/20/2012,8.2486
9/19/2012,8.2504
9/18/2012,8.2401
9/17/2012,8.2475
9/14/2012,8.2601
9/13/2012,8.2347
9/12/2012,8.1388
9/11/2012,8.117
9/10/2012,8.1023
9/7/2012,8.1489
9/6/2012,8.1185
9/5/2012,7.9856
9/4/2012,7.9999
9/3/2012,8.0087
8/31/2012,8.0206
8/30/2012,7.9896
8/29/2012,8.0451
8/28/2012,8.0415
8/27/2012,8.0454
8/24/2012,8.0478
8/23/2012,8.0048
8/22/2012,8.0587
8/21/2012,8.0547
8/20/2012,8.0815
8/17/2012,8.0854
8/16/2012,8.0739
8/15/2012,8.0257
8/14/2012,8.0206
8/13/2012,8.0224
8/10/2012,8.0344
8/9/2012,8.0216
8/8/2012,8.0213
8/7/2012,8.0193
8/6/2012,7.9763
8/3/2012,7.9643
8/2/2012,7.8478
8/1/2012,7.9017
7/31/2012,7.922
7/30/2012,7.9501
7/27/2012,7.9512
7/26/2012,7.8274
7/25/2012,7.7245
7/24/2012,7.7098
7/23/2012,7.7713
7/20/2012,7.831
7/19/2012,7.8879
7/18/2012,7.8562
7/17/2012,7.7966
7/16/2012,7.7443
7/13/2012,7.74
7/12/2012,7.6325
7/11/2012,7.6557
7/10/2012,7.6412
7/9/2012,7.6938
7/6/2012,7.6938
7/5/2012,7.7523
7/4/2012,7.7666
7/3/2012,7.767
7/2/2012,7.7114
6/29/2012,7.7226
6/28/2012,7.5577
6/27/2012,7.5689
6/26/2012,7.5137
6/25/2012,7.4819
6/22/2012,7.5776
6/21/2012,7.5357
6/20/2012,7.6767
6/19/2012,7.6896
6/18/2012,7.6333
6/15/2012,7.5965
6/14/2012,7.5338
6/13/2012,7.4661
6/12/2012,7.5112
6/11/2012,7.4438
6/8/2012,7.5129
6/7/2012,7.4633
6/6/2012,7.4579
6/5/2012,7.3189
6/4/2012,7.2873
6/1/2012,7.2773
5/31/2012,7.429
5/30/2012,7.4519
5/29/2012,7.5365
5/28/2012,7.4677
5/25/2012,7.4675
5/24/2012,7.4679
5/23/2012,7.4579
5/22/2012,7.4492
5/21/2012,7.4528
5/18/2012,7.3469
5/17/2012,7.3897
5/16/2012,7.4806
5/15/2012,7.5013
5/14/2012,7.5369
5/11/2012,7.595
5/10/2012,7.6068
5/9/2012,7.596
5/8/2012,7.6299
5/7/2012,7.6495
5/4/2012,7.6562
5/3/2012,7.7582
5/2/2012,7.8057
5/1/2012,7.8123
4/30/2012,7.7948
4/27/2012,7.8226
4/26/2012,7.8222
4/25/2012,7.7776
4/24/2012,7.6985
4/23/2012,7.6884
4/20/2012,7.7352
4/19/2012,7.7167
4/18/2012,7.7593
4/17/2012,7.7651
4/16/2012,7.6604
4/13/2012,7.6683
4/12/2012,7.7328
4/11/2012,7.6703
4/10/2012,7.6285
4/9/2012,7.7313
4/6/2012,7.8008
4/5/2012,7.8013
4/4/2012,7.8076
4/3/2012,7.8846
4/2/2012,7.911
3/30/2012,7.8668
3/29/2012,7.8451
3/28/2012,7.8478
3/27/2012,7.8914
3/26/2012,7.9025
3/23/2012,7.8169
3/22/2012,7.802
3/21/2012,7.844
3/20/2012,7.8514
3/19/2012,7.8807
3/16/2012,7.8483
3/15/2012,7.8393
3/14/2012,7.8135
3/13/2012,7.8253
3/12/2012,7.7262
3/9/2012,7.7217
3/8/2012,7.6916
3/7/2012,7.6322
3/6/2012,7.6042
3/5/2012,7.6926
3/2/2012,7.7161
3/1/2012,7.7352
2/29/2012,7.6968
2/28/2012,7.7293
2/27/2012,7.7114
2/24/2012,7.7054
2/23/2012,7.6857
2/22/2012,7.6635
2/21/2012,7.6778
2/20/2012,7.6743
2/17/2012,7.6739
2/16/2012,7.6691
2/15/2012,7.605
2/14/2012,7.6385
2/13/2012,7.6359
2/10/2012,7.5921
2/9/2012,7.6297
2/8/2012,7.6194
2/7/2012,7.6131
2/6/2012,7.5976
2/3/2012,7.5974
2/2/2012,7.514
2/1/2012,7.5104
1/31/2012,7.4707
1/30/2012,7.4761
1/27/2012,7.4807
1/26/2012,7.4926
1/25/2012,7.5188
1/24/2012,7.4833
1/23/2012,7.4831
1/20/2012,7.4844
1/19/2012,7.4847
1/18/2012,7.4559
1/17/2012,7.3896
1/16/2012,7.3496
1/13/2012,7.3451
1/12/2012,7.3739
1/11/2012,7.3574
1/10/2012,7.366
1/9/2012,7.3182
1/6/2012,7.302
1/5/2012,7.3196
1/4/2012,7.3055
1/3/2012,7.3052
1/2/2012,7.2261
12/30/2011,7.5387
12/29/2011,7.5641
12/28/2011,7.5015
12/27/2011,7.5782
12/26/2011,7.5691
12/23/2011,7.57
12/22/2011,7.5124
12/21/2011,7.4707
12/20/2011,7.4611
12/19/2011,7.2886
12/16/2011,7.3355
12/15/2011,7.3154
12/14/2011,7.2919
12/13/2011,7.3643
12/12/2011,7.4067
12/9/2011,7.4883
12/8/2011,7.3897
12/7/2011,7.5041
12/6/2011,7.5005
12/5/2011,7.4921
12/2/2011,7.4386
12/1/2011,7.4582
11/30/2011,7.4653
11/29/2011,7.2248
11/28/2011,7.2047
11/25/2011,7.0375
11/24/2011,7.0583
11/23/2011,7.058
11/22/2011,7.1824
11/21/2011,7.1986
11/18/2011,7.3034
11/17/2011,7.3109
11/16/2011,7.4064
11/15/2011,7.5026
11/14/2011,7.4706
11/11/2011,7.5204
11/10/2011,7.4016
11/9/2011,7.3486
11/8/2011,7.5647
11/7/2011,7.5003
11/4/2011,7.4598
11/3/2011,7.5006
11/2/2011,7.3943
11/1/2011,7.315
10/31/2011,7.474
10/28/2011,7.6092
10/27/2011,7.6034
10/26/2011,7.4123
10/25/2011,7.3563
10/24/2011,7.4714
10/21/2011,7.3956
10/20/2011,7.2842
10/19/2011,7.2625
10/18/2011,7.3511
10/17/2011,7.2557
10/14/2011,7.3535
10/13/2011,7.2457
10/12/2011,7.2379
10/11/2011,7.1907
10/10/2011,7.1852
10/7/2011,6.9998
10/6/2011,7.0239
10/5/2011,6.9311
10/4/2011,6.8271
10/3/2011,6.7205
9/30/2011,6.9223
9/29/2011,7.1179
9/28/2011,7.0875
9/27/2011,7.2016
9/26/2011,7.1364
9/23/2011,7.0285
9/22/2011,6.9972
9/21/2011,7.1847
9/20/2011,7.3431
9/19/2011,7.3423
9/16/2011,7.3821
9/15/2011,7.3423
9/14/2011,7.2482
9/13/2011,7.169
9/12/2011,7.1113
9/9/2011,7.0775
9/8/2011,7.2315
9/7/2011,7.2856
9/6/2011,7.1297
9/5/2011,7.1625
9/2/2011,7.1641
9/1/2011,7.2974
8/31/2011,7.3665
8/30/2011,7.3471
8/29/2011,7.3229
8/26/2011,7.1672
8/25/2011,7.0752
8/24/2011,7.1716
8/23/2011,7.109
8/22/2011,6.9151
8/19/2011,6.9022
8/18/2011,6.9831
8/17/2011,7.2396
8/16/2011,7.237
8/15/2011,7.2869
8/12/2011,7.1694
8/11/2011,7.1201
8/10/2011,6.8697
8/9/2011,7.1016
8/8/2011,6.867
8/5/2011,7.2481
8/4/2011,7.2383
8/3/2011,7.5403
8/2/2011,7.511
8/1/2011,7.6747
7/29/2011,7.7098
7/28/2011,7.7535
7/27/2011,7.7705
7/26/2011,7.9039
7/25/2011,7.934
7/22/2011,7.9703
7/21/2011,7.9633
7/20/2011,7.8894
7/19/2011,7.9231
7/18/2011,7.8136
7/15/2011,7.8557
7/14/2011,7.8104
7/13/2011,7.8531
7/12/2011,7.821
7/11/2011,7.8493
7/8/2011,7.9584
7/7/2011,7.9971
7/6/2011,7.9319
7/5/2011,7.9116
7/4/2011,7.8968
7/1/2011,7.8963
6/30/2011,7.8531
6/29/2011,7.7516
6/28/2011,7.7109
6/27/2011,7.6199
6/24/2011,7.5669
6/23/2011,7.6458
6/22/2011,7.6547
6/21/2011,7.6962
6/20/2011,7.6144
6/17/2011,7.5728
6/16/2011,7.5621
6/15/2011,7.554
6/14/2011,7.6604
6/13/2011,7.5718
6/10/2011,7.5813
6/9/2011,7.6809
6/8/2011,7.6404
6/7/2011,7.6647
6/6/2011,7.6697
6/3/2011,7.7308
6/2/2011,7.7867
6/1/2011,7.8004
5/31/2011,7.9547
5/30/2011,7.8843
5/27/2011,7.8848
5/26/2011,7.8675
5/25/2011,7.8327
5/24/2011,7.7974
5/23/2011,7.7983
5/20/2011,7.8879
5/19/2011,7.9296
5/18/2011,7.9124
5/17/2011,7.8476
5/16/2011,7.8567
5/13/2011,7.9018
5/12/2011,7.952
5/11/2011,7.9257
5/10/2011,7.9986
5/9/2011,7.9482
5/6/2011,7.9159
5/5/2011,7.8935
5/4/2011,7.9601
5/3/2011,8.0103
5/2/2011,8.051
4/29/2011,8.0871
4/28/2011,8.0753
4/27/2011,8.0624
4/26/2011,8.0263
4/25/2011,7.9628
4/22/2011,7.98
4/21/2011,7.9815
4/20/2011,7.9541
4/19/2011,7.8619
4/18/2011,7.8229
4/15/2011,7.8996
4/14/2011,7.8704
4/13/2011,7.8589
4/12/2011,7.8464
4/11/2011,7.9039
4/8/2011,7.9382
4/7/2011,7.96
4/6/2011,7.967
4/5/2011,7.9643
4/4/2011,7.9966
4/1/2011,7.9903
3/31/2011,7.9524
3/30/2011,8.1149
3/29/2011,8.0714
3/28/2011,8.0228
3/25/2011,8.0467
3/24/2011,8.0265
3/23/2011,7.9618
3/22/2011,7.9373
3/21/2011,7.9602
3/18/2011,7.8348
3/17/2011,7.8167
3/16/2011,7.7438
3/15/2011,7.8881
3/14/2011,7.9751
3/11/2011,8.0103
3/10/2011,7.9696
3/9/2011,8.0806
3/8/2011,8.0901
3/7/2011,8.066
3/4/2011,8.1269
3/3/2011,8.1689
3/2/2011,8.0563
3/1/2011,8.0371
2/28/2011,8.134
2/25/2011,8.0926
2/24/2011,8.0301
2/23/2011,8.0345
2/22/2011,8.0736
2/21/2011,8.2009
2/18/2011,8.2009
2/17/2011,8.1899
2/16/2011,8.1662
2/15/2011,8.1332
2/14/2011,8.1554
2/11/2011,8.1502
2/10/2011,8.1287
2/9/2011,8.1202
2/8/2011,8.1324
2/7/2011,8.1098
2/4/2011,8.0756
2/3/2011,8.0584
2/2/2011,8.0382
2/1/2011,8.0439
1/31/2011,7.97
1/28/2011,7.9258
1/27/2011,8.048
1/26/2011,8.0463
1/25/2011,8.0227
1/24/2011,8.03
1/21/2011,8.0002
1/20/2011,7.9951
1/19/2011,8.0184
1/18/2011,8.0889
1/17/2011,8.087
1/14/2011,8.0899
1/13/2011,8.0264
1/12/2011,8.0351
1/11/2011,7.9849
1/10/2011,7.9666
1/7/2011,7.9995
1/6/2011,8.0027
1/5/2011,8.0126
1/4/2011,7.9858
1/3/2011,8.0082
12/31/2010,8.4629
12/30/2010,8.5155
12/29/2010,8.5233
12/28/2010,8.5117
12/27/2010,8.506
12/24/2010,8.5179
12/23/2010,8.5179
12/22/2010,8.5219
12/21/2010,8.5151
12/20/2010,8.4832
12/17/2010,8.4429
12/16/2010,8.4405
12/15/2010,8.3903
12/14/2010,8.421
12/13/2010,8.3981
12/10/2010,8.3963
12/9/2010,8.3628
12/8/2010,8.3507
12/7/2010,8.3166
12/6/2010,8.3131
12/3/2010,8.3213
12/2/2010,8.3028
12/1/2010,8.2322
11/30/2010,8.0903
11/29/2010,8.1282
11/26/2010,8.1427
11/25/2010,8.192
11/24/2010,8.1921
11/23/2010,8.0952
11/22/2010,8.1888
11/19/2010,8.1827
11/18/2010,8.162
11/17/2010,8.0597
11/16/2010,8.0484
11/15/2010,8.1534
11/12/2010,8.1705
11/11/2010,8.2437
11/10/2010,8.2525
11/9/2010,8.2332
11/8/2010,8.2717
11/5/2010,8.3408
11/4/2010,8.3328
11/3/2010,8.218
11/2/2010,8.2018
11/1/2010,8.1422
10/29/2010,8.154
10/28/2010,8.1582
10/27/2010,8.1558
10/26/2010,8.1833
10/25/2010,8.1878
10/22/2010,8.1634
10/21/2010,8.1481
10/20/2010,8.1348
10/19/2010,8.0656
10/18/2010,8.1778
10/15/2010,8.149
10/14/2010,8.1159
10/13/2010,8.1058
10/12/2010,8.0497
10/11/2010,8.0365
10/8/2010,8.026
10/7/2010,7.9858
10/6/2010,7.9963
10/5/2010,7.9993
10/4/2010,7.8692
10/1/2010,7.9361
9/30/2010,7.9776
9/29/2010,8.0091
9/28/2010,8.0218
9/27/2010,7.9887
9/24/2010,8.0252
9/23/2010,7.8962
9/22/2010,7.939
9/21/2010,7.9589
9/20/2010,7.9682
9/17/2010,7.8619
9/16/2010,7.8478
9/15/2010,7.8498
9/14/2010,7.8261
9/13/2010,7.8181
9/10/2010,7.759
9/9/2010,7.7265
9/8/2010,7.7058
9/7/2010,7.6725
9/6/2010,7.7316
9/3/2010,7.7317
9/2/2010,7.6601
9/1/2010,7.6054
8/31/2010,7.4449
8/30/2010,7.454
8/27/2010,7.529
8/26/2010,7.4367
8/25/2010,7.4817
8/24/2010,7.4491
8/23/2010,7.5318
8/20/2010,7.5537
8/19/2010,7.5232
8/18/2010,7.6199
8/17/2010,7.6148
8/16/2010,7.5339
8/13/2010,7.534
8/12/2010,7.5599
8/11/2010,7.5904
8/10/2010,7.7536
8/9/2010,7.788
8/6/2010,7.7485
8/5/2010,7.7697
8/4/2010,7.7789
8/3/2010,7.7386
8/2/2010,7.7699
7/30/2010,7.6518
7/29/2010,7.6511
7/28/2010,7.697
7/27/2010,7.7421
7/26/2010,7.753
7/23/2010,7.7118
7/22/2010,7.6691
7/21/2010,7.5353
7/20/2010,7.6105
7/19/2010,7.5432
7/16/2010,7.5021
7/15/2010,7.6625
7/14/2010,7.6569
7/13/2010,7.6554
7/12/2010,7.5795
7/9/2010,7.5656
7/8/2010,7.5358
7/7/2010,7.4754
7/6/2010,7.3208
7/5/2010,7.2907
7/2/2010,7.2897
7/1/2010,7.3156
6/30/2010,7.36
6/29/2010,7.4758
6/28/2010,7.654
6/25/2010,7.6605
6/24/2010,7.6687
6/23/2010,7.7694
6/22/2010,7.7889
6/21/2010,7.8933
6/18/2010,7.903
6/17/2010,7.8999
6/16/2010,7.8907
6/15/2010,7.8924
6/14/2010,7.7434
6/11/2010,7.7423
6/10/2010,7.7143
6/9/2010,7.5147
6/8/2010,7.5467
6/7/2010,7.4934
6/4/2010,7.5637
6/3/2010,7.7723
6/2/2010,7.738
6/1/2010,7.5875
5/31/2010,7.7014
5/28/2010,7.7035
5/27/2010,7.7687
5/26/2010,7.5838
5/25/2010,7.6203
5/24/2010,7.6168
5/21/2010,7.6801
5/20/2010,7.6136
5/19/2010,7.8484
5/18/2010,7.892
5/17/2010,7.9687
5/14/2010,7.9654
5/13/2010,8.0783
5/12/2010,8.1537
5/11/2010,8.0619
5/10/2010,8.0833
5/7/2010,7.8224
5/6/2010,7.9259
5/5/2010,8.1317
5/4/2010,8.183
5/3/2010,8.345
4/30/2010,8.2843
4/29/2010,8.4005
4/28/2010,8.3343
4/27/2010,8.3114
4/26/2010,8.4739
4/23/2010,8.4925
4/22/2010,8.4521
4/21/2010,8.4491
4/20/2010,8.4611
4/19/2010,8.4122
4/16/2010,8.4031
4/15/2010,8.4846
4/14/2010,8.4743
4/13/2010,8.4468
4/12/2010,8.4402
4/9/2010,8.4313
4/8/2010,8.3867
4/7/2010,8.3704
4/6/2010,8.4154
4/5/2010,8.4128
4/2/2010,8.3598
4/1/2010,8.3608
3/31/2010,8.3244
3/30/2010,8.1874
3/29/2010,8.1854
3/26/2010,8.1329
3/25/2010,8.1348
3/24/2010,8.1481
3/23/2010,8.1942
3/22/2010,8.1542
3/19/2010,8.0995
3/18/2010,8.1294
3/17/2010,8.1316
3/16/2010,8.0911
3/15/2010,8.042
3/12/2010,8.0284
3/11/2010,8.0192
3/10/2010,7.9983
3/9/2010,7.9783
3/8/2010,7.9705
3/5/2010,7.9733
3/4/2010,7.8866
3/3/2010,7.8695
3/2/2010,7.8715
3/1/2010,7.8558
2/26/2010,7.7734
2/25/2010,7.7727
2/24/2010,7.7847
2/23/2010,7.7199
2/22/2010,7.7969
2/19/2010,7.8165
2/18/2010,7.8116
2/17/2010,7.7761
2/16/2010,7.7443
2/15/2010,7.7104
2/12/2010,7.7096
2/11/2010,7.7343
2/10/2010,7.6654
2/9/2010,7.6863
2/8/2010,7.607
2/5/2010,7.641
2/4/2010,7.6272
2/3/2010,7.8187
2/2/2010,7.8658
2/1/2010,7.7795
1/29/2010,7.7364
1/28/2010,7.8126
1/27/2010,7.9034
1/26/2010,7.8898
1/25/2010,7.9252
1/22/2010,7.8864
1/21/2010,8.0249
1/20/2010,8.1487
1/19/2010,8.2369
1/18/2010,8.1506
1/15/2010,8.1513
1/14/2010,8.2257
1/13/2010,8.2154
1/12/2010,8.1623
1/11/2010,8.209
1/8/2010,8.1953
1/7/2010,8.1663
1/6/2010,8.1687
1/5/2010,8.1712
1/4/2010,8.1761
1/1/2010,8.0834
12/31/2009,9.1434
12/30/2009,9.5451
12/29/2009,9.5463
12/28/2009,9.5603
12/25/2009,9.5534
12/24/2009,9.5533
12/23/2009,9.5167
12/22/2009,9.4928
12/21/2009,9.4661
12/18/2009,9.2356
12/17/2009,9.2075
12/16/2009,9.2878
12/15/2009,9.2742
12/14/2009,9.3001
12/11/2009,9.2474
12/10/2009,9.2271
12/9/2009,9.1806
12/8/2009,9.1522
12/7/2009,9.2312
12/4/2009,9.2379
12/3/2009,9.2119
12/2/2009,9.2585
12/1/2009,9.2531
11/30/2009,9.1604
11/27/2009,9.1638
11/26/2009,9.2779
11/25/2009,9.2766
11/24/2009,9.2376
11/23/2009,9.2376
11/20/2009,9.1411
11/19/2009,9.1671
11/18/2009,9.2575
11/17/2009,9.2689
11/16/2009,9.2671
11/13/2009,9.1634
11/12/2009,9.1137
11/11/2009,9.181
11/10/2009,9.1566
11/9/2009,9.1562
11/6/2009,9.0387
11/5/2009,9.0144
11/4/2009,8.8967
11/3/2009,8.8765
11/2/2009,8.876
10/30/2009,8.8232
10/29/2009,9.0079
10/28/2009,8.8853
10/27/2009,9.0056
10/26/2009,9.0278
10/23/2009,9.1141
10/22/2009,9.2058
10/21/2009,9.1594
10/20/2009,9.2085
10/19/2009,9.2693
10/16/2009,9.1991
10/15/2009,9.2338
10/14/2009,9.194
10/13/2009,9.0924
10/12/2009,9.1018
10/9/2009,9.0804
10/8/2009,9.0507
10/7/2009,8.9917
10/6/2009,8.9947
10/5/2009,8.9002
10/2/2009,8.8201
10/1/2009,8.8579
9/30/2009,9.0647
9/29/2009,9.7919
9/28/2009,9.802
9/25/2009,9.7069
9/24/2009,9.7598
9/23/2009,9.8278
9/22/2009,9.8929
9/21/2009,9.8616
9/18/2009,9.7414
9/17/2009,9.7265
9/16/2009,9.7382
9/15/2009,9.6455
9/14/2009,9.631
9/11/2009,9.593
9/10/2009,9.595
9/9/2009,9.4274
9/8/2009,9.3877
9/7/2009,9.3346
9/4/2009,9.3147
9/3/2009,9.2216
9/2/2009,9.1782
9/1/2009,9.2076
8/31/2009,9.3503
8/28/2009,9.4156
8/27/2009,9.4279
8/26/2009,9.4046
8/25/2009,9.398
8/24/2009,9.3939
8/21/2009,9.3852
8/20/2009,9.2624
8/19/2009,9.1997
8/18/2009,9.1462
8/17/2009,9.0922
8/14/2009,9.2384
8/13/2009,9.3078
8/12/2009,9.2772
8/11/2009,9.2081
8/10/2009,9.273
8/7/2009,9.2965
8/6/2009,9.2268
8/5/2009,8.8997
8/4/2009,8.9539
8/3/2009,8.9484
7/31/2009,8.8488
7/30/2009,8.8471
7/29/2009,8.7646
7/28/2009,8.7992
7/27/2009,8.8173
7/24/2009,8.8439
7/23/2009,8.8567
7/22/2009,8.7187
7/21/2009,8.7193
7/20/2009,8.6956
7/17/2009,8.6138
7/16/2009,8.6198
7/15/2009,8.5553
7/14/2009,8.3856
7/13/2009,8.348
7/10/2009,8.2289
7/9/2009,8.2422
7/8/2009,8.2386
7/7/2009,8.2459
7/6/2009,8.3599
7/3/2009,8.3547
7/2/2009,8.3561
7/1/2009,8.5339
6/30/2009,8.5209
6/29/2009,8.6073
6/26/2009,8.574
6/25/2009,8.5838
6/24/2009,8.4444
6/23/2009,8.405
6/22/2009,8.4155
6/19/2009,8.5635
6/18/2009,8.5573
6/17/2009,8.5175
6/16/2009,8.5044
6/15/2009,8.5855
6/12/2009,8.7429
6/11/2009,8.7365
6/10/2009,8.6985
6/9/2009,8.711
6/8/2009,8.6892
6/5/2009,8.703
6/4/2009,8.7024
6/3/2009,8.6602
6/2/2009,8.8164
6/1/2009,8.786
5/29/2009,8.6036
5/28/2009,8.5161
5/27/2009,8.4348
5/26/2009,8.535
5/25/2009,8.3897
5/22/2009,8.3893
5/21/2009,8.3924
5/20/2009,8.5134
5/19/2009,8.5276
5/18/2009,8.5202
5/15/2009,8.368
5/14/2009,8.4238
5/13/2009,8.3874
5/12/2009,8.5234
5/11/2009,8.5028
5/8/2009,8.5788
5/7/2009,8.4808
5/6/2009,8.5521
5/5/2009,8.4812
5/4/2009,8.4968
5/1/2009,8.3228
4/30/2009,8.2788
4/29/2009,8.2741
4/28/2009,8.1598
4/27/2009,8.1609
4/24/2009,8.2126
4/23/2009,8.1132
4/22/2009,8.0706
4/21/2009,8.0882
4/20/2009,8.0091
4/17/2009,8.1811
4/16/2009,8.1563
4/15/2009,8.0207
4/14/2009,7.9677
4/13/2009,8.0198
4/10/2009,8.0271
4/9/2009,8.0263
4/8/2009,7.8799
4/7/2009,7.7838
4/6/2009,7.9107
4/3/2009,7.9339
4/2/2009,7.8912
4/1/2009,7.7276
3/31/2009,7.6585
3/30/2009,7.9557
3/27/2009,8.1397
3/26/2009,8.3951
3/25/2009,8.2541
3/24/2009,8.2345
3/23/2009,8.3083
3/20/2009,7.9724
3/19/2009,8.0679
3/18/2009,8.0806
3/17/2009,8.0125
3/16/2009,7.8495
3/13/2009,7.8541
3/12/2009,7.8086
3/11/2009,7.6126
3/10/2009,7.6098
3/9/2009,7.3555
3/6/2009,7.404
3/5/2009,7.3802
3/4/2009,7.5559
3/3/2009,7.4303
3/2/2009,7.4445
2/27/2009,7.6615
2/26/2009,7.7414
2/25/2009,7.8304
2/24/2009,7.8795
2/23/2009,7.7166
2/20/2009,7.898
2/19/2009,7.9533
2/18/2009,7.984
2/17/2009,7.9832
2/16/2009,8.2037
2/13/2009,8.2015
2/12/2009,8.2289
2/11/2009,8.2029
2/10/2009,8.1752
2/9/2009,8.4044
2/6/2009,8.3847
2/5/2009,8.2026
2/4/2009,8.0856
2/3/2009,8.0975
2/2/2009,7.9625
1/30/2009,7.929
1/29/2009,8.0291
1/28/2009,8.1511
1/27/2009,8.003
1/26/2009,7.9456
1/23/2009,7.8833
1/22/2009,7.854
1/21/2009,7.8896
1/20/2009,7.6803
1/19/2009,7.8183
1/16/2009,7.8058
1/15/2009,7.7215
1/14/2009,7.6445
1/13/2009,7.7935
1/12/2009,7.7905
1/9/2009,7.8776
1/8/2009,7.909
1/7/2009,7.8782
1/6/2009,8.0112
1/5/2009,7.9615
1/2/2009,7.9606
1/1/2009,8.0658
12/31/2008,7.7452
12/30/2008,7.6671
12/29/2008,7.5605
12/26/2008,7.5876
12/25/2008,7.8075
12/24/2008,7.8066
12/23/2008,7.7731
12/22/2008,7.815
12/19/2008,7.8406
12/18/2008,7.7824
12/17/2008,7.8811
12/16/2008,7.9158
12/15/2008,7.7084
12/12/2008,7.7595
12/11/2008,7.7271
12/10/2008,7.8291
12/9/2008,7.7448
12/8/2008,7.8367
12/5/2008,7.6591
12/4/2008,7.514
12/3/2008,7.6565
12/2/2008,7.5283
12/1/2008,7.3587
11/28/2008,7.6834
11/27/2008,7.7392
11/26/2008,7.7397
11/25/2008,7.5718
11/24/2008,7.5484
11/21/2008,7.3255
11/20/2008,7.0341
11/19/2008,7.3157
11/18/2008,7.5919
11/17/2008,7.5287
11/14/2008,7.6148
11/13/2008,7.8161
11/12/2008,7.4729
11/11/2008,7.7126
11/10/2008,7.8104
11/7/2008,7.8226
11/6/2008,7.6593
11/5/2008,7.8893
11/4/2008,8.1433
11/3/2008,7.9459
10/31/2008,7.9701
10/30/2008,7.915
10/29/2008,7.7509
10/28/2008,7.7951
10/27/2008,7.2937
10/24/2008,7.4308
10/23/2008,7.5988
10/22/2008,7.4678
10/21/2008,7.7547
10/20/2008,7.9249
10/17/2008,7.665
10/16/2008,7.6716
10/15/2008,7.4328
10/14/2008,7.9033
10/13/2008,7.9881
10/10/2008,7.4436
10/9/2008,7.5414
10/8/2008,7.9002
10/7/2008,7.9526
10/6/2008,8.2222
10/3/2008,8.4236
10/2/2008,8.4713
10/1/2008,8.7171
9/30/2008,8.8067
9/29/2008,8.5795
9/26/2008,9.0453
9/25/2008,9.3678
9/24/2008,9.2303
9/23/2008,9.2342
9/22/2008,9.332
9/19/2008,9.5088
9/18/2008,9.3111
9/17/2008,9.1111
9/16/2008,9.6858
9/15/2008,9.6065
9/12/2008,9.8361
9/11/2008,9.8027
9/10/2008,10.7727
9/9/2008,10.7146
9/8/2008,10.8927
9/5/2008,10.7808
9/4/2008,10.7738
9/3/2008,10.9499
9/2/2008,10.981
9/1/2008,11.0403
8/29/2008,11.1844
8/28/2008,11.3075
8/27/2008,11.2394
8/26/2008,11.228
8/25/2008,11.2073
8/22/2008,11.3285
8/21/2008,11.272
8/20/2008,11.2358
8/19/2008,11.2017
8/18/2008,11.2373
8/15/2008,11.3168
8/14/2008,11.2916
8/13/2008,11.1689
8/12/2008,11.1486
8/11/2008,11.1744
8/8/2008,11.134
8/7/2008,10.9831
8/6/2008,11.0695
8/5/2008,11.0205
8/4/2008,10.8568
8/1/2008,10.8743
7/31/2008,10.928
7/30/2008,11.0236
7/29/2008,10.6766
7/28/2008,10.5304
7/25/2008,10.6164
7/24/2008,10.5746
7/23/2008,10.6599
7/22/2008,10.655
7/21/2008,10.5992
7/18/2008,10.602
7/17/2008,10.5623
7/16/2008,10.5564
7/15/2008,10.4916
7/14/2008,10.5389
7/11/2008,10.5657
7/10/2008,10.6207
7/9/2008,10.5563
7/8/2008,10.6795
7/7/2008,10.6143
7/4/2008,10.6575
7/3/2008,10.6578
7/2/2008,10.6277
7/1/2008,10.7559
6/30/2008,10.7487
6/27/2008,10.7595
6/26/2008,10.8823
6/25/2008,11.0694
6/24/2008,11.0256
6/23/2008,11.07
6/20/2008,10.9553
6/19/2008,11.0731
6/18/2008,11.0488
6/17/2008,11.1221
6/16/2008,11.1286
6/13/2008,11.1426
6/12/2008,11.0401
6/11/2008,11.0343
6/10/2008,11.1436
6/9/2008,11.0914
6/6/2008,11.049
6/5/2008,11.252
6/4/2008,11.1154
6/3/2008,11.1207
6/2/2008,11.159
5/30/2008,11.5944
5/29/2008,11.6333
5/28/2008,11.6112
5/27/2008,11.5617
5/26/2008,11.5106
5/23/2008,11.5134
5/22/2008,11.5954
5/21/2008,11.587
5/20/2008,11.6944
5/19/2008,11.746
5/16/2008,11.7707
5/15/2008,11.735
5/14/2008,11.6896
5/13/2008,11.662
5/12/2008,11.6379
5/9/2008,11.5285
5/8/2008,11.5686
5/7/2008,11.521
5/6/2008,11.6157
5/5/2008,11.5699
5/2/2008,11.6177
5/1/2008,11.6078
4/30/2008,11.541
4/29/2008,11.5614
4/28/2008,11.5855
4/25/2008,11.5971
4/24/2008,11.5845
4/23/2008,11.6052
4/22/2008,11.5335
4/21/2008,11.5832
4/18/2008,11.599
4/17/2008,11.4707
4/16/2008,11.4933
4/15/2008,11.3527
4/14/2008,11.3318
4/11/2008,11.3277
4/10/2008,11.4496
4/9/2008,11.3891
4/8/2008,11.4167
4/7/2008,11.4308
4/4/2008,11.4529
4/3/2008,11.4223
4/2/2008,11.4112
4/1/2008,11.4033
3/31/2008,11.2368
3/28/2008,11.3373
3/27/2008,11.4424
3/26/2008,11.5034
3/25/2008,11.5162
3/24/2008,11.4858
3/21/2008,11.2746
3/20/2008,11.262
3/19/2008,11.1712
3/18/2008,11.3961
3/17/2008,11.1866
3/14/2008,11.2383
3/13/2008,11.3446
3/12/2008,11.3013
3/11/2008,11.3327
3/10/2008,11.1264
3/7/2008,11.2088
3/6/2008,11.281
3/5/2008,11.43
3/4/2008,11.38
3/3/2008,11.3885
2/29/2008,11.4018
2/28/2008,11.5597
2/27/2008,11.58
2/26/2008,11.6087
2/25/2008,11.5553
2/22/2008,11.45
2/21/2008,11.409
2/20/2008,11.4939
2/19/2008,11.4528
2/18/2008,11.4482
2/15/2008,11.4476
2/14/2008,11.4543
2/13/2008,11.5415
2/12/2008,11.4331
2/11/2008,11.384
2/8/2008,11.2834
2/7/2008,11.2793
2/6/2008,11.2173
2/5/2008,11.2735
2/4/2008,11.4708
2/1/2008,11.5096
1/31/2008,11.4073
1/30/2008,11.3072
1/29/2008,11.3133
1/28/2008,11.2805
1/25/2008,11.1957
1/24/2008,11.278
1/23/2008,11.1923
1/22/2008,11.0991
1/21/2008,11.2268
1/18/2008,11.2249
1/17/2008,11.2709
1/16/2008,11.445
1/15/2008,11.5126
1/14/2008,11.6741
1/11/2008,11.5992
1/10/2008,11.7132
1/9/2008,11.6732
1/8/2008,11.5696
1/7/2008,11.6711
1/4/2008,11.6593
1/3/2008,11.8434
1/2/2008,11.8339
1/1/2008,11.9207
12/31/2007,12.8807
12/28/2007,13.0947
12/27/2007,13.0694
12/26/2007,13.1764
12/25/2007,13.1606
12/24/2007,13.1606
12/21/2007,13.0734
12/20/2007,12.9463
12/19/2007,12.8844
12/18/2007,12.902
12/17/2007,12.8375
12/14/2007,12.9763
12/13/2007,13.0914
12/12/2007,13.0853
12/11/2007,13.0031
12/10/2007,13.1597
12/7/2007,13.1199
12/6/2007,13.1168
12/5/2007,13.0188
12/4/2007,12.9018
12/3/2007,12.9267
11/30/2007,13.0044
11/29/2007,13.0483
11/28/2007,13.0178
11/27/2007,12.8352
11/26/2007,12.7423
11/23/2007,12.9024
11/22/2007,12.7962
11/21/2007,12.7957
11/20/2007,12.902
11/19/2007,12.8496
11/16/2007,12.9392
11/15/2007,12.8722
11/14/2007,12.9325
11/13/2007,13.0037
11/12/2007,12.8179
11/9/2007,12.9134
11/8/2007,13.0789
11/7/2007,13.0812
11/6/2007,13.283
11/5/2007,13.1965
11/2/2007,13.2164
11/1/2007,13.1833
10/31/2007,13.3848
10/30/2007,13.2706
10/29/2007,13.3215
10/26/2007,13.2967
10/25/2007,13.2211
10/24/2007,13.2128
10/23/2007,13.2076
10/22/2007,13.1189
10/19/2007,13.1195
10/18/2007,13.3402
10/17/2007,13.3124
10/16/2007,13.2905
10/15/2007,13.3169
10/12/2007,13.3564
10/11/2007,13.3018
10/10/2007,13.3607
10/9/2007,13.3188
10/8/2007,13.2553
10/5/2007,13.2841
10/4/2007,13.2088
10/3/2007,13.179
10/2/2007,13.2073
10/1/2007,13.2262
9/28/2007,13.1667
9/27/2007,13.1861
9/26/2007,13.1742
9/25/2007,13.1534
9/24/2007,13.1522
9/21/2007,13.1707
9/20/2007,13.1113
9/19/2007,13.1421
9/18/2007,13.0911
9/17/2007,12.8909
9/14/2007,12.9233
9/13/2007,12.9226
9/12/2007,12.8701
9/11/2007,12.8628
9/10/2007,12.7519
9/7/2007,12.7702
9/6/2007,12.9122
9/5/2007,12.8615
9/4/2007,12.9536
9/3/2007,12.8843
8/31/2007,12.9041
8/30/2007,12.8479
8/29/2007,12.8651
8/28/2007,12.6842
8/27/2007,12.8529
8/24/2007,12.9053
8/23/2007,12.8014
8/22/2007,12.7539
8/21/2007,12.6549
8/20/2007,12.651
8/17/2007,12.6309
8/16/2007,12.4716
8/15/2007,12.5147
8/14/2007,12.6287
8/13/2007,12.7587
8/10/2007,12.7399
8/9/2007,12.7447
8/8/2007,12.9581
8/7/2007,12.8679
8/6/2007,12.83
8/3/2007,12.678
8/2/2007,12.8588
8/1/2007,12.8164
7/31/2007,12.7809
7/30/2007,12.872
7/27/2007,12.8226
7/26/2007,12.9704
7/25/2007,13.1757
7/24/2007,13.1406
7/23/2007,13.2929
7/20/2007,13.2473
7/19/2007,13.3304
7/18/2007,13.271
7/17/2007,13.2512
7/16/2007,13.2538
7/13/2007,13.242
7/12/2007,13.2053
7/11/2007,13.0441
7/10/2007,12.9991
7/9/2007,13.1056
7/6/2007,13.0896
7/5/2007,13.0582
7/4/2007,13.0376
7/3/2007,13.0423
7/2/2007,13.0088
6/29/2007,12.8694
6/28/2007,12.8132
6/27/2007,12.8242
6/26/2007,12.745
6/25/2007,12.7668
6/22/2007,12.789
6/21/2007,12.8842
6/20/2007,12.8321
6/19/2007,12.9278
6/18/2007,12.9137
6/15/2007,12.9335
6/14/2007,12.8675
6/13/2007,12.8118
6/12/2007,12.6883
6/11/2007,12.7701
6/8/2007,12.7708
6/7/2007,12.6844
6/6/2007,12.8277
6/5/2007,12.9103
6/4/2007,12.9546
6/1/2007,12.9269
5/31/2007,12.9233
5/30/2007,12.8314
5/29/2007,12.7566
5/28/2007,12.7571
5/25/2007,12.7579
5/24/2007,12.6744
5/23/2007,12.7547
5/22/2007,12.7618
5/21/2007,12.8255
5/18/2007,12.8005
5/17/2007,12.7327
5/16/2007,12.7545
5/15/2007,12.714
5/14/2007,12.682
5/11/2007,12.7456
5/10/2007,12.6591
5/9/2007,12.7756
5/8/2007,12.7645
5/7/2007,12.7732
5/4/2007,12.7514
5/3/2007,12.7472
5/2/2007,12.7088
5/1/2007,12.6677
4/30/2007,12.6631
4/27/2007,12.7628
4/26/2007,12.7769
4/25/2007,12.7747
4/24/2007,12.7075
4/23/2007,12.7097
4/20/2007,12.6991
4/19/2007,12.5907
4/18/2007,12.5931
4/17/2007,12.6134
4/16/2007,12.6288
4/13/2007,12.6059
4/12/2007,12.5763
4/11/2007,12.3942
4/10/2007,12.4344
4/9/2007,12.4152
4/6/2007,12.4013
4/5/2007,12.4004
4/4/2007,12.4108
4/3/2007,12.391
4/2/2007,12.3077
3/30/2007,11.7909
3/29/2007,11.7395
3/28/2007,11.7194
3/27/2007,11.746
3/26/2007,11.7895
3/23/2007,11.7733
3/22/2007,11.7838
3/21/2007,11.7597
3/20/2007,11.6419
3/19/2007,11.5882
3/16/2007,11.506
3/15/2007,11.5269
3/14/2007,11.5174
3/13/2007,11.4704
3/12/2007,11.5982
3/9/2007,11.5669
3/8/2007,11.564
3/7/2007,11.5218
3/6/2007,11.5313
3/5/2007,11.4244
3/2/2007,11.4775
3/1/2007,11.5636
2/28/2007,11.5975
2/27/2007,11.461
2/26/2007,11.7257
2/23/2007,11.7234
2/22/2007,11.6916
2/21/2007,11.7049
2/20/2007,11.7128
2/19/2007,11.6926
2/16/2007,11.694
2/15/2007,11.7055
2/14/2007,11.6926
2/13/2007,11.6341
2/12/2007,11.581
2/9/2007,11.6068
2/8/2007,11.6459
2/7/2007,11.6606
2/6/2007,11.6533
2/5/2007,11.6566
2/2/2007,11.6691
2/1/2007,11.648
1/31/2007,11.6668
1/30/2007,11.6062
1/29/2007,11.5546
1/26/2007,11.5485
1/25/2007,11.6133
1/24/2007,11.7339
1/23/2007,11.622
1/22/2007,11.5483
1/19/2007,11.5969
1/18/2007,11.5778
1/17/2007,11.602
1/16/2007,11.5992
1/15/2007,11.5922
1/12/2007,11.5916
1/11/2007,11.5451
1/10/2007,11.4897
1/9/2007,11.4893
1/8/2007,11.4769
1/5/2007,11.4855
1/4/2007,11.5278
1/3/2007,11.5747
1/2/2007,11.5469
1/1/2007,11.5528
12/29/2006,12.0088
12/28/2006,12.0183
12/27/2006,12.0245
12/26/2006,11.9702
12/25/2006,11.942
12/22/2006,11.9414
12/21/2006,11.9907
12/20/2006,12.0198
12/19/2006,12.0403
12/18/2006,12.021
12/15/2006,12.0511
12/14/2006,12.0532
12/13/2006,11.9922
12/12/2006,11.982
12/11/2006,12.035
12/8/2006,12.0284
12/7/2006,12.0202
12/6/2006,12.0589
12/5/2006,12.074
12/4/2006,12.0442
12/1/2006,11.9794
11/30/2006,11.9835
11/29/2006,12.0931
11/28/2006,12.0069
11/27/2006,11.9646
11/24/2006,12.071
11/23/2006,12.0701
11/22/2006,12.0697
11/21/2006,12.0812
11/20/2006,12.049
11/17/2006,12.0421
11/16/2006,12.0161
11/15/2006,12.0063
11/14/2006,11.9786
11/13/2006,11.9154
11/10/2006,11.8754
11/9/2006,11.8726
11/8/2006,11.9122
11/7/2006,11.9045
11/6/2006,11.894
11/3/2006,11.8268
11/2/2006,11.8412
11/1/2006,11.8354
10/31/2006,11.8953
10/30/2006,11.8849
10/27/2006,11.8882
10/26/2006,11.949
10/25/2006,11.9321
10/24/2006,11.8959
10/23/2006,11.8957
10/20/2006,11.8531
10/19/2006,11.837
10/18/2006,11.7876
10/17/2006,11.7638
10/16/2006,11.7893
10/13/2006,11.7819
10/12/2006,11.7623
10/11/2006,11.6799
10/10/2006,11.6961
10/9/2006,11.6737
10/6/2006,11.6722
10/5/2006,11.6952
10/4/2006,11.6715
10/3/2006,11.5731
10/2/2006,11.5702
9/29/2006,11.5566
9/28/2006,11.5634
9/27/2006,11.533
9/26/2006,11.5157
9/25/2006,11.4487
9/22/2006,11.3899
9/21/2006,11.4093
9/20/2006,11.4505
9/19/2006,11.4166
9/18/2006,11.4423
9/15/2006,11.3938
9/14/2006,11.368
9/13/2006,11.3365
9/12/2006,11.3139
9/11/2006,11.2426
9/8/2006,11.2304
9/7/2006,11.204
9/6/2006,11.2364
9/5/2006,11.3698
9/4/2006,11.3557
9/1/2006,11.3537
8/31/2006,11.3216
8/30/2006,11.3137
8/29/2006,11.3154
8/28/2006,11.2893
8/25/2006,11.256
8/24/2006,11.2625
8/23/2006,11.2548
8/22/2006,11.2967
8/21/2006,11.2833
8/18/2006,11.2984
8/17/2006,11.2694
8/16/2006,11.2582
8/15/2006,11.1962
8/14/2006,11.106
8/11/2006,11.0966
8/10/2006,11.1196
8/9/2006,11.0869
8/8/2006,11.0942
8/7/2006,11.1173
8/4/2006,11.1556
8/3/2006,11.1735
8/2/2006,11.1682
8/1/2006,11.1074
7/31/2006,11.1254
7/28/2006,11.1314
7/27/2006,11.0539
7/26/2006,11.1157
7/25/2006,11.1099
7/24/2006,11.0738
7/21/2006,10.9473
7/20/2006,10.9976
7/19/2006,11.07
7/18/2006,10.9536
7/17/2006,10.9444
7/14/2006,10.9644
7/13/2006,11.0127
7/12/2006,11.1046
7/11/2006,11.1772
7/10/2006,11.1441
7/7/2006,11.1378
7/6/2006,11.2011
7/5/2006,11.1774
7/4/2006,11.2308
7/3/2006,11.2306
6/30/2006,11.7508
6/29/2006,11.7389
6/28/2006,11.5844
6/27/2006,11.5439
6/26/2006,11.6187
6/23/2006,11.594
6/22/2006,11.587
6/21/2006,11.6328
6/20/2006,11.5588
6/19/2006,11.5594
6/16/2006,11.6029
6/15/2006,11.629
6/14/2006,11.4768
6/13/2006,11.4135
6/12/2006,11.4684
6/9/2006,11.5691
6/8/2006,11.6094
6/7/2006,11.6101
6/6/2006,11.6699
6/5/2006,11.6649
6/2/2006,11.8047
6/1/2006,11.7872
5/31/2006,11.7115
5/30/2006,11.5968
5/29/2006,11.7213
5/26/2006,11.7196
5/25/2006,11.6577
5/24/2006,11.5951
5/23/2006,11.5824
5/22/2006,11.6135
5/19/2006,11.6477
5/18/2006,11.6162
5/17/2006,11.6819
5/16/2006,11.8055
5/15/2006,11.8207
5/12/2006,11.8094
5/11/2006,11.9056
5/10/2006,12.0061
5/9/2006,12.0061
5/8/2006,12.0026
5/5/2006,12.0004
5/4/2006,11.9255
5/3/2006,11.906
5/2/2006,11.8811
5/1/2006,11.8524
4/28/2006,11.8682
4/27/2006,11.8887
4/26/2006,11.9239
4/25/2006,11.9325
4/24/2006,11.986
4/21/2006,11.9809
4/20/2006,11.9781
4/19/2006,11.9661
4/18/2006,11.9499
4/17/2006,11.7647
4/14/2006,11.8194
4/13/2006,11.8196
4/12/2006,11.8179
4/11/2006,11.8054
4/10/2006,11.8931
4/7/2006,11.908
4/6/2006,11.9716
4/5/2006,11.961
4/4/2006,11.3873
4/3/2006,11.363
3/31/2006,11.3037
3/30/2006,11.3369
3/29/2006,11.3426
3/28/2006,11.2792
3/27/2006,11.3216
3/24/2006,11.3281
3/23/2006,11.3164
3/22/2006,11.3103
3/21/2006,11.2405
3/20/2006,11.2772
3/17/2006,11.2832
3/16/2006,11.2813
3/15/2006,11.2705
3/14/2006,11.2449
3/13/2006,11.1734
3/10/2006,11.1552
3/9/2006,11.1012
3/8/2006,11.1348
3/7/2006,11.1171
3/6/2006,11.1753
3/3/2006,11.2348
3/2/2006,11.2703
3/1/2006,11.2795
2/28/2006,11.2229
2/27/2006,11.0559
2/24/2006,11.0219
2/23/2006,11.0566
2/22/2006,11.0767
2/21/2006,11.0447
2/20/2006,11.0716
2/17/2006,11.0724
2/16/2006,11.087
2/15/2006,11.0407
2/14/2006,11.0178
2/13/2006,10.9545
2/10/2006,10.9735
2/9/2006,10.9449
2/8/2006,10.9683
2/7/2006,10.9054
2/6/2006,10.9761
2/3/2006,10.9743
2/2/2006,11.0168
2/1/2006,11.1329
1/31/2006,11.1911
1/30/2006,11.2509
1/27/2006,11.226
1/26/2006,11.1987
1/25/2006,11.177
1/24/2006,11.1966
1/23/2006,11.1227
1/20/2006,11.1126
1/19/2006,11.2471
1/18/2006,11.1801
1/17/2006,11.1778
1/16/2006,11.7919
1/13/2006,11.7868
1/12/2006,11.7768
1/11/2006,11.823
1/10/2006,11.7924
1/9/2006,11.7945
1/6/2006,11.7648
1/5/2006,11.6928
1/4/2006,11.7017
1/3/2006,11.6628
1/2/2006,11.5755
12/30/2005,12.3006
12/29/2005,12.3245
12/28/2005,12.348
12/27/2005,12.3567
12/26/2005,12.4412
12/23/2005,12.4425
12/22/2005,12.4424
12/21/2005,12.4258
12/20/2005,12.4121
12/19/2005,12.4111
12/16/2005,12.4628
12/15/2005,12.5395
12/14/2005,12.5728
12/13/2005,12.524
12/12/2005,12.4743
12/9/2005,12.4457
12/8/2005,12.4505
12/7/2005,12.456
12/6/2005,12.4811
12/5/2005,12.4554
12/2/2005,12.4877
12/1/2005,12.3371
11/30/2005,12.2278
11/29/2005,12.3841
11/28/2005,12.3859
11/25/2005,12.5144
11/24/2005,12.4625
11/23/2005,12.4623
11/22/2005,12.3693
11/21/2005,12.3455
11/18/2005,12.2239
11/17/2005,12.1944
11/16/2005,12.1147
11/15/2005,12.0758
11/14/2005,12.1265
11/11/2005,12.1147
11/10/2005,12.0945
11/9/2005,12.0718
11/8/2005,12.0438
11/7/2005,12.0564
11/4/2005,12.1168
11/3/2005,12.1557
11/2/2005,12.1477
11/1/2005,12.1017
10/31/2005,12.1562
10/28/2005,11.9502
10/27/2005,11.9442
10/26/2005,12.0551
10/25/2005,12.2455
10/24/2005,12.2455
10/21/2005,12.0996
10/20/2005,12.0572
10/19/2005,12.2345
10/18/2005,12.2983
10/17/2005,12.3996
10/14/2005,12.3924
10/13/2005,12.3527
10/12/2005,12.255
10/11/2005,12.4549
10/10/2005,12.4723
10/7/2005,12.5202
10/6/2005,12.4637
10/5/2005,12.5318
10/4/2005,12.7451
10/3/2005,12.8513
9/30/2005,12.884
9/29/2005,12.4414
9/28/2005,12.386
9/27/2005,12.3685
9/26/2005,12.3653
9/23/2005,12.3538
9/22/2005,12.3942
9/21/2005,12.3665
9/20/2005,12.4244
9/19/2005,12.4926
9/16/2005,12.484
9/15/2005,12.4409
9/14/2005,12.4419
9/13/2005,12.4748
9/12/2005,12.8099
9/9/2005,12.8447
9/8/2005,12.8683
9/7/2005,12.64
9/6/2005,12.6381
9/5/2005,12.5821
9/2/2005,12.5833
9/1/2005,12.6499
8/31/2005,12.7713
