Security,SPUSERPT Index                                                  
Start Date,5/18/1998 0:00
End Date,5/18/2021 0:00
Period,D
Currency,USD

Date,PX_LAST
5/18/2021,147.26
5/17/2021,148.41
5/14/2021,148.79
5/13/2021,147.15
5/12/2021,145.97
5/11/2021,147.83
5/10/2021,148.59
5/7/2021,149.66
5/6/2021,147.95
5/5/2021,147.2
5/4/2021,147.26
5/3/2021,148.59
4/30/2021,148.54
4/29/2021,149.63
4/28/2021,148.37
4/27/2021,148.53
4/26/2021,147.61
4/23/2021,147.48
4/22/2021,145.79
4/21/2021,147.39
4/20/2021,146
4/19/2021,147.65
4/16/2021,147.92
4/15/2021,146.51
4/14/2021,146.91
4/13/2021,147.18
4/12/2021,147.55
4/9/2021,147.32
4/8/2021,145.97
4/7/2021,145.67
4/6/2021,145.31
4/5/2021,146.33
4/1/2021,143.68
3/31/2021,143.65
3/30/2021,142.54
3/29/2021,143.17
3/26/2021,142.3
3/25/2021,139.36
3/24/2021,138.6
3/23/2021,139.81
3/22/2021,141.73
3/19/2021,141.7
3/18/2021,142.01
3/17/2021,143.02
3/16/2021,142
3/15/2021,141.95
3/12/2021,141.54
3/11/2021,139.28
3/10/2021,137.64
3/9/2021,137.14
3/8/2021,136.11
3/5/2021,136.41
3/4/2021,133.9
3/3/2021,134.49
3/2/2021,135.47
3/1/2021,136.81
2/26/2021,133.64
2/25/2021,135.16
2/24/2021,136.93
2/23/2021,134.88
2/22/2021,134.55
2/19/2021,134.97
2/18/2021,134.05
2/17/2021,134.76
2/16/2021,135.01
2/12/2021,133.46
2/11/2021,131.96
2/10/2021,131.43
2/9/2021,131.84
2/8/2021,131.92
2/5/2021,131.3
2/4/2021,130.19
2/3/2021,128.52
2/2/2021,127.89
2/1/2021,125.72
1/29/2021,123.91
1/28/2021,125.74
1/27/2021,123.95
1/26/2021,127.63
1/25/2021,127.76
1/22/2021,128.11
1/21/2021,128.84
1/20/2021,128.38
1/19/2021,126.58
1/15/2021,125.75
1/14/2021,127.18
1/13/2021,126.73
1/12/2021,127.32
1/11/2021,127.11
1/8/2021,127.66
1/7/2021,126.57
1/6/2021,124.38
1/5/2021,122.03
1/4/2021,120.46
12/31/2020,122.19
12/30/2020,121.63
12/29/2020,121.63
12/28/2020,121.81
12/24/2020,120.74
12/23/2020,120.78
12/22/2020,119.97
12/21/2020,120.71
12/18/2020,121.56
12/17/2020,121.4
12/16/2020,120.58
12/15/2020,120.38
12/14/2020,118.32
12/11/2020,118.78
12/10/2020,119.14
12/9/2020,119.97
12/8/2020,120.52
12/7/2020,120.52
12/4/2020,121.37
12/3/2020,119.44
12/2/2020,120.03
12/1/2020,119.46
11/30/2020,116.76
11/27/2020,117.1
11/25/2020,117.5
11/24/2020,117.62
11/23/2020,115.41
11/20/2020,114.32
11/19/2020,115.69
11/18/2020,115.69
11/17/2020,117.02
11/16/2020,118
11/13/2020,116.48
11/12/2020,114.8
11/11/2020,117.08
11/10/2020,116.64
11/9/2020,116.61
11/6/2020,113.17
11/5/2020,112.64
11/4/2020,110.34
11/3/2020,109.47
11/2/2020,107.05
10/30/2020,106.06
10/29/2020,107.04
10/28/2020,105.08
10/27/2020,108.89
10/26/2020,109.54
10/23/2020,112.08
10/22/2020,112.16
10/21/2020,111.14
10/20/2020,110.87
10/19/2020,109.93
10/16/2020,110.94
10/15/2020,111.15
10/14/2020,111.24
10/13/2020,112.12
10/12/2020,113.55
10/9/2020,111.85
10/8/2020,110.6
10/7/2020,109.95
10/6/2020,107.6
10/5/2020,109.17
10/2/2020,106.43
10/1/2020,107.07
9/30/2020,106.61
9/29/2020,105.47
9/28/2020,106.09
9/25/2020,104.11
9/24/2020,102.59
9/23/2020,102.67
9/22/2020,104.69
9/21/2020,104.02
9/18/2020,105.65
9/17/2020,106.47
9/16/2020,107.53
9/15/2020,107.85
9/14/2020,107.01
9/11/2020,105.51
9/10/2020,105.93
9/9/2020,108.16
9/8/2020,105.77
9/4/2020,108.94
9/3/2020,108.8
9/2/2020,112.93
9/1/2020,111.83
8/31/2020,111.33
8/28/2020,112.11
8/27/2020,111.51
8/26/2020,110.26
8/25/2020,108.85
8/24/2020,107.82
8/21/2020,106.63
8/20/2020,106.41
8/19/2020,106.7
8/18/2020,106.92
8/17/2020,106.97
8/14/2020,106.69
8/13/2020,106.91
8/12/2020,106.4
8/11/2020,104.94
8/10/2020,104.41
8/7/2020,103.98
8/6/2020,103.59
8/5/2020,102.8
8/4/2020,101.92
8/3/2020,102.23
7/31/2020,101.08
7/30/2020,100.6
7/29/2020,101.3
7/28/2020,99.98
7/27/2020,101.02
7/24/2020,99.9
7/23/2020,100.63
7/22/2020,102.08
7/21/2020,101.83
7/20/2020,101.8
7/17/2020,100.97
7/16/2020,100.08
7/15/2020,101.15
7/14/2020,99.71
7/13/2020,98.97
7/10/2020,99.81
7/9/2020,98.33
7/8/2020,99.84
7/7/2020,98.95
7/6/2020,100.66
7/2/2020,99.13
7/1/2020,98.39
6/30/2020,97.74
6/29/2020,96.15
6/26/2020,94.83
6/25/2020,97.33
6/24/2020,96.83
6/23/2020,99.57
6/22/2020,99.13
6/19/2020,97.5
6/18/2020,98.65
6/17/2020,99.63
6/16/2020,100.28
6/15/2020,97.59
6/12/2020,96.44
6/11/2020,95.05
6/10/2020,102.09
6/9/2020,103.67
6/8/2020,105.26
6/5/2020,104.16
6/4/2020,100.82
6/3/2020,100.19
6/2/2020,97.88
6/1/2020,96.93
5/29/2020,96.21
5/28/2020,96.8
5/27/2020,96.26
5/26/2020,95.23
5/22/2020,93.25
5/21/2020,93.02
5/20/2020,94.07
5/19/2020,93
5/18/2020,94.18
5/15/2020,89.61
5/14/2020,89.29
5/13/2020,88.69
5/12/2020,90.36
5/11/2020,93.29
5/8/2020,92.86
5/7/2020,90.62
5/6/2020,90.35
5/5/2020,90.35
5/4/2020,89.09
5/1/2020,89.01
4/30/2020,91.36
4/29/2020,92.4
4/28/2020,89.85
4/27/2020,90.55
4/24/2020,88.61
4/23/2020,87.37
4/22/2020,87.82
4/21/2020,85.46
4/20/2020,88.54
4/17/2020,90.99
4/16/2020,87.66
4/15/2020,87.67
4/14/2020,91.33
4/13/2020,88.43
4/9/2020,88.73
4/8/2020,87.57
4/7/2020,84.17
4/6/2020,83.63
4/3/2020,77.71
4/2/2020,79.22
4/1/2020,77.23
3/31/2020,82.07
3/30/2020,82.62
3/27/2020,80.58
3/26/2020,83.72
3/25/2020,79.35
3/24/2020,77.95
3/23/2020,70.7
3/20/2020,74.48
3/19/2020,79.35
3/18/2020,82.05
3/17/2020,82.15
3/16/2020,76.46
3/13/2020,87.76
3/12/2020,79.42
3/11/2020,87.32
3/10/2020,91.82
3/9/2020,85.39
3/6/2020,95.48
3/5/2020,100.7
3/4/2020,104.97
3/3/2020,101.06
3/2/2020,103.93
2/28/2020,100.53
2/27/2020,102.43
2/26/2020,107.99
2/25/2020,109.03
2/24/2020,112.96
2/21/2020,118.2
2/20/2020,120.74
2/19/2020,121.38
2/18/2020,120.59
2/14/2020,121.56
2/13/2020,121.82
2/12/2020,122.07
2/11/2020,120.66
2/10/2020,119.98
2/7/2020,119.4
2/6/2020,121.02
2/5/2020,120.83
2/4/2020,118.84
2/3/2020,115.71
1/31/2020,115.11
1/30/2020,117.91
1/29/2020,117.76
1/28/2020,118.65
1/27/2020,116.73
1/24/2020,119.73
1/23/2020,121.73
1/22/2020,122.07
1/21/2020,122.22
1/17/2020,123.43
1/16/2020,122.49
1/15/2020,121.33
1/14/2020,121.57
1/13/2020,122.14
1/10/2020,120.91
1/9/2020,121.96
1/8/2020,121.7
1/7/2020,119.99
1/6/2020,119.95
1/3/2020,119.31
1/2/2020,121.49
12/31/2019,120.97
12/30/2019,120.42
12/27/2019,120.42
12/26/2019,121.01
12/24/2019,120.38
12/23/2019,120.81
12/20/2019,120.45
12/19/2019,119.9
12/18/2019,119.62
12/17/2019,118.88
12/16/2019,118.97
12/13/2019,117.08
12/12/2019,118.01
12/11/2019,115.54
12/10/2019,115.89
12/9/2019,115.9
12/6/2019,116.57
12/5/2019,115
12/4/2019,114.47
12/3/2019,112.77
12/2/2019,115.6
11/29/2019,115.53
11/27/2019,115.64
11/26/2019,114.91
11/25/2019,114.89
11/22/2019,114.23
11/21/2019,114.06
11/20/2019,113.81
11/19/2019,114.86
11/18/2019,115.38
11/15/2019,115.58
11/14/2019,114.54
11/13/2019,115.23
11/12/2019,115.56
11/11/2019,115.75
11/8/2019,115.92
11/7/2019,115.56
11/6/2019,113.52
11/5/2019,114.17
11/4/2019,113.18
11/1/2019,111.9
10/31/2019,110.38
10/30/2019,112.07
10/29/2019,112.26
10/28/2019,112.56
10/25/2019,111.2
10/24/2019,110.19
10/23/2019,110.16
10/22/2019,109.76
10/21/2019,110.63
10/18/2019,109.42
10/17/2019,109.79
10/16/2019,109.48
10/15/2019,109.94
10/14/2019,107.97
10/11/2019,108.61
10/10/2019,106.34
10/9/2019,104.71
10/8/2019,103.13
10/7/2019,104.83
10/4/2019,104.92
10/3/2019,103.89
10/2/2019,103.45
10/1/2019,105.92
9/30/2019,107.63
9/27/2019,107.06
9/26/2019,107.68
9/25/2019,108.6
9/24/2019,106.79
9/23/2019,108.75
9/20/2019,108.99
9/19/2019,109.91
9/18/2019,110.18
9/17/2019,110.66
9/16/2019,110.72
9/13/2019,111.91
9/12/2019,110.59
9/11/2019,109.46
9/10/2019,108.24
9/9/2019,107.24
9/6/2019,106.32
9/5/2019,106.41
9/4/2019,103.93
9/3/2019,102.79
8/30/2019,103.85
8/29/2019,103.91
8/28/2019,102.06
8/27/2019,101.45
8/26/2019,102.95
8/23/2019,101.68
8/22/2019,104.99
8/21/2019,104.78
8/20/2019,103.55
8/19/2019,104.94
8/16/2019,102.96
8/15/2019,101.33
8/14/2019,101.54
8/13/2019,106.12
8/12/2019,103.93
8/9/2019,106.79
8/8/2019,107.33
8/7/2019,104.74
8/6/2019,105.37
8/5/2019,103.86
8/2/2019,109.11
8/1/2019,110.47
7/31/2019,113.13
7/30/2019,114.99
7/29/2019,115.23
7/26/2019,115.65
7/25/2019,114.97
7/24/2019,115.17
7/23/2019,115.04
7/22/2019,113.83
7/19/2019,113.49
7/18/2019,114.1
7/17/2019,113.78
7/16/2019,115.46
7/15/2019,115.52
7/12/2019,115.69
7/11/2019,115.38
7/10/2019,114.3
7/9/2019,113.38
7/8/2019,113.01
7/5/2019,113.77
7/3/2019,112.91
7/2/2019,112.52
7/1/2019,112.87
6/28/2019,111.53
6/27/2019,110.93
6/26/2019,110.97
6/25/2019,110.45
6/24/2019,111.94
6/21/2019,112.45
6/20/2019,112
6/19/2019,111.19
6/18/2019,111.22
6/17/2019,110.34
6/14/2019,110.46
6/13/2019,110.67
6/12/2019,110.62
6/11/2019,110.85
6/10/2019,111.02
6/7/2019,109.7
6/6/2019,109.28
6/5/2019,108.67
6/4/2019,107.59
6/3/2019,104.85
5/31/2019,105.55
5/30/2019,107.92
5/29/2019,107.73
5/28/2019,109.21
5/24/2019,111.01
5/23/2019,110.19
5/22/2019,112.98
5/21/2019,113.71
5/20/2019,112.69
5/17/2019,113.14
5/16/2019,113.98
5/15/2019,112.72
5/14/2019,112.6
5/13/2019,111.11
5/10/2019,114.9
5/9/2019,114.3
5/8/2019,115.24
5/7/2019,114.96
5/6/2019,117.37
5/3/2019,118.29
5/2/2019,117.43
5/1/2019,117.12
4/30/2019,118.24
4/29/2019,118.41
4/26/2019,117.83
4/25/2019,117.56
4/24/2019,117.58
4/23/2019,118.55
4/22/2019,117.73
4/18/2019,117.1
4/17/2019,117.14
4/16/2019,117.55
4/15/2019,116.89
4/12/2019,117.11
4/11/2019,115.64
4/10/2019,115.35
4/9/2019,115.03
4/8/2019,115.95
4/5/2019,115.59
4/4/2019,115.25
4/3/2019,115.27
4/2/2019,114.13
4/1/2019,114.33
3/29/2019,111.95
3/28/2019,111
3/27/2019,110.56
3/26/2019,111.77
3/25/2019,111.2
3/22/2019,111.68
3/21/2019,114.85
3/20/2019,113.53
3/19/2019,114.85
3/18/2019,114.73
3/15/2019,114.22
3/14/2019,114.04
3/13/2019,113.84
3/12/2019,112.72
3/11/2019,112.99
3/8/2019,111.21
3/7/2019,111.46
3/6/2019,113.04
3/5/2019,114.22
3/4/2019,114.21
3/1/2019,115.22
2/28/2019,113.87
2/27/2019,113.94
2/26/2019,112.8
2/25/2019,113.55
2/22/2019,113.08
2/21/2019,112.86
2/20/2019,112.75
2/19/2019,112.21
2/15/2019,112.33
2/14/2019,111.01
2/13/2019,111.82
2/12/2019,111.46
2/11/2019,109.67
2/8/2019,109.19
2/7/2019,109.38
2/6/2019,111.05
2/5/2019,111.08
2/4/2019,111.01
2/1/2019,109.78
1/31/2019,109.22
1/30/2019,109.07
1/29/2019,107.37
1/28/2019,107.85
1/25/2019,108.71
1/24/2019,107
1/23/2019,107.77
1/22/2019,107.18
1/18/2019,109.43
1/17/2019,107.58
1/16/2019,106.56
1/15/2019,106.07
1/14/2019,105.05
1/11/2019,105.37
1/10/2019,105.66
1/9/2019,104.98
1/8/2019,104.24
1/7/2019,103.01
1/4/2019,101.96
1/3/2019,97.46
1/2/2019,101.32
12/31/2018,101.59
12/28/2018,101.11
12/27/2018,101.47
12/26/2018,101.03
12/24/2018,95.31
12/21/2018,98.65
12/20/2018,101.61
12/19/2018,102.2
12/18/2018,104.41
12/17/2018,105.62
12/14/2018,108.04
12/13/2018,110.06
12/12/2018,110.12
12/11/2018,109.27
12/10/2018,109.12
12/7/2018,108.93
12/6/2018,111.32
12/5/2018,112.57
12/4/2018,112.57
12/3/2018,117.67
11/30/2018,116.8
11/29/2018,116.53
11/28/2018,116.57
11/27/2018,114.12
11/26/2018,113.64
11/23/2018,111.72
11/21/2018,112.61
11/20/2018,112.12
11/19/2018,114.71
11/16/2018,116.86
11/15/2018,117.15
11/14/2018,115.52
11/13/2018,117
11/12/2018,117.11
11/9/2018,119.78
11/8/2018,121.7
11/7/2018,121.86
11/6/2018,119.31
11/5/2018,118.35
11/2/2018,118.02
11/1/2018,117.51
10/31/2018,116.61
10/30/2018,114.85
10/29/2018,112.71
10/26/2018,113.72
10/25/2018,115.11
10/24/2018,114.03
10/23/2018,118.05
10/22/2018,118.81
10/19/2018,119.34
10/18/2018,119.19
10/17/2018,121.05
10/16/2018,120.8
10/15/2018,118.03
10/12/2018,118.47
10/11/2018,117.37
10/10/2018,120.3
10/9/2018,124.49
10/8/2018,125.35
10/5/2018,125.11
10/4/2018,125.13
10/3/2018,125.6
10/2/2018,123.7
10/1/2018,124.23
9/28/2018,123.28
9/27/2018,123.18
9/26/2018,122.92
9/25/2018,123.99
9/24/2018,123.75
9/21/2018,123.99
9/20/2018,123.27
9/19/2018,123.57
9/18/2018,122.8
9/17/2018,121.27
9/14/2018,121.79
9/13/2018,121.21
9/12/2018,120.59
9/11/2018,120.9
9/10/2018,119.86
9/7/2018,119.75
9/6/2018,119.03
9/5/2018,119.83
9/4/2018,120.24
8/31/2018,119.46
8/30/2018,119.45
8/29/2018,120.28
8/28/2018,119.77
8/27/2018,119.16
8/24/2018,117.87
8/23/2018,117.05
8/22/2018,117.33
8/21/2018,117.62
8/20/2018,117.2
8/17/2018,117.69
8/16/2018,117.37
8/15/2018,116.22
8/14/2018,117.62
8/13/2018,116.75
8/10/2018,116.91
8/9/2018,118.75
8/8/2018,119.36
8/7/2018,119.56
8/6/2018,118.61
8/3/2018,118.38
8/2/2018,118.36
8/1/2018,117.79
7/31/2018,117.43
7/30/2018,117.13
7/27/2018,117.45
7/26/2018,118.69
7/25/2018,118.04
7/24/2018,117.37
7/23/2018,117.3
7/20/2018,115.71
7/19/2018,115.02
7/18/2018,115.91
7/17/2018,115.46
7/16/2018,114.77
7/13/2018,114.59
7/12/2018,114.71
7/11/2018,113.55
7/10/2018,114.85
7/9/2018,114.37
7/6/2018,112.94
7/5/2018,112.05
7/3/2018,111.12
7/2/2018,112.15
6/29/2018,111.7
6/28/2018,111.64
6/27/2018,110.8
6/26/2018,112.57
6/25/2018,112.23
6/22/2018,114.05
6/21/2018,113.76
6/20/2018,114.94
6/19/2018,114.22
6/18/2018,115.2
6/15/2018,115.3
6/14/2018,115.77
6/13/2018,115.92
6/12/2018,116.05
6/11/2018,116.06
6/8/2018,115.56
6/7/2018,115.21
6/6/2018,115.91
6/5/2018,114.2
6/4/2018,114.12
6/1/2018,113.08
5/31/2018,111
5/30/2018,112.19
5/29/2018,110.25
5/25/2018,113.34
5/24/2018,114.45
5/23/2018,115.04
5/22/2018,115.62
5/21/2018,115.89
5/18/2018,115.1
5/17/2018,115.95
5/16/2018,115.72
5/15/2018,115.02
5/14/2018,114.58
5/11/2018,114.2
5/10/2018,113.69
5/9/2018,113.15
5/8/2018,111.51
5/7/2018,111.35
5/4/2018,110.97
5/3/2018,109.74
5/2/2018,109.79
5/1/2018,110.89
4/30/2018,110.14
4/27/2018,111.61
4/26/2018,112.42
4/25/2018,111.64
4/24/2018,110.64
4/23/2018,111.8
4/20/2018,111.7
4/19/2018,112.05
4/18/2018,111.84
4/17/2018,110.88
4/16/2018,110.28
4/13/2018,109.3
4/12/2018,109.6
4/11/2018,108.1
4/10/2018,108.81
4/9/2018,107.23
4/6/2018,106.7
4/5/2018,109.86
4/4/2018,108.64
4/3/2018,107.14
4/2/2018,104.95
3/29/2018,107.79
3/28/2018,106.88
3/27/2018,107.4
3/26/2018,109.89
3/23/2018,107.32
3/22/2018,109.17
3/21/2018,113.28
3/20/2018,113.22
3/19/2018,112.65
3/16/2018,114.08
3/15/2018,113.76
3/14/2018,113.65
3/13/2018,115.02
3/12/2018,116.02
3/9/2018,116.47
3/8/2018,114.28
3/7/2018,113.95
3/6/2018,113.75
3/5/2018,113.74
3/2/2018,112.28
3/1/2018,111.08
2/28/2018,113.3
2/27/2018,115.39
2/26/2018,116.4
2/23/2018,115.01
2/22/2018,114.19
2/21/2018,113.99
2/20/2018,113.69
2/16/2018,114.27
2/15/2018,114.4
2/14/2018,113.34
2/13/2018,110.95
2/12/2018,110.79
2/9/2018,109.45
2/8/2018,108.43
2/7/2018,111.13
2/6/2018,111.13
2/5/2018,107.8
2/2/2018,114.71
2/1/2018,115.99
1/31/2018,115.15
1/30/2018,115.44
1/29/2018,116.03
1/26/2018,116.37
1/25/2018,114.52
1/24/2018,115.24
1/23/2018,114.59
1/22/2018,114.83
1/19/2018,113.6
1/18/2018,112.67
1/17/2018,112.31
1/16/2018,111.09
1/12/2018,111.55
1/11/2018,110.82
1/10/2018,110.34
1/9/2018,110.29
1/8/2018,108.99
1/5/2018,108.74
1/4/2018,107.64
1/3/2018,107.12
1/2/2018,106.8
12/29/2017,105.26
12/28/2017,105.83
12/27/2017,105.67
12/26/2017,106.65
12/22/2017,107.04
12/21/2017,106.97
12/20/2017,107.16
12/19/2017,106.6
12/18/2017,105.83
12/15/2017,104.6
12/14/2017,103.7
12/13/2017,104.49
12/12/2017,105.15
12/11/2017,104.75
12/8/2017,104.44
12/7/2017,103.98
12/6/2017,102.78
12/5/2017,102.97
12/4/2017,103.83
12/1/2017,103.89
11/30/2017,105.11
11/29/2017,103.88
11/28/2017,103.24
11/27/2017,102.24
11/24/2017,102.26
11/22/2017,101.84
11/21/2017,102.17
11/20/2017,101.89
11/17/2017,101.57
11/16/2017,102.06
11/15/2017,100.99
11/14/2017,102.25
11/13/2017,102.72
11/10/2017,102.68
11/9/2017,101.81
11/8/2017,101.77
11/7/2017,101.38
11/6/2017,101.76
11/3/2017,101.89
11/2/2017,101.77
11/1/2017,102.17
10/31/2017,102.28
10/30/2017,102.16
10/27/2017,103.37
10/26/2017,103.01
10/25/2017,102.76
10/24/2017,102.58
10/23/2017,101.98
10/20/2017,102.5
10/19/2017,101.08
10/18/2017,101.38
10/17/2017,100.59
10/16/2017,100.78
10/13/2017,100.45
10/12/2017,100.92
10/11/2017,101.41
10/10/2017,101.27
10/9/2017,101.35
10/6/2017,101.51
10/5/2017,101.48
10/4/2017,100.72
10/3/2017,100.54
10/2/2017,100.24
9/29/2017,99.74
9/28/2017,99.43
9/27/2017,99.2
9/26/2017,97.68
9/25/2017,97.66
9/22/2017,98.26
9/21/2017,98.32
9/20/2017,98.48
9/19/2017,98.42
9/18/2017,98.2
9/15/2017,97.55
9/14/2017,97.47
9/13/2017,97.58
9/12/2017,97.29
9/11/2017,96.5
9/8/2017,94.77
9/7/2017,94.86
9/6/2017,95.45
9/5/2017,94.83
9/1/2017,96.5
8/31/2017,95.78
8/30/2017,95.51
8/29/2017,95.15
8/28/2017,95.14
8/25/2017,95.21
8/24/2017,95.41
8/23/2017,95.19
8/22/2017,96.19
8/21/2017,94.87
8/18/2017,95.01
8/17/2017,95.21
8/16/2017,97.09
8/15/2017,97.35
8/14/2017,96.87
8/11/2017,95.76
8/10/2017,95.73
8/9/2017,97.52
8/8/2017,98.15
8/7/2017,97.95
8/4/2017,97.87
8/3/2017,97.28
8/2/2017,97.85
8/1/2017,97.91
7/31/2017,98.42
7/28/2017,98.36
7/27/2017,98.81
7/26/2017,98.5
7/25/2017,98.87
7/24/2017,97.62
7/21/2017,97.31
7/20/2017,97.84
7/19/2017,97.92
7/18/2017,97.44
7/17/2017,98.09
7/14/2017,98.14
7/13/2017,98
7/12/2017,97.4
7/11/2017,97.23
7/10/2017,97.27
7/7/2017,97.4
7/6/2017,96.44
7/5/2017,96.55
7/3/2017,96.6
6/30/2017,96.04
6/29/2017,95.65
6/28/2017,95.91
6/27/2017,94.78
6/26/2017,94.65
6/23/2017,94.77
6/22/2017,94.74
6/21/2017,94.78
6/20/2017,94.99
6/19/2017,95.98
6/16/2017,95.21
6/15/2017,95.35
6/14/2017,95.37
6/13/2017,96.48
6/12/2017,96.06
6/9/2017,95.97
6/8/2017,96.04
6/7/2017,95.84
6/6/2017,95.5
6/5/2017,96.04
6/2/2017,95.85
6/1/2017,96.34
5/31/2017,95.43
5/30/2017,95.73
5/26/2017,96.28
5/25/2017,96.3
5/24/2017,96.04
5/23/2017,96.03
5/22/2017,95.51
5/19/2017,95.01
5/18/2017,94.32
5/17/2017,94.09
5/16/2017,97.09
5/15/2017,97.34
5/12/2017,96.84
5/11/2017,97.46
5/10/2017,97.69
5/9/2017,97.47
5/8/2017,97.17
5/5/2017,96.96
5/4/2017,96.52
5/3/2017,95.74
5/2/2017,95.88
5/1/2017,96.4
4/28/2017,95.53
4/27/2017,95.91
4/26/2017,95.79
4/25/2017,96.06
4/24/2017,94.82
4/21/2017,93.48
4/20/2017,93.66
4/19/2017,92.58
4/18/2017,92.47
4/17/2017,93.81
4/13/2017,92.78
4/12/2017,93.93
4/11/2017,94.36
4/10/2017,95.16
4/7/2017,95.32
4/6/2017,95.24
4/5/2017,95.09
4/4/2017,95.39
4/3/2017,95.31
3/31/2017,96.01
3/30/2017,96.43
3/29/2017,95.68
3/28/2017,95.73
3/27/2017,94.77
3/24/2017,95.26
3/23/2017,95.42
3/22/2017,95.36
3/21/2017,95.91
3/20/2017,97.65
3/17/2017,98.22
3/16/2017,98.76
3/15/2017,98.55
3/14/2017,98.78
3/13/2017,99.46
3/10/2017,99.01
3/9/2017,98.8
3/8/2017,97.98
3/7/2017,97.46
3/6/2017,97.68
3/3/2017,97.79
3/2/2017,97.92
3/1/2017,98.17
2/28/2017,95.53
2/27/2017,95.93
2/24/2017,95.42
2/23/2017,96.22
2/22/2017,96.42
2/21/2017,96.42
2/17/2017,95.96
2/16/2017,96.15
2/15/2017,96.91
2/14/2017,95.92
2/13/2017,95.01
2/10/2017,94.12
2/9/2017,93.61
2/8/2017,92.38
2/7/2017,92.97
2/6/2017,93.3
2/3/2017,94.42
2/2/2017,93.45
2/1/2017,93.49
1/31/2017,93.24
1/30/2017,93.67
1/27/2017,94.12
1/26/2017,94.7
1/25/2017,94.89
1/24/2017,93.4
1/23/2017,92.04
1/20/2017,92.94
1/19/2017,92.59
1/18/2017,92.21
1/17/2017,91.29
1/13/2017,92.3
1/12/2017,91.75
1/11/2017,91.9
1/10/2017,91.79
1/9/2017,91.73
1/6/2017,92.56
1/5/2017,91.84
1/4/2017,92.95
1/3/2017,92.55
12/30/2016,91.81
12/29/2016,92.64
12/28/2016,92.77
12/27/2016,94.15
12/23/2016,93.75
12/22/2016,93.89
12/21/2016,93.88
12/20/2016,94.47
12/19/2016,93.87
12/16/2016,94.49
12/15/2016,94.06
12/14/2016,93.83
12/13/2016,94.27
12/12/2016,93.68
12/9/2016,93.92
12/8/2016,92.5
12/7/2016,91.31
12/6/2016,90.77
12/5/2016,90.24
12/2/2016,89.89
12/1/2016,90.5
11/30/2016,89.71
11/29/2016,89.04
11/28/2016,89.17
11/25/2016,90.11
11/23/2016,89.63
11/22/2016,89.4
11/21/2016,89.14
11/18/2016,88.66
11/17/2016,88.44
11/16/2016,87.28
11/15/2016,87.96
11/14/2016,87.13
11/11/2016,86.76
11/10/2016,86.39
11/9/2016,85.71
11/8/2016,82.15
11/7/2016,81.66
11/4/2016,79.41
11/3/2016,79.86
11/2/2016,79.93
11/1/2016,80.46
10/31/2016,81.26
10/28/2016,81.66
10/27/2016,81.52
10/26/2016,81.19
10/25/2016,80.96
10/24/2016,81.39
10/21/2016,80.78
10/20/2016,80.94
10/19/2016,81.2
10/18/2016,80.93
10/17/2016,80.77
10/14/2016,81.27
10/13/2016,80.39
10/12/2016,81.02
10/11/2016,81
10/10/2016,82.04
10/7/2016,81.19
10/6/2016,81.49
10/5/2016,81.05
10/4/2016,80.38
10/3/2016,79.92
9/30/2016,80.14
9/29/2016,79.02
9/28/2016,79.73
9/27/2016,79.26
9/26/2016,79.34
9/23/2016,80.23
9/22/2016,80.76
9/21/2016,80.74
9/20/2016,80.09
9/19/2016,80.29
9/16/2016,80.3
9/15/2016,80.63
9/14/2016,79.48
9/13/2016,80.1
9/12/2016,80.49
9/9/2016,79.11
9/8/2016,80.37
9/7/2016,79.57
9/6/2016,79.59
9/2/2016,79.9
9/1/2016,79.06
8/31/2016,79.18
8/30/2016,79.41
8/29/2016,79.4
8/26/2016,79.86
8/25/2016,79.4
8/24/2016,79.2
8/23/2016,79.49
8/22/2016,79.38
8/19/2016,79.98
8/18/2016,79.68
8/17/2016,79.68
8/16/2016,79.8
8/15/2016,79.83
8/12/2016,79.07
8/11/2016,79.67
8/10/2016,78.58
8/9/2016,79.1
8/8/2016,79.51
8/5/2016,79.6
8/4/2016,78.25
8/3/2016,78.62
8/2/2016,78.38
8/1/2016,78.24
7/29/2016,78
7/28/2016,78.36
7/27/2016,78.27
7/26/2016,78.98
7/25/2016,79.09
7/22/2016,79.25
7/21/2016,78.97
7/20/2016,79.32
7/19/2016,78.66
7/18/2016,79.01
7/15/2016,78.7
7/14/2016,78.25
7/13/2016,76.98
7/12/2016,77.49
7/11/2016,76.12
7/8/2016,75.24
7/7/2016,74.52
7/6/2016,74.75
7/5/2016,74.19
7/1/2016,75.79
6/30/2016,76.17
6/29/2016,75.03
6/28/2016,73.6
6/27/2016,71.99
6/24/2016,74.63
6/23/2016,79.8
6/22/2016,77.95
6/21/2016,78.15
6/20/2016,77.72
6/17/2016,76.64
6/16/2016,76.6
6/15/2016,76.78
6/14/2016,77
6/13/2016,77.21
6/10/2016,78.06
6/9/2016,79.12
6/8/2016,79.59
6/7/2016,79.47
6/6/2016,79.58
6/3/2016,78.94
6/2/2016,80.11
6/1/2016,80.45
5/31/2016,80.44
5/27/2016,80.71
5/26/2016,80.3
5/25/2016,80.68
5/24/2016,79.97
5/23/2016,78.64
5/20/2016,78.92
5/19/2016,78.44
5/18/2016,79.08
5/17/2016,77.98
5/16/2016,78.8
5/13/2016,77.53
5/12/2016,78.73
5/11/2016,78.34
5/10/2016,79.39
5/9/2016,78.54
5/6/2016,78.69
5/5/2016,78.18
5/4/2016,78.79
5/3/2016,79.43
5/2/2016,80.93
4/29/2016,79.79
4/28/2016,80.59
4/27/2016,81.33
4/26/2016,81.99
4/25/2016,81.42
4/22/2016,81.26
4/21/2016,81.03
4/20/2016,81.26
4/19/2016,80.29
4/18/2016,79.87
4/15/2016,79.07
4/14/2016,79.51
4/13/2016,79.22
4/12/2016,78.85
4/11/2016,77.54
4/8/2016,77.74
4/7/2016,77.14
4/6/2016,78.9
4/5/2016,77.67
4/4/2016,79.14
4/1/2016,79.57
3/31/2016,79.02
3/30/2016,79.63
3/29/2016,78.84
3/28/2016,78.55
3/24/2016,78.81
3/23/2016,78.59
3/22/2016,79.91
3/21/2016,80.02
3/18/2016,79.08
3/17/2016,79.04
3/16/2016,79.13
3/15/2016,78.62
3/14/2016,78.83
3/11/2016,79
3/10/2016,77.24
3/9/2016,77.02
3/8/2016,76.21
3/7/2016,77.68
3/4/2016,77.56
3/3/2016,76.81
3/2/2016,76.92
3/1/2016,76.85
2/29/2016,74.01
2/26/2016,74.63
2/25/2016,74.16
2/24/2016,73.67
2/23/2016,73.1
2/22/2016,74.13
2/19/2016,73.12
2/18/2016,73.41
2/17/2016,74.34
2/16/2016,72.53
2/12/2016,71.04
2/11/2016,69
2/10/2016,70.39
2/9/2016,70.84
2/8/2016,71.03
2/5/2016,73.18
2/4/2016,74.68
2/3/2016,74.88
2/2/2016,74.15
2/1/2016,76.68
1/29/2016,76.4
1/28/2016,74.89
1/27/2016,74.69
1/26/2016,75.45
1/25/2016,74.67
1/22/2016,76.11
1/21/2016,74.34
1/20/2016,73.7
1/19/2016,74.92
1/15/2016,75.11
1/14/2016,77.53
1/13/2016,75.69
1/12/2016,77.93
1/11/2016,78.39
1/8/2016,77.98
1/7/2016,79.05
1/6/2016,81.43
1/5/2016,83.54
1/4/2016,83.12
12/31/2015,84.49
12/30/2015,85.56
12/29/2015,86.3
12/28/2015,84.05
12/24/2015,84.46
12/23/2015,84.98
12/22/2015,83.84
12/21/2015,82.45
12/18/2015,81.35
12/17/2015,82.94
12/16/2015,85.31
12/15/2015,84.1
12/14/2015,82.59
12/11/2015,81.33
12/10/2015,84.08
12/9/2015,83.6
12/8/2015,84.63
12/7/2015,85.3
12/4/2015,86.45
12/3/2015,85.85
12/2/2015,84.9
12/1/2015,85.8
11/30/2015,85.99
11/27/2015,86.5
11/25/2015,86.4
11/24/2015,86.42
11/23/2015,86.43
11/20/2015,86.9
11/19/2015,86.37
11/18/2015,86.86
11/17/2015,85.58
11/16/2015,85.87
11/13/2015,84.56
11/12/2015,85.79
11/11/2015,87.46
11/10/2015,87.51
11/9/2015,87.59
11/6/2015,88.34
11/5/2015,87.34
11/4/2015,87.04
11/3/2015,87.41
11/2/2015,86.48
10/30/2015,85.21
10/29/2015,85.92
10/28/2015,84.76
10/27/2015,83.57
10/26/2015,83.91
10/23/2015,84.53
10/22/2015,83.33
10/21/2015,81.54
10/20/2015,82.62
10/19/2015,82.34
10/16/2015,81.97
10/15/2015,81.81
10/14/2015,79.97
10/13/2015,81.27
10/12/2015,81.98
10/9/2015,82.32
10/8/2015,82.54
10/7/2015,81.11
10/6/2015,80.27
10/5/2015,80.81
10/2/2015,78.75
10/1/2015,78.17
9/30/2015,78.08
9/29/2015,76.41
9/28/2015,76.49
9/25/2015,79.52
9/24/2015,78.87
9/23/2015,79.82
9/22/2015,79.9
9/21/2015,82.41
9/18/2015,80.72
9/17/2015,83.28
9/16/2015,84.46
9/15/2015,83.38
9/14/2015,80.96
9/11/2015,81.3
9/10/2015,81.4
9/9/2015,80.66
9/8/2015,82
9/4/2015,79.23
9/3/2015,80.94
9/2/2015,81.23
9/1/2015,79.62
8/31/2015,81.84
8/28/2015,82.37
8/27/2015,82.27
8/26/2015,80.57
8/25/2015,77.06
8/24/2015,75.5
8/21/2015,79.93
8/20/2015,82.17
8/19/2015,84.78
8/18/2015,86.25
8/17/2015,85.73
8/14/2015,85.85
8/13/2015,85.6
8/12/2015,85.37
8/11/2015,85.08
8/10/2015,87.04
8/7/2015,85.02
8/6/2015,86.27
8/5/2015,87.46
8/4/2015,86.35
8/3/2015,86.28
7/31/2015,87.52
7/30/2015,88.19
7/29/2015,88.54
7/28/2015,87.66
7/27/2015,86.53
7/24/2015,87.41
7/23/2015,88.37
7/22/2015,89.52
7/21/2015,90.32
7/20/2015,90.98
7/17/2015,90.63
7/16/2015,91.01
7/15/2015,90.76
7/14/2015,91.46
7/13/2015,91.37
7/10/2015,90.29
7/9/2015,87.65
7/8/2015,86.16
7/7/2015,87.98
7/6/2015,88.42
7/2/2015,90.34
7/1/2015,90.65
6/30/2015,88.76
6/29/2015,88.55
6/26/2015,92.65
6/25/2015,91.35
6/24/2015,91.42
6/23/2015,92.81
6/22/2015,92.09
6/19/2015,90.15
6/18/2015,92.24
6/17/2015,90.31
6/16/2015,90.06
6/15/2015,89.98
6/12/2015,90.5
6/11/2015,91.28
6/10/2015,92.69
6/9/2015,90.79
6/8/2015,90.17
6/5/2015,90.97
6/4/2015,90.27
6/3/2015,92.03
6/2/2015,90.4
6/1/2015,89.56
5/29/2015,88.17
5/28/2015,89.3
5/27/2015,89.14
5/26/2015,88.66
5/22/2015,90.94
5/21/2015,90.72
5/20/2015,91.49
5/19/2015,91.41
5/18/2015,91.2
5/15/2015,89.68
5/14/2015,91.16
5/13/2015,90.42
5/12/2015,89.84
5/11/2015,90.2
5/8/2015,88.93
5/7/2015,88.04
5/6/2015,88.57
5/5/2015,87.99
5/4/2015,88.65
5/1/2015,87.85
4/30/2015,85.86
4/29/2015,86.53
4/28/2015,86.21
4/27/2015,85.2
4/24/2015,85.63
4/23/2015,85.72
4/22/2015,85.74
4/21/2015,84.39
4/20/2015,84.18
4/17/2015,82.72
4/16/2015,84.42
4/15/2015,84.4
4/14/2015,83.9
4/13/2015,84.19
4/10/2015,84.53
4/9/2015,84.27
4/8/2015,83.03
4/7/2015,82.86
4/6/2015,83.52
4/2/2015,82.57
4/1/2015,81.69
3/31/2015,82.98
3/30/2015,83.79
3/27/2015,82.39
3/26/2015,83.26
3/25/2015,82.4
3/24/2015,83.29
3/23/2015,84.31
3/20/2015,84.42
3/19/2015,84.21
3/18/2015,84.68
3/17/2015,84.53
3/16/2015,85.39
3/13/2015,84.48
3/12/2015,85.02
3/11/2015,84.09
3/10/2015,84.65
3/9/2015,87.24
3/6/2015,87.56
3/5/2015,86.98
3/4/2015,86.9
3/3/2015,87.19
3/2/2015,87.13
2/27/2015,85.53
2/26/2015,85.79
2/25/2015,85.46
2/24/2015,86.02
2/23/2015,86.22
2/20/2015,87.02
2/19/2015,86.37
2/18/2015,86.08
2/17/2015,86.53
2/13/2015,85.37
2/12/2015,84.47
2/11/2015,83.67
2/10/2015,83.55
2/9/2015,82.35
2/6/2015,82.74
2/5/2015,82.15
2/4/2015,80.85
2/3/2015,81.41
2/2/2015,79.6
1/30/2015,78.25
1/29/2015,79.9
1/28/2015,78.44
1/27/2015,80.86
1/26/2015,81.77
1/23/2015,81.25
1/22/2015,82.5
1/21/2015,80.98
1/20/2015,80.19
1/16/2015,80.21
1/15/2015,78.96
1/14/2015,80.07
1/13/2015,80.83
1/12/2015,81.19
1/9/2015,82.21
1/8/2015,83.37
1/7/2015,81.24
1/6/2015,80.25
1/5/2015,81.78
1/2/2015,83.87
12/31/2014,84.68
12/30/2014,85.85
12/29/2014,86.39
12/26/2014,86.7
12/24/2014,86.61
12/23/2014,86.79
12/22/2014,85.5
12/19/2014,85.44
12/18/2014,85.49
12/17/2014,82.8
12/16/2014,80.44
12/15/2014,81.58
12/12/2014,81.82
12/11/2014,83.85
12/10/2014,83.76
12/9/2014,85.51
12/8/2014,85.95
12/5/2014,87.28
12/4/2014,86.92
12/3/2014,87.31
12/2/2014,87.15
12/1/2014,85.91
11/28/2014,86.22
11/26/2014,86.85
11/25/2014,86.94
11/24/2014,87.5
11/21/2014,87.29
11/20/2014,87.15
11/19/2014,87.16
11/18/2014,86.92
11/17/2014,86.74
11/14/2014,86.48
11/13/2014,86.57
11/12/2014,86.74
11/11/2014,87.01
11/10/2014,86.75
11/7/2014,85.99
11/6/2014,86.69
11/5/2014,86.03
11/4/2014,85.37
11/3/2014,85.72
10/31/2014,85.72
10/30/2014,84.47
10/29/2014,83.89
10/28/2014,84.12
10/27/2014,82.89
10/24/2014,83.16
10/23/2014,82.57
10/22/2014,81.29
10/21/2014,81.68
10/20/2014,79.86
10/17/2014,79.16
10/16/2014,77.61
10/15/2014,76.94
10/14/2014,79.05
10/13/2014,79.03
10/10/2014,80.68
10/9/2014,82.27
10/8/2014,83.93
10/7/2014,82.53
10/6/2014,84.47
10/3/2014,84.75
10/2/2014,83.94
10/1/2014,83.67
9/30/2014,85.82
9/29/2014,85.74
9/26/2014,86.45
9/25/2014,85.7
9/24/2014,87.62
9/23/2014,86.45
9/22/2014,87.48
9/19/2014,88.36
9/18/2014,88.96
9/17/2014,88.34
9/16/2014,88.18
9/15/2014,87.44
9/12/2014,87.65
9/11/2014,87.27
9/10/2014,87.25
9/9/2014,86.68
9/8/2014,86.99
9/5/2014,87.25
9/4/2014,86.74
9/3/2014,86.31
9/2/2014,86.51
8/29/2014,85.73
8/28/2014,85.41
8/27/2014,85.76
8/26/2014,86.21
8/25/2014,85.95
8/22/2014,85.81
8/21/2014,86.11
8/20/2014,86.07
8/19/2014,85.75
8/18/2014,85.1
8/15/2014,83.94
8/14/2014,84.57
8/13/2014,84.55
8/12/2014,84.23
8/11/2014,84.05
8/8/2014,83.67
8/7/2014,82.96
8/6/2014,83.83
8/5/2014,83.83
8/4/2014,84.83
8/1/2014,84.34
7/31/2014,84.94
7/30/2014,86.66
7/29/2014,85.68
7/28/2014,86.53
7/25/2014,86.23
7/24/2014,87.13
7/23/2014,86.7
7/22/2014,86.45
7/21/2014,86.14
7/18/2014,86.61
7/17/2014,85.78
7/16/2014,87.34
7/15/2014,87.18
7/14/2014,87.33
7/11/2014,86.66
7/10/2014,86.63
7/9/2014,87.13
7/8/2014,87.07
7/7/2014,88.12
7/3/2014,88.87
7/2/2014,88.27
7/1/2014,87.48
6/30/2014,86.36
6/27/2014,86.51
6/26/2014,86.21
6/25/2014,86.66
6/24/2014,86.68
6/23/2014,87.54
6/20/2014,87.58
6/19/2014,87.5
6/18/2014,87.17
6/17/2014,86.88
6/16/2014,86.11
6/13/2014,86.18
6/12/2014,85.87
6/11/2014,87.1
6/10/2014,87.39
6/9/2014,87.18
6/6/2014,87.05
6/5/2014,86.55
6/4/2014,86.14
6/3/2014,85.85
6/2/2014,85.2
5/30/2014,84.52
5/29/2014,84.23
5/28/2014,83.7
5/27/2014,84.5
5/23/2014,84.22
5/22/2014,84.19
5/21/2014,83.84
5/20/2014,85.58
5/19/2014,83.66
5/16/2014,83.04
5/15/2014,82.62
5/14/2014,83.76
5/13/2014,84.89
5/12/2014,85.15
5/9/2014,84.04
5/8/2014,83.71
5/7/2014,83.92
5/6/2014,83.43
5/5/2014,84.16
5/2/2014,83.82
5/1/2014,84.27
4/30/2014,84.76
4/29/2014,84.83
4/28/2014,84.35
4/25/2014,83.95
4/24/2014,84.79
4/23/2014,84.83
4/22/2014,85.21
4/21/2014,84.92
4/17/2014,84.5
4/16/2014,83.67
4/15/2014,83.11
4/14/2014,82.62
4/11/2014,81.87
4/10/2014,82.77
4/9/2014,85.14
4/8/2014,84.1
4/7/2014,83.92
4/4/2014,85.22
4/3/2014,86.78
4/2/2014,86.94
4/1/2014,86.27
3/31/2014,85.29
3/28/2014,84.45
3/27/2014,83.57
3/26/2014,84.05
3/25/2014,85.16
3/24/2014,84.69
3/21/2014,85.32
3/20/2014,86.12
3/19/2014,85.55
3/18/2014,85.43
3/17/2014,84.95
3/14/2014,83.71
3/13/2014,84.12
3/12/2014,85.83
3/11/2014,86.17
3/10/2014,86.91
3/7/2014,86.96
3/6/2014,86.49
3/5/2014,85.92
3/4/2014,85.85
3/3/2014,83.77
2/28/2014,84.81
2/27/2014,84.61
2/26/2014,84.4
2/25/2014,84.9
2/24/2014,85.39
2/21/2014,84.68
2/20/2014,85.02
2/19/2014,84.36
2/18/2014,84.7
2/14/2014,84.84
2/13/2014,84.28
2/12/2014,84.42
2/11/2014,83.89
2/10/2014,82.75
2/7/2014,82.67
2/6/2014,81.6
2/5/2014,80.34
2/4/2014,79.88
2/3/2014,78.94
1/31/2014,81.76
1/30/2014,82.17
1/29/2014,81.57
1/28/2014,82.91
1/27/2014,82.5
1/24/2014,82.48
1/23/2014,84.78
1/22/2014,86.28
1/21/2014,86.05
1/17/2014,85.91
1/16/2014,86.15
1/15/2014,86.77
1/14/2014,86.29
1/13/2014,85.16
1/10/2014,86.48
1/9/2014,87.18
1/8/2014,87.54
1/7/2014,87.1
1/6/2014,86.81
1/3/2014,87.37
1/2/2014,87.36
12/31/2013,88.27
12/30/2013,87.65
12/27/2013,88.08
12/26/2013,87.93
12/24/2013,87.44
12/23/2013,86.64
12/20/2013,85.82
12/19/2013,85.83
12/18/2013,85.91
12/17/2013,84.03
12/16/2013,84.68
12/13/2013,83.94
12/12/2013,84.19
12/11/2013,84.32
12/10/2013,84.88
12/9/2013,85.79
12/6/2013,85.87
12/5/2013,84.83
12/4/2013,85.07
12/3/2013,84.39
12/2/2013,85.05
11/29/2013,84.62
11/27/2013,84.63
11/26/2013,84.2
11/25/2013,84.71
11/22/2013,84.69
11/21/2013,84.74
11/20/2013,84.24
11/19/2013,83.59
11/18/2013,83.42
11/15/2013,83.94
11/14/2013,83.67
11/13/2013,83.62
11/12/2013,83.25
11/11/2013,83.39
11/8/2013,83.14
11/7/2013,81
11/6/2013,82.32
11/5/2013,81.97
11/4/2013,81.66
11/1/2013,81.41
10/31/2013,80.61
10/30/2013,80.95
10/29/2013,81.1
10/28/2013,80.73
10/25/2013,80.43
10/24/2013,80.34
10/23/2013,79.79
10/22/2013,80.43
10/21/2013,80.68
10/18/2013,80.37
10/17/2013,79.93
10/16/2013,79.97
10/15/2013,79.46
10/14/2013,79.99
10/11/2013,79.39
10/10/2013,78.83
10/9/2013,76.87
10/8/2013,76.79
10/7/2013,77.63
10/4/2013,78.64
10/3/2013,77.67
10/2/2013,78.38
10/1/2013,78.85
9/30/2013,77.92
9/27/2013,78.46
9/26/2013,78.92
9/25/2013,78.33
9/24/2013,79.02
9/23/2013,79.67
9/20/2013,80.56
9/19/2013,81.27
9/18/2013,80.84
9/17/2013,80.92
9/16/2013,80.89
9/13/2013,80.45
9/12/2013,80.38
9/11/2013,80.74
9/10/2013,80.79
9/9/2013,79.66
9/6/2013,79.27
9/5/2013,79.45
9/4/2013,78.76
9/3/2013,77.83
8/30/2013,76.52
8/29/2013,76.91
8/28/2013,77.06
8/27/2013,76.46
8/26/2013,78.41
8/23/2013,78.85
8/22/2013,79.27
8/21/2013,78.26
8/20/2013,78.61
8/19/2013,78.93
8/16/2013,78.83
8/15/2013,78.44
8/14/2013,79.34
8/13/2013,79.75
8/12/2013,78.7
8/9/2013,78.48
8/8/2013,78.92
8/7/2013,78.88
8/6/2013,79.6
8/5/2013,79.98
8/2/2013,79.74
8/1/2013,80.59
7/31/2013,78.48
7/30/2013,78.77
7/29/2013,78.52
7/26/2013,78.37
7/25/2013,78.68
7/24/2013,78.61
7/23/2013,78.26
7/22/2013,78.1
7/19/2013,78.07
7/18/2013,78.14
7/17/2013,77.51
7/16/2013,77.53
7/15/2013,78.04
7/12/2013,78.08
7/11/2013,77.91
7/10/2013,77.68
7/9/2013,77.19
7/8/2013,76.71
7/5/2013,76.81
7/3/2013,74.37
7/2/2013,74.07
7/1/2013,74.16
6/28/2013,73.77
6/27/2013,74.24
6/26/2013,74.07
6/25/2013,73.86
6/24/2013,72.8
6/21/2013,73.5
6/20/2013,72.92
6/19/2013,73.72
6/18/2013,73.86
6/17/2013,73.36
6/14/2013,72.26
6/13/2013,73.14
6/12/2013,72.45
6/11/2013,72.91
6/10/2013,73.8
6/7/2013,73.19
6/6/2013,71.79
6/5/2013,71.39
6/4/2013,72.72
6/3/2013,72.83
5/31/2013,72.65
5/30/2013,73.5
5/29/2013,73.13
5/28/2013,73.66
5/24/2013,72.41
5/23/2013,72.58
5/22/2013,72.89
5/21/2013,72.7
5/20/2013,72.83
5/17/2013,72.66
5/16/2013,71.29
5/15/2013,72.19
5/14/2013,71.98
5/13/2013,70.95
5/10/2013,70.71
5/9/2013,69.78
5/8/2013,69.86
5/7/2013,69.73
5/6/2013,69.31
5/3/2013,68.83
5/2/2013,67.19
5/1/2013,66.58
4/30/2013,67.56
4/29/2013,67.29
4/26/2013,66.67
4/25/2013,67.32
4/24/2013,66.88
4/23/2013,66.9
4/22/2013,66.13
4/19/2013,65.78
4/18/2013,65.07
4/17/2013,65.79
4/16/2013,66.92
4/15/2013,65.7
4/12/2013,67.53
4/11/2013,68.39
4/10/2013,68.31
4/9/2013,66.99
4/8/2013,66.68
4/5/2013,65.81
4/4/2013,66.93
4/3/2013,67.16
4/2/2013,68.26
4/1/2013,67.68
3/28/2013,68.17
3/27/2013,67.86
3/26/2013,68.3
3/25/2013,67.94
3/22/2013,68.1
3/21/2013,67.67
3/20/2013,68.2
3/19/2013,67.69
3/18/2013,68.3
3/15/2013,69.01
3/14/2013,69.4
3/13/2013,69.01
3/12/2013,68.87
3/11/2013,69.34
3/8/2013,69.04
3/7/2013,68.28
3/6/2013,67.7
3/5/2013,67.23
3/4/2013,66.61
3/1/2013,66.02
2/28/2013,66.13
2/27/2013,66.3
2/26/2013,65.08
2/25/2013,65.01
2/22/2013,66.79
2/21/2013,66.27
2/20/2013,66.89
2/19/2013,67.83
2/15/2013,67.16
2/14/2013,67.22
2/13/2013,67.57
2/12/2013,67.23
2/11/2013,66.79
2/8/2013,66.86
2/7/2013,66.5
2/6/2013,66.68
2/5/2013,67.01
2/4/2013,66.13
2/1/2013,67.01
1/31/2013,66.12
1/30/2013,66.4
1/29/2013,66.66
1/28/2013,66.2
1/25/2013,65.96
1/24/2013,64.99
1/23/2013,64.87
1/22/2013,64.81
1/18/2013,64.44
1/17/2013,64.59
1/16/2013,63.74
1/15/2013,63.79
1/14/2013,63.96
1/11/2013,64.18
1/10/2013,64.36
1/9/2013,63.58
1/8/2013,63.57
1/7/2013,63.94
1/4/2013,64.11
1/3/2013,63.83
1/2/2013,63.54
12/31/2012,61.21
12/28/2012,59.32
12/27/2012,60.48
12/26/2012,60.96
12/24/2012,61.32
12/21/2012,61.47
12/20/2012,62.54
12/19/2012,62.19
12/18/2012,62.8
12/17/2012,61.64
12/14/2012,60.44
12/13/2012,60.79
12/12/2012,61.08
12/11/2012,60.87
12/10/2012,60.12
12/7/2012,60.01
12/6/2012,59.5
12/5/2012,59.4
12/4/2012,59.33
12/3/2012,59.56
11/30/2012,59.74
11/29/2012,59.85
11/28/2012,59.42
11/27/2012,59.21
11/26/2012,59.57
11/23/2012,59.88
11/21/2012,59.13
11/20/2012,58.87
11/19/2012,58.36
11/16/2012,57.12
11/15/2012,56.82
11/14/2012,56.9
11/13/2012,57.63
11/12/2012,58.11
11/9/2012,58.01
11/8/2012,58.16
11/7/2012,59.09
11/6/2012,61.5
11/5/2012,60.53
11/2/2012,60.6
11/1/2012,61.28
10/31/2012,60.29
10/30/2012,60.6
10/29/2012,60.56
10/26/2012,60.86
10/25/2012,61.43
10/24/2012,60.98
10/23/2012,60.93
10/22/2012,62.21
10/19/2012,61.77
10/18/2012,63.48
10/17/2012,63.6
10/16/2012,62.62
10/15/2012,61.51
10/12/2012,60.86
10/11/2012,61.29
10/10/2012,61.41
10/9/2012,62.15
10/8/2012,62.63
10/5/2012,63.2
10/4/2012,62.65
10/3/2012,61.82
10/2/2012,61.57
10/1/2012,61.5
9/28/2012,61.5
9/27/2012,61.74
9/26/2012,60.99
9/25/2012,62.06
9/24/2012,63.01
9/21/2012,63.34
9/20/2012,63.48
9/19/2012,63.58
9/18/2012,63.76
9/17/2012,64
9/14/2012,64.5
9/13/2012,63.15
9/12/2012,62.28
9/11/2012,61.36
9/10/2012,61.14
9/7/2012,61.47
9/6/2012,61.13
9/5/2012,59.38
9/4/2012,59.38
8/31/2012,59.23
8/30/2012,59.26
8/29/2012,59.97
8/28/2012,59.89
8/27/2012,60.05
8/24/2012,60.32
8/23/2012,59.85
8/22/2012,60.75
8/21/2012,61.31
8/20/2012,61.53
8/17/2012,61.6
8/16/2012,61.62
8/15/2012,60.99
8/14/2012,60.34
8/13/2012,59.85
8/10/2012,59.84
8/9/2012,59.99
8/8/2012,59.85
8/7/2012,59.68
8/6/2012,58.89
8/3/2012,59
8/2/2012,57.12
8/1/2012,57.95
7/31/2012,57.83
7/30/2012,58.1
7/27/2012,58.56
7/26/2012,56.49
7/25/2012,55.55
7/24/2012,55.3
7/23/2012,56.16
7/20/2012,56.91
7/19/2012,57.95
7/18/2012,57.48
7/17/2012,57.25
7/16/2012,56.47
7/13/2012,56.87
7/12/2012,55.77
7/11/2012,56.24
7/10/2012,56.26
7/9/2012,57
7/6/2012,57.38
7/5/2012,58.17
7/3/2012,58.6
7/2/2012,57.74
6/29/2012,58.34
6/28/2012,56.19
6/27/2012,56.62
6/26/2012,56.25
6/25/2012,55.72
6/22/2012,57.05
6/21/2012,56.26
6/20/2012,57.9
6/19/2012,57.73
6/18/2012,57.07
6/15/2012,56.93
6/14/2012,56.63
6/13/2012,55.86
6/12/2012,56.73
6/11/2012,55.48
6/8/2012,56.67
6/7/2012,56.22
6/6/2012,56.07
6/5/2012,54.1
6/4/2012,53.35
6/1/2012,53.13
5/31/2012,55.51
5/30/2012,55.71
5/29/2012,57.5
5/25/2012,56.74
5/24/2012,57.15
5/23/2012,56.56
5/22/2012,57.1
5/21/2012,56.71
5/18/2012,55.49
5/17/2012,55.91
5/16/2012,57.45
5/15/2012,57.86
5/14/2012,58.24
5/11/2012,59.33
5/10/2012,59.99
5/9/2012,59.65
5/8/2012,59.98
5/7/2012,60.61
5/4/2012,60.49
5/3/2012,61.9
5/2/2012,62.42
5/1/2012,62.88
4/30/2012,62.23
4/27/2012,62.52
4/26/2012,62.64
4/25/2012,62.36
4/24/2012,61.44
4/23/2012,60.93
4/20/2012,61.81
4/19/2012,61.58
4/18/2012,62.03
4/17/2012,62.49
4/16/2012,61.36
4/13/2012,61.59
4/12/2012,62.98
4/11/2012,61.85
4/10/2012,61.26
4/9/2012,62.44
4/5/2012,64.18
4/4/2012,64.83
4/3/2012,65.77
4/2/2012,65.38
3/30/2012,65.07
3/29/2012,64.32
3/28/2012,64.68
3/27/2012,64.97
3/26/2012,65.67
3/23/2012,64.63
3/22/2012,64.75
3/21/2012,65.28
3/20/2012,65.96
3/19/2012,66.27
3/16/2012,65.5
3/15/2012,65.34
3/14/2012,64.96
3/13/2012,63.84
3/12/2012,62.18
3/9/2012,62.28
3/8/2012,61.84
3/7/2012,60.88
3/6/2012,60.18
3/5/2012,61.68
3/2/2012,61.73
3/1/2012,62.33
2/29/2012,61.36
2/28/2012,61.36
2/27/2012,61.11
2/24/2012,61.34
2/23/2012,61.47
2/22/2012,61.34
2/21/2012,61.83
2/17/2012,61.58
2/16/2012,61.9
2/15/2012,60.3
2/14/2012,60.44
2/13/2012,61
2/10/2012,60.45
2/9/2012,61.34
2/8/2012,60.99
2/7/2012,60.85
2/6/2012,60.18
2/3/2012,60.56
2/2/2012,58.94
2/1/2012,58.91
1/31/2012,57.96
1/30/2012,58.32
1/27/2012,58.97
1/26/2012,59.34
1/25/2012,60.02
1/24/2012,59.88
1/23/2012,59.86
1/20/2012,59.55
1/19/2012,59.15
1/18/2012,58.22
1/17/2012,57.26
1/13/2012,57.31
1/12/2012,58.02
1/11/2012,57.69
1/10/2012,58.05
1/9/2012,57.55
1/6/2012,57.45
1/5/2012,57.7
1/4/2012,57.64
1/3/2012,57.32
12/30/2011,55.79
12/29/2011,56.14
12/28/2011,55.55
12/27/2011,57.1
12/23/2011,57.29
12/22/2011,56.19
12/21/2011,55.7
12/20/2011,55.37
12/19/2011,53.03
12/16/2011,53.84
12/15/2011,54.3
12/14/2011,53.94
12/13/2011,55.1
12/12/2011,55.89
12/9/2011,57.37
12/8/2011,55.78
12/7/2011,57.34
12/6/2011,57.4
12/5/2011,57.07
12/2/2011,56.44
12/1/2011,57.05
11/30/2011,56.74
11/29/2011,53.85
11/28/2011,53.34
11/25/2011,51.71
11/23/2011,51.47
11/22/2011,52.95
11/21/2011,53.49
11/18/2011,54.85
11/17/2011,54.67
11/16/2011,55.89
11/15/2011,57.19
11/14/2011,57.01
11/11/2011,57.98
11/10/2011,56.53
11/9/2011,55.45
11/8/2011,58.45
11/7/2011,57.23
11/4/2011,57.34
11/3/2011,57.69
11/2/2011,56.29
11/1/2011,55.74
10/31/2011,58.14
10/28/2011,60.59
10/27/2011,61.33
10/26/2011,57.82
10/25/2011,56.7
10/24/2011,58.59
10/21/2011,57.87
10/20/2011,56.49
10/19/2011,56.14
10/18/2011,56.85
10/17/2011,55.45
10/14/2011,57.19
10/13/2011,55.75
10/12/2011,56.4
10/11/2011,55.24
10/10/2011,54.75
10/7/2011,53.1
10/6/2011,52.79
10/5/2011,51.37
10/4/2011,49.79
10/3/2011,48.6
9/30/2011,51.37
9/29/2011,52.95
9/28/2011,53.04
9/27/2011,54.06
9/26/2011,52.79
9/23/2011,50.85
9/22/2011,50.11
9/21/2011,52.63
9/20/2011,55.2
9/19/2011,55.14
9/16/2011,56.73
9/15/2011,56.49
9/14/2011,55.01
9/13/2011,54.27
9/12/2011,53.45
9/9/2011,53.24
9/8/2011,55
9/7/2011,55.85
9/6/2011,53.77
9/2/2011,54.17
9/1/2011,56.9
8/31/2011,58.28
8/30/2011,57.13
8/29/2011,58.04
8/26/2011,55.97
8/25/2011,55.32
8/24/2011,56.32
8/23/2011,54.81
8/22/2011,52.74
8/19/2011,52.75
8/18/2011,53.9
8/17/2011,56.81
8/16/2011,57.28
8/15/2011,57.97
8/12/2011,56.6
8/11/2011,56.93
8/10/2011,53.61
8/9/2011,56.36
8/8/2011,54.17
8/5/2011,59.9
8/4/2011,59.37
8/3/2011,63.24
8/2/2011,63.1
8/1/2011,65.69
7/29/2011,66.6
7/28/2011,68.15
7/27/2011,68.49
7/26/2011,69.82
7/25/2011,70.65
7/22/2011,70.6
7/21/2011,71.11
7/20/2011,69.56
7/19/2011,69.15
7/18/2011,68.57
7/15/2011,69.14
7/14/2011,68.82
7/13/2011,68.62
7/12/2011,68.68
7/11/2011,69.24
7/8/2011,71.17
7/7/2011,72.7
7/6/2011,71.62
7/5/2011,71.95
7/1/2011,72.14
6/30/2011,70.9
6/29/2011,70
6/28/2011,69.11
6/27/2011,67.46
6/24/2011,66.24
6/23/2011,67.01
6/22/2011,67.73
6/21/2011,68.15
6/20/2011,67.18
6/17/2011,66.74
6/16/2011,66.36
6/15/2011,66.64
6/14/2011,68.84
6/13/2011,67.05
6/10/2011,66.75
6/9/2011,67.97
6/8/2011,67.18
6/7/2011,68.02
6/6/2011,67.97
6/3/2011,68.44
6/2/2011,69.51
6/1/2011,68.88
5/31/2011,71.22
5/27/2011,70.62
5/26/2011,70.4
5/25/2011,70.37
5/24/2011,70.09
5/23/2011,70.29
5/20/2011,71.1
5/19/2011,71.98
5/18/2011,71.75
5/17/2011,70.65
5/16/2011,70.92
5/13/2011,71.68
5/12/2011,72.78
5/11/2011,71.96
5/10/2011,73.09
5/9/2011,72.17
5/6/2011,71.8
5/5/2011,71.84
5/4/2011,72.72
5/3/2011,73.47
5/2/2011,74.08
4/29/2011,74.33
4/28/2011,74.22
4/27/2011,74.46
4/26/2011,73.44
4/25/2011,73.27
4/21/2011,73.57
4/20/2011,73.44
4/19/2011,72.07
4/18/2011,71.84
4/15/2011,73.03
4/14/2011,73.24
4/13/2011,73.08
4/12/2011,73.34
4/11/2011,74.51
4/8/2011,74.73
4/7/2011,74.72
4/6/2011,74.75
4/5/2011,74.08
4/4/2011,73.9
4/1/2011,73.81
3/31/2011,73.55
3/30/2011,73.72
3/29/2011,73.57
3/28/2011,72.38
3/25/2011,72.91
3/24/2011,72.34
3/23/2011,71.3
3/22/2011,70.98
3/21/2011,71.24
3/18/2011,70.05
3/17/2011,69.64
3/16/2011,68.52
3/15/2011,70.38
3/14/2011,71.54
3/11/2011,72.41
3/10/2011,71.74
3/9/2011,73.52
3/8/2011,74.3
3/7/2011,73.26
3/4/2011,73.87
3/3/2011,74.93
3/2/2011,72.93
3/1/2011,72.12
2/28/2011,73.54
2/25/2011,73.27
2/24/2011,72.49
2/23/2011,73.08
2/22/2011,73.56
2/18/2011,76.19
2/17/2011,75.78
2/16/2011,75.83
2/15/2011,75.43
2/14/2011,75.87
2/11/2011,75.85
2/10/2011,75.94
2/9/2011,75.45
2/8/2011,76.24
2/7/2011,75.4
2/4/2011,75.05
2/3/2011,74.06
2/2/2011,73.61
2/1/2011,73.52
1/31/2011,71.96
1/28/2011,70.88
1/27/2011,72.67
1/26/2011,72.94
1/25/2011,71.69
1/24/2011,72.54
1/21/2011,72.18
1/20/2011,72.48
1/19/2011,71.58
1/18/2011,72.83
1/14/2011,72.26
1/13/2011,71.46
1/12/2011,72
1/11/2011,71.16
1/10/2011,70.75
1/7/2011,70.99
1/6/2011,71.67
1/5/2011,72.13
1/4/2011,70.69
1/3/2011,70.59
12/31/2010,69.55
12/30/2010,70.36
12/29/2010,70.18
12/28/2010,71.25
12/27/2010,70.11
12/23/2010,70.57
12/22/2010,70.45
12/21/2010,69.48
12/20/2010,69.73
12/17/2010,69.22
12/16/2010,70.3
12/15/2010,70.21
12/14/2010,70.16
12/13/2010,68.85
12/10/2010,69.04
12/9/2010,68.29
12/8/2010,68.22
12/7/2010,67.53
12/6/2010,66.04
12/3/2010,66.71
12/2/2010,66.45
12/1/2010,65.32
11/30/2010,62.81
11/29/2010,63.46
11/26/2010,63.61
11/24/2010,64.84
11/23/2010,62.86
11/22/2010,64.19
11/19/2010,64.61
11/18/2010,64.94
11/17/2010,63.58
11/16/2010,63.17
11/15/2010,65.02
11/12/2010,64.14
11/11/2010,64.58
11/10/2010,64.56
11/9/2010,64.53
11/8/2010,64.16
11/5/2010,64.2
11/4/2010,63.52
11/3/2010,63.08
11/2/2010,62.18
11/1/2010,62.17
10/29/2010,61.85
10/28/2010,62.17
10/27/2010,62.4
10/26/2010,62.12
10/25/2010,61.47
10/22/2010,61.56
10/21/2010,61.25
10/20/2010,60.81
10/19/2010,60.34
10/18/2010,61.22
10/15/2010,61.58
10/14/2010,60.85
10/13/2010,60.44
10/12/2010,59.81
10/11/2010,59.43
10/8/2010,59.34
10/7/2010,59.08
10/6/2010,58.88
10/5/2010,59.33
10/4/2010,58.21
10/1/2010,58.83
9/30/2010,58.4
9/29/2010,58.64
9/28/2010,58.43
9/27/2010,58.61
9/24/2010,59.62
9/23/2010,58.01
9/22/2010,58.5
9/21/2010,59.05
9/20/2010,59.8
9/17/2010,59.16
9/16/2010,59.4
9/15/2010,58.96
9/14/2010,58.29
9/13/2010,58.72
9/10/2010,58.38
9/9/2010,57.81
9/8/2010,56.93
9/7/2010,56.22
9/3/2010,57.49
9/2/2010,56.32
9/1/2010,55.65
8/31/2010,53.23
8/30/2010,53.45
8/27/2010,55.15
8/26/2010,53.28
8/25/2010,54.1
8/24/2010,54.29
8/23/2010,55.1
8/20/2010,55.4
8/19/2010,55.31
8/18/2010,56.54
8/17/2010,56.84
8/16/2010,55.82
8/13/2010,56.57
8/12/2010,57.08
8/11/2010,57.31
8/10/2010,59.91
8/9/2010,60.42
8/6/2010,60.01
8/5/2010,60.77
8/4/2010,61.05
8/3/2010,60.48
8/2/2010,61.04
7/30/2010,59.27
7/29/2010,60.07
7/28/2010,60.36
7/27/2010,61.1
7/26/2010,60.6
7/23/2010,60.14
7/22/2010,59.01
7/21/2010,57.4
7/20/2010,58.67
7/19/2010,57.95
7/16/2010,57.69
7/15/2010,59.39
7/14/2010,59.92
7/13/2010,60.39
7/12/2010,59.25
7/9/2010,59.06
7/8/2010,58.52
7/7/2010,57.86
7/6/2010,55.66
7/2/2010,55.48
7/1/2010,55.52
6/30/2010,56
6/29/2010,56.64
6/28/2010,59.01
6/25/2010,59.66
6/24/2010,59.57
6/23/2010,60.37
6/22/2010,60.82
6/21/2010,62.52
6/18/2010,62.35
6/17/2010,62.2
6/16/2010,62.72
6/15/2010,62.91
6/14/2010,61.34
6/11/2010,60.84
6/10/2010,61.32
6/9/2010,58.9
6/8/2010,59.01
6/7/2010,58.51
6/4/2010,59.47
6/3/2010,62.84
6/2/2010,62.25
6/1/2010,60.5
5/28/2010,61.63
5/27/2010,62.48
5/26/2010,59.52
5/25/2010,59.8
5/24/2010,60.11
5/21/2010,60.63
5/20/2010,60.22
5/19/2010,63.14
5/18/2010,63.68
5/17/2010,65.26
5/14/2010,64.99
5/13/2010,67.07
5/12/2010,67.95
5/11/2010,66.67
5/10/2010,66.89
5/7/2010,63.45
5/6/2010,63.63
5/5/2010,67.62
5/4/2010,68.42
5/3/2010,70.72
4/30/2010,69.63
4/29/2010,71.43
4/28/2010,70.93
4/27/2010,69.87
4/26/2010,72.47
4/23/2010,72.71
4/22/2010,71.83
4/21/2010,71.57
4/20/2010,72.39
4/19/2010,71.94
4/16/2010,71.4
4/15/2010,73.03
4/14/2010,72.97
4/13/2010,71.73
4/12/2010,71.94
4/9/2010,72.31
4/8/2010,71.93
4/7/2010,71.47
4/6/2010,72.7
4/5/2010,72.55
4/1/2010,71.05
3/31/2010,70.4
3/30/2010,70.95
3/29/2010,71
3/26/2010,70.71
3/25/2010,70.92
3/24/2010,70.53
3/23/2010,69.72
3/22/2010,69.12
3/19/2010,68.82
3/18/2010,69.23
3/17/2010,69.1
3/16/2010,68.87
3/15/2010,68.77
3/12/2010,68.8
3/11/2010,68.96
3/10/2010,68.83
3/9/2010,68.45
3/8/2010,68.27
3/5/2010,68.08
3/4/2010,66.61
3/3/2010,66.68
3/2/2010,66.59
3/1/2010,66.34
2/26/2010,65.56
2/25/2010,65.92
2/24/2010,66.38
2/23/2010,65.92
2/22/2010,67.41
2/19/2010,67.1
2/18/2010,67.4
2/17/2010,66.68
2/16/2010,65.75
2/12/2010,65.03
2/11/2010,65.05
2/10/2010,64.08
2/9/2010,63.85
2/8/2010,62.91
2/5/2010,62.84
2/4/2010,63.34
2/3/2010,66.23
2/2/2010,65.71
2/1/2010,65.18
1/29/2010,63.89
1/28/2010,64.78
1/27/2010,65.59
1/26/2010,65.19
1/25/2010,65.48
1/22/2010,65.1
1/21/2010,66.42
1/20/2010,68.18
1/19/2010,69.37
1/15/2010,68.43
1/14/2010,69.57
1/13/2010,69.85
1/12/2010,68.88
1/11/2010,70.4
1/8/2010,70.17
1/7/2010,70.03
1/6/2010,69.74
1/5/2010,69.26
1/4/2010,69.61
12/31/2009,68.34
12/30/2009,68.73
12/29/2009,68.99
12/28/2009,69.32
12/24/2009,69.12
12/23/2009,68.3
12/22/2009,68.09
12/21/2009,67.32
12/18/2009,65.92
12/17/2009,65.33
12/16/2009,66.85
12/15/2009,66.71
12/14/2009,66.71
12/11/2009,66.5
12/10/2009,65.87
12/9/2009,65.04
12/8/2009,64.56
12/7/2009,65.67
12/4/2009,66.08
12/3/2009,64.8
12/2/2009,64.87
12/1/2009,64.69
11/30/2009,63.38
11/27/2009,63.15
11/25/2009,64.82
11/24/2009,64.82
11/23/2009,65.2
11/20/2009,64.41
11/19/2009,64.69
11/18/2009,65.71
11/17/2009,65.34
11/16/2009,65.39
11/13/2009,65.27
11/12/2009,65.31
11/11/2009,65.59
11/10/2009,65.87
11/9/2009,65.81
11/6/2009,64.3
11/5/2009,64.24
11/4/2009,63.32
11/3/2009,62.5
11/2/2009,61.95
10/30/2009,61.42
10/29/2009,63.92
10/28/2009,61.97
10/27/2009,63.66
10/26/2009,64.6
10/23/2009,64.7
10/22/2009,65.2
10/21/2009,64.36
10/20/2009,64.57
10/19/2009,65.07
10/16/2009,64.71
10/15/2009,65.61
10/14/2009,65.15
10/13/2009,63.24
10/12/2009,63.82
10/9/2009,63.69
10/8/2009,62.55
10/7/2009,61.37
10/6/2009,61.5
10/5/2009,60.66
10/2/2009,59.81
10/1/2009,59.96
9/30/2009,62.12
9/29/2009,62.1
9/28/2009,62.45
9/25/2009,61.67
9/24/2009,62.33
9/23/2009,63.36
9/22/2009,64.14
9/21/2009,63.8
9/18/2009,63.7
9/17/2009,63.38
9/16/2009,64.06
9/15/2009,62.86
9/14/2009,62.37
9/11/2009,61.68
9/10/2009,61.76
9/9/2009,62.24
9/8/2009,61.71
9/4/2009,60.83
9/3/2009,59.34
9/2/2009,58.69
9/1/2009,59.37
8/31/2009,60.9
8/28/2009,61.69
8/27/2009,61.8
8/26/2009,61.39
8/25/2009,61.53
8/24/2009,61.79
8/21/2009,62.33
8/20/2009,60.36
8/19/2009,60.11
8/18/2009,59.95
8/17/2009,59.07
8/14/2009,61.2
8/13/2009,61.99
8/12/2009,62
8/11/2009,61.1
8/10/2009,62.58
8/7/2009,63.12
8/6/2009,61.79
8/5/2009,62.35
8/4/2009,62.09
8/3/2009,61.56
7/31/2009,59.86
7/30/2009,60.74
7/29/2009,60.59
7/28/2009,60.92
7/27/2009,61.4
7/24/2009,60.96
7/23/2009,60.65
7/22/2009,58.62
7/21/2009,58.35
7/20/2009,58.64
7/17/2009,58.36
7/16/2009,57.81
7/15/2009,57.48
7/14/2009,55.05
7/13/2009,54.07
7/10/2009,52.5
7/9/2009,53.4
7/8/2009,52.26
7/7/2009,53.42
7/6/2009,54.68
7/2/2009,54.49
7/1/2009,56.42
6/30/2009,56.13
6/29/2009,56.39
6/26/2009,55.96
6/25/2009,56.36
6/24/2009,55.9
6/23/2009,55.12
6/22/2009,55.41
6/19/2009,57.89
6/18/2009,58.08
6/17/2009,56.54
6/16/2009,57.01
6/15/2009,58.02
6/12/2009,59.81
6/11/2009,60.04
6/10/2009,60.41
6/9/2009,59.85
6/8/2009,59.9
6/5/2009,60.12
6/4/2009,59.5
6/3/2009,58.07
6/2/2009,59.21
6/1/2009,59.38
5/29/2009,56.61
5/28/2009,56.76
5/27/2009,56.17
5/26/2009,56.24
5/22/2009,54.48
5/21/2009,54.25
5/20/2009,53.99
5/19/2009,54.73
5/18/2009,54.71
5/15/2009,52.79
5/14/2009,53.1
5/13/2009,52.92
5/12/2009,54.62
5/11/2009,54.88
5/8/2009,56.51
5/7/2009,55.37
5/6/2009,55.12
5/5/2009,54.21
5/4/2009,54.18
5/1/2009,52.73
4/30/2009,52.19
4/29/2009,52.06
4/28/2009,50.6
4/27/2009,50.4
4/24/2009,51.3
4/23/2009,49.87
4/22/2009,49.4
4/21/2009,49.63
4/20/2009,48.39
4/17/2009,50.91
4/16/2009,49.96
4/15/2009,48.85
4/14/2009,48.48
4/13/2009,49.49
4/9/2009,49.87
4/8/2009,47.51
4/7/2009,47.32
4/6/2009,48.56
4/3/2009,48.79
4/2/2009,47.7
4/1/2009,45.72
3/31/2009,45.2
3/30/2009,44.86
3/27/2009,46.83
3/26/2009,47.46
3/25/2009,46.66
3/24/2009,45.91
3/23/2009,46.88
3/20/2009,43.62
3/19/2009,44.46
3/18/2009,45.18
3/17/2009,46.09
3/16/2009,44.57
3/13/2009,44.16
3/12/2009,43.71
3/11/2009,42.11
3/10/2009,42.13
3/9/2009,39.41
3/6/2009,39.76
3/5/2009,39.75
3/4/2009,42.17
3/3/2009,40.82
3/2/2009,41.68
2/27/2009,43.9
2/26/2009,44.53
2/25/2009,44.95
2/24/2009,44.78
2/23/2009,43.39
2/20/2009,44.91
2/19/2009,46
2/18/2009,45.16
2/17/2009,45.26
2/13/2009,48.47
2/12/2009,48.25
2/11/2009,48.22
2/10/2009,48.27
2/9/2009,51.45
2/6/2009,51.54
2/5/2009,49.52
2/4/2009,48.99
2/3/2009,48.96
2/2/2009,47.7
1/30/2009,48.56
1/29/2009,49.58
1/28/2009,50.55
1/27/2009,47.88
1/26/2009,48.12
1/23/2009,47.56
1/22/2009,47.56
1/21/2009,47.58
1/20/2009,44.78
1/16/2009,46.68
1/15/2009,45.86
1/14/2009,45.98
1/13/2009,48.31
1/12/2009,48.29
1/9/2009,49.9
1/8/2009,51.15
1/7/2009,51.19
1/6/2009,52.62
1/5/2009,52.32
1/2/2009,51.28
12/31/2008,48.98
12/30/2008,47.23
12/29/2008,46.45
12/26/2008,46.28
12/24/2008,46.3
12/23/2008,45.78
12/22/2008,46.57
12/19/2008,47.06
12/18/2008,47.46
12/17/2008,48.74
12/16/2008,49.99
12/15/2008,48.52
12/12/2008,49.4
12/11/2008,48.91
12/10/2008,50.29
12/9/2008,49.73
12/8/2008,50.93
12/5/2008,49.14
12/4/2008,47.62
12/3/2008,49.56
12/2/2008,48.72
12/1/2008,47.01
11/28/2008,52.97
11/26/2008,52.65
11/25/2008,51.13
11/24/2008,51.48
11/21/2008,47.72
11/20/2008,45.26
11/19/2008,50.81
11/18/2008,55.14
11/17/2008,54.76
11/14/2008,55.56
11/13/2008,59.36
11/12/2008,55.34
11/11/2008,57.72
11/10/2008,59.99
11/7/2008,61.63
11/6/2008,59.33
11/5/2008,62.93
11/4/2008,66.67
11/3/2008,65.44
10/31/2008,65.52
10/30/2008,64.47
10/29/2008,61.78
10/28/2008,61.85
10/27/2008,54.59
10/24/2008,56.82
10/23/2008,59.51
10/22/2008,59.77
10/21/2008,63.91
10/20/2008,67.02
10/17/2008,63.39
10/16/2008,63.15
10/15/2008,60.69
10/14/2008,66.99
10/13/2008,67.8
10/10/2008,58.72
10/9/2008,60.19
10/8/2008,63.69
10/7/2008,63.96
10/6/2008,66.28
10/3/2008,71.19
10/2/2008,72.39
10/1/2008,76.01
9/30/2008,76.72
9/29/2008,71.89
9/26/2008,79.8
9/25/2008,80.19
9/24/2008,78.44
9/23/2008,78.25
9/22/2008,79.73
9/19/2008,81.34
9/18/2008,76.34
9/17/2008,73.71
9/16/2008,77.29
9/15/2008,76.2
9/12/2008,82.14
9/11/2008,80.81
9/10/2008,79.85
9/9/2008,79.08
9/8/2008,82.36
9/5/2008,80.77
9/4/2008,80.47
9/3/2008,83.34
9/2/2008,83.75
8/29/2008,84.7
8/28/2008,85.29
8/27/2008,84.22
8/26/2008,83.66
8/25/2008,83.37
8/22/2008,85.69
8/21/2008,84.54
8/20/2008,84.2
8/19/2008,84.18
8/18/2008,84.82
8/15/2008,86.31
8/14/2008,86.33
8/13/2008,86.32
8/12/2008,86.47
8/11/2008,88.09
8/8/2008,86.62
8/7/2008,85.08
8/6/2008,87.64
8/5/2008,86.84
8/4/2008,84.22
8/1/2008,84.83
7/31/2008,85.59
7/30/2008,87.3
7/29/2008,85.69
7/28/2008,83.77
7/25/2008,85.96
7/24/2008,85.08
7/23/2008,88.13
7/22/2008,87.15
7/21/2008,85.98
7/18/2008,86.06
7/17/2008,85.35
7/16/2008,83.88
7/15/2008,80.95
7/14/2008,82.17
7/11/2008,83.57
7/10/2008,83.5
7/9/2008,83.15
7/8/2008,85.12
7/7/2008,84.04
7/3/2008,85.22
7/2/2008,84.88
7/1/2008,86.92
6/30/2008,86.51
6/27/2008,86.38
6/26/2008,87.18
6/25/2008,90.6
6/24/2008,89.99
6/23/2008,90.85
6/20/2008,90.75
6/19/2008,93
6/18/2008,92.51
6/17/2008,94.18
6/16/2008,94.69
6/13/2008,94.89
6/12/2008,93.4
6/11/2008,92.08
6/10/2008,93.63
6/9/2008,93.32
6/6/2008,92.9
6/5/2008,96.77
6/4/2008,94.05
6/3/2008,93.6
6/2/2008,94.77
5/30/2008,96.27
5/29/2008,96.53
5/28/2008,95.4
5/27/2008,94.23
5/23/2008,92.48
5/22/2008,94.68
5/21/2008,93.73
5/20/2008,95.1
5/19/2008,96.49
5/16/2008,96.34
5/15/2008,96.27
5/14/2008,95.89
5/13/2008,95.4
5/12/2008,94.27
5/9/2008,93.2
5/8/2008,93.78
5/7/2008,94.83
5/6/2008,96.84
5/5/2008,95.41
5/2/2008,95.82
5/1/2008,94.8
4/30/2008,93.28
4/29/2008,94.26
4/28/2008,94.75
4/25/2008,95.06
4/24/2008,93.9
4/23/2008,92.7
4/22/2008,92.71
4/21/2008,93.27
4/18/2008,93.76
4/17/2008,92.5
4/16/2008,92.16
4/15/2008,88.77
4/14/2008,87.81
4/11/2008,87.8
4/10/2008,90.09
4/9/2008,89.63
4/8/2008,91.23
4/7/2008,91.25
4/4/2008,90.64
4/3/2008,91.96
4/2/2008,91.86
4/1/2008,91.68
3/31/2008,87.74
3/28/2008,87.59
3/27/2008,88.58
3/26/2008,88.48
3/25/2008,89.34
3/24/2008,89.54
3/20/2008,86.25
3/19/2008,85.16
3/18/2008,87.98
3/17/2008,83.82
3/14/2008,85.21
3/13/2008,87.69
3/12/2008,87
3/11/2008,89.3
3/10/2008,84.94
3/7/2008,87.15
3/6/2008,88.52
3/5/2008,90.7
3/4/2008,89.04
3/3/2008,88.87
2/29/2008,88.79
2/28/2008,92.68
2/27/2008,94.91
2/26/2008,95.24
2/25/2008,94.59
2/22/2008,92.51
2/21/2008,91.78
2/20/2008,93.69
2/19/2008,93.32
2/15/2008,92.26
2/14/2008,92.71
2/13/2008,92.28
2/12/2008,90.99
2/11/2008,89.63
2/8/2008,89.5
2/7/2008,90.87
2/6/2008,89.01
2/5/2008,89.59
2/4/2008,92.42
2/1/2008,93.16
1/31/2008,92.34
1/30/2008,91.15
1/29/2008,91.15
1/28/2008,90.15
1/25/2008,88.84
1/24/2008,90.75
1/23/2008,88.24
1/22/2008,86.57
1/18/2008,88.49
1/17/2008,89.08
1/16/2008,92.2
1/15/2008,92.73
1/14/2008,95.72
1/11/2008,95.06
1/10/2008,96.62
1/9/2008,94.87
1/8/2008,94.31
1/7/2008,95.85
1/4/2008,96.18
1/3/2008,98.88
1/2/2008,98.73
12/31/2007,101.33
12/28/2007,102.48
12/27/2007,103.9
12/26/2007,106.14
12/24/2007,105.12
12/21/2007,103.94
12/20/2007,100.99
12/19/2007,100.88
12/18/2007,101.44
12/17/2007,101.67
12/14/2007,103.65
12/13/2007,104.42
12/12/2007,103.53
12/11/2007,101.99
12/10/2007,106.34
12/7/2007,105.17
12/6/2007,103.9
12/5/2007,101.6
12/4/2007,99.68
12/3/2007,100.51
11/30/2007,101.75
11/29/2007,100.4
11/28/2007,101.05
11/27/2007,97.47
11/26/2007,95.36
11/23/2007,99.21
11/21/2007,97.83
11/20/2007,99.99
11/19/2007,99.42
11/16/2007,101.55
11/15/2007,101.52
11/14/2007,103.82
11/13/2007,104.18
11/12/2007,100.91
11/9/2007,101.91
11/8/2007,103.92
11/7/2007,104.73
11/6/2007,107.68
11/5/2007,105.89
11/2/2007,106.4
11/1/2007,106.89
10/31/2007,110.9
10/30/2007,108.59
10/29/2007,109.3
10/26/2007,109.09
10/25/2007,107.58
10/24/2007,107.21
10/23/2007,108.17
10/22/2007,107.1
10/19/2007,106.69
10/18/2007,110.66
10/17/2007,111.52
10/16/2007,112.45
10/15/2007,113.33
10/12/2007,114.4
10/11/2007,113.46
10/10/2007,113.86
10/9/2007,114.07
10/8/2007,113.08
10/5/2007,113.62
10/4/2007,110.99
10/3/2007,111.12
10/2/2007,111.22
10/1/2007,111.63
9/28/2007,110.64
9/27/2007,111.09
9/26/2007,111.11
9/25/2007,110.48
9/24/2007,110.61
9/21/2007,110.89
9/20/2007,111.18
9/19/2007,110.39
9/18/2007,108.98
9/17/2007,105.61
9/14/2007,106.19
9/13/2007,106.36
9/12/2007,105.09
9/11/2007,104.4
9/10/2007,102.98
9/7/2007,103.86
9/6/2007,106.46
9/5/2007,106.02
9/4/2007,107.77
8/31/2007,106.67
8/30/2007,105.26
8/29/2007,106.14
8/28/2007,104.01
8/27/2007,106.55
8/24/2007,108.01
8/23/2007,106.91
8/22/2007,107.37
8/21/2007,105.77
8/20/2007,106.03
8/17/2007,106.46
8/16/2007,103.88
8/15/2007,104.11
8/14/2007,105.31
8/13/2007,107.16
8/10/2007,106.98
8/9/2007,107.66
8/8/2007,111.24
8/7/2007,108.43
8/6/2007,107.33
8/3/2007,105.07
8/2/2007,108.29
8/1/2007,107.57
7/31/2007,106.97
7/30/2007,108.76
7/27/2007,106.9
7/26/2007,108.96
7/25/2007,112.73
7/24/2007,112.97
7/23/2007,115.02
7/20/2007,114.64
7/19/2007,116.4
7/18/2007,115.81
7/17/2007,116.85
7/16/2007,116.43
7/13/2007,117.23
7/12/2007,117.03
7/11/2007,114.79
7/10/2007,113.46
7/9/2007,116.44
7/6/2007,116.81
7/5/2007,115.68
7/3/2007,114.78
7/2/2007,113.81
6/29/2007,112.91
6/28/2007,114.06
6/27/2007,113.81
6/26/2007,112.56
6/25/2007,113.46
6/22/2007,114.65
6/21/2007,116.07
6/20/2007,114.89
6/19/2007,116.05
6/18/2007,116.46
6/15/2007,116.75
6/14/2007,116.56
6/13/2007,115.64
6/12/2007,114.57
6/11/2007,114.65
6/8/2007,114.23
6/7/2007,112.63
6/6/2007,113.25
6/5/2007,114.46
6/4/2007,114.4
6/1/2007,114.73
5/31/2007,113.58
5/30/2007,113.64
5/29/2007,112.83
5/25/2007,112.23
5/24/2007,111.75
5/23/2007,112.81
5/22/2007,112.42
5/21/2007,112.1
5/18/2007,112.21
5/17/2007,110.76
5/16/2007,110.45
5/15/2007,109.81
5/14/2007,109.57
5/11/2007,109.59
5/10/2007,108.39
5/9/2007,109.77
5/8/2007,109.04
5/7/2007,109.07
5/4/2007,109.12
5/3/2007,109.07
5/2/2007,108.26
5/1/2007,107.65
4/30/2007,107.3
4/27/2007,109.07
4/26/2007,108.95
4/25/2007,108.37
4/24/2007,107.26
4/23/2007,107.47
4/20/2007,107.95
4/19/2007,106.96
4/18/2007,106.82
4/17/2007,107.05
4/16/2007,107.29
4/13/2007,106.54
4/12/2007,105.9
4/11/2007,105.41
4/10/2007,105.82
4/9/2007,105.87
4/6/2007,105.76
4/5/2007,105.07
4/4/2007,104.51
4/3/2007,104.5
4/2/2007,103.33
3/30/2007,103.23
3/29/2007,102.94
3/28/2007,102.76
3/27/2007,103.39
3/26/2007,103.45
3/23/2007,103.71
3/22/2007,103.35
3/21/2007,102.51
3/20/2007,101.2
3/19/2007,100.83
3/16/2007,99.32
3/15/2007,99.57
3/14/2007,99.38
3/13/2007,98.4
3/12/2007,100.76
3/9/2007,100.88
3/8/2007,100.08
3/7/2007,99.14
3/6/2007,99.53
3/5/2007,97.83
3/2/2007,98.75
3/1/2007,100.45
2/28/2007,100.61
2/27/2007,99.26
2/26/2007,104.5
2/23/2007,105.08
2/22/2007,106
2/21/2007,105.69
2/20/2007,105.62
2/16/2007,105.48
2/15/2007,105.68
2/14/2007,105.86
2/13/2007,106
2/12/2007,105.02
2/9/2007,105.16
2/8/2007,105.38
2/7/2007,105.61
2/6/2007,105.6
2/5/2007,106.07
2/2/2007,106.18
2/1/2007,106.03
1/31/2007,105.39
1/30/2007,105.32
1/29/2007,104.82
1/26/2007,104.75
1/25/2007,104.69
1/24/2007,105.34
1/23/2007,104.46
1/22/2007,103.62
1/19/2007,104.14
1/18/2007,103.73
1/17/2007,104.47
1/16/2007,104.07
1/12/2007,104.3
1/11/2007,103.24
1/10/2007,102.19
1/9/2007,101.6
1/8/2007,101.73
1/5/2007,101.23
1/4/2007,101.78
1/3/2007,101.99
1/2/2007,102.45
12/29/2006,102.65
12/28/2006,102.93
12/27/2006,102.8
12/26/2006,101.69
12/22/2006,101.29
12/21/2006,101.19
12/20/2006,101.99
12/19/2006,102.05
12/18/2006,101.79
12/15/2006,102.02
12/14/2006,101.98
12/13/2006,100.91
12/12/2006,99.92
12/11/2006,100.25
12/8/2006,100.25
12/7/2006,99.49
12/6/2006,99.9
12/5/2006,99.68
12/4/2006,99.13
12/1/2006,98.35
11/30/2006,98.72
11/29/2006,99.26
11/28/2006,98.11
11/27/2006,97.99
11/24/2006,99.46
11/22/2006,100.02
11/21/2006,99.93
11/20/2006,100.01
11/17/2006,100.04
11/16/2006,100.5
11/15/2006,99.82
11/14/2006,99.1
11/13/2006,98.8
11/10/2006,98.4
11/9/2006,98.68
11/8/2006,99.21
11/7/2006,99.32
11/6/2006,99.37
11/3/2006,98.32
11/2/2006,97.47
11/1/2006,97.29
10/31/2006,98.44
10/30/2006,99.09
10/27/2006,99.21
10/26/2006,100.24
10/25/2006,100.55
10/24/2006,100.73
10/23/2006,100.42
10/20/2006,99.51
10/19/2006,99.47
10/18/2006,99.17
10/17/2006,99.24
10/16/2006,99.62
10/13/2006,99.56
10/12/2006,99.04
10/11/2006,98.24
10/10/2006,97.99
10/9/2006,97.41
10/6/2006,97.33
10/5/2006,96.66
10/4/2006,96.04
10/3/2006,95.33
10/2/2006,95.15
9/29/2006,95.58
9/28/2006,95.69
9/27/2006,95.42
9/26/2006,95.23
9/25/2006,94.31
9/22/2006,93.95
9/21/2006,94.71
9/20/2006,95.85
9/19/2006,95.51
9/18/2006,96.48
9/15/2006,96.13
9/14/2006,95.87
9/13/2006,95.6
9/12/2006,95.36
9/11/2006,94.69
9/8/2006,94.34
9/7/2006,94.27
9/6/2006,94.84
9/5/2006,95.49
9/1/2006,94.76
8/31/2006,94.29
8/30/2006,94.57
8/29/2006,94.66
8/28/2006,94.64
8/25/2006,94.12
8/24/2006,94.1
8/23/2006,94.32
8/22/2006,94.62
8/21/2006,94.71
8/18/2006,95.15
8/17/2006,94.97
8/16/2006,94.81
8/15/2006,94.49
8/14/2006,94.05
8/11/2006,93.67
8/10/2006,93.57
8/9/2006,93.16
8/8/2006,93.37
8/7/2006,93.65
8/4/2006,93.75
8/3/2006,94.32
8/2/2006,94.22
8/1/2006,93.87
7/31/2006,94.23
7/28/2006,94.37
7/27/2006,93.96
7/26/2006,93.97
7/25/2006,94.07
7/24/2006,93.58
7/21/2006,91.86
7/20/2006,92.38
7/19/2006,93.25
7/18/2006,92.64
7/17/2006,91.68
7/14/2006,91.8
7/13/2006,92.18
7/12/2006,93.89
7/11/2006,94.97
7/10/2006,94.85
7/7/2006,94.71
7/6/2006,95.81
7/5/2006,96
7/3/2006,95.9
6/30/2006,95.1
6/29/2006,96.02
6/28/2006,94.51
6/27/2006,93.54
6/26/2006,94.6
6/23/2006,94.09
6/22/2006,93.87
6/21/2006,93.93
6/20/2006,93.22
6/19/2006,92.83
6/16/2006,93.48
6/15/2006,93.74
6/14/2006,91.38
6/13/2006,90.03
6/12/2006,91.29
6/9/2006,92.29
6/8/2006,92.77
6/7/2006,93.09
6/6/2006,93.64
6/5/2006,94.15
6/2/2006,95.33
6/1/2006,96.23
5/31/2006,95.25
5/30/2006,94.06
5/26/2006,95.43
5/25/2006,95.05
5/24/2006,93.61
5/23/2006,93.15
5/22/2006,93.67
5/19/2006,94.34
5/18/2006,94.03
5/17/2006,95.34
5/16/2006,96.78
5/15/2006,97.43
5/12/2006,97.45
5/11/2006,98.17
5/10/2006,99
5/9/2006,99.16
5/8/2006,98.97
5/5/2006,99.09
5/4/2006,98.59
5/3/2006,98.25
5/2/2006,98.29
5/1/2006,97.75
4/28/2006,97.71
4/27/2006,97.77
4/26/2006,97.4
4/25/2006,97.16
4/24/2006,96.71
4/21/2006,97.19
4/20/2006,97.52
4/19/2006,97.38
4/18/2006,96.68
4/17/2006,95.38
4/13/2006,95.7
4/12/2006,95.23
4/11/2006,94.69
4/10/2006,95.8
4/7/2006,95.66
4/6/2006,95.96
4/5/2006,95.51
4/4/2006,95.44
4/3/2006,94.72
3/31/2006,94.4
3/30/2006,94.66
3/29/2006,94.4
3/28/2006,93.51
3/27/2006,93.39
3/24/2006,93.22
3/23/2006,93.72
3/22/2006,93.64
3/21/2006,93.28
3/20/2006,93.34
3/17/2006,93.63
3/16/2006,93.31
3/15/2006,93.81
3/14/2006,93.01
3/13/2006,92.73
3/10/2006,92.34
3/9/2006,91.36
3/8/2006,91.93
3/7/2006,91.73
3/6/2006,91.86
3/3/2006,91.81
3/2/2006,91.69
3/1/2006,91.21
2/28/2006,90.11
2/27/2006,91.39
2/24/2006,91.01
2/23/2006,90.78
2/22/2006,90.61
2/21/2006,90.4
2/17/2006,90.47
2/16/2006,91.27
2/15/2006,90.68
2/14/2006,90.49
2/13/2006,89.32
2/10/2006,89.39
2/9/2006,88.93
2/8/2006,89.35
2/7/2006,88.31
2/6/2006,88.75
2/3/2006,88.51
2/2/2006,89.43
2/1/2006,90.57
1/31/2006,90.09
1/30/2006,90.58
1/27/2006,90.4
1/26/2006,89.78
1/25/2006,88.88
1/24/2006,88
1/23/2006,87.61
1/20/2006,87.3
1/19/2006,89.08
1/18/2006,88.49
1/17/2006,88.78
1/13/2006,89.11
1/12/2006,89.82
1/11/2006,90.75
1/10/2006,90.23
1/9/2006,89.68
1/6/2006,89.42
1/5/2006,88.45
1/4/2006,88.36
1/3/2006,88.03
12/30/2005,86.75
12/29/2005,86.91
12/28/2005,87.36
12/27/2005,86.98
12/23/2005,88.19
12/22/2005,88.72
12/21/2005,88.87
12/20/2005,88.57
12/19/2005,88.38
12/16/2005,88.87
12/15/2005,89.36
12/14/2005,89.52
12/13/2005,89.96
12/12/2005,89.48
12/9/2005,89.25
12/8/2005,88.46
12/7/2005,89.03
12/6/2005,89.33
12/5/2005,89.85
12/2/2005,89.65
12/1/2005,89.61
11/30/2005,88.47
11/29/2005,88.92
11/28/2005,88.33
11/25/2005,89.28
11/23/2005,89.6
11/22/2005,88.65
11/21/2005,88.41
11/18/2005,88.17
11/17/2005,87.4
11/16/2005,86.87
11/15/2005,87.31
11/14/2005,88.13
11/11/2005,87.67
11/10/2005,87.36
11/9/2005,87.37
11/8/2005,86.71
11/7/2005,87.37
11/4/2005,87.48
11/3/2005,87.5
11/2/2005,86.62
11/1/2005,85.47
10/31/2005,85.56
10/28/2005,84.94
10/27/2005,83.71
10/26/2005,84.92
10/25/2005,84.4
10/24/2005,84.15
10/21/2005,82.36
10/20/2005,82.65
10/19/2005,84.19
10/18/2005,82.94
10/17/2005,83.89
10/14/2005,83.54
10/13/2005,82.63
10/12/2005,82.29
10/11/2005,82.41
10/10/2005,82.32
10/7/2005,82.99
10/6/2005,82.87
10/5/2005,83.07
10/4/2005,84.36
10/3/2005,85.53
9/30/2005,85.19
9/29/2005,84.74
9/28/2005,83.84
9/27/2005,84.2
9/26/2005,84.1
9/23/2005,83.65
9/22/2005,83.07
9/21/2005,82.92
9/20/2005,84.18
9/19/2005,85.06
9/16/2005,85.39
9/15/2005,84.4
9/14/2005,83.98
9/13/2005,84.01
9/12/2005,84.76
9/9/2005,84.47
9/8/2005,83.96
9/7/2005,84.19
9/6/2005,83.49
9/2/2005,82.07
9/1/2005,82.09
8/31/2005,81.98
8/30/2005,81.58
8/29/2005,82.52
8/26/2005,82.07
8/25/2005,82.36
8/24/2005,82.4
8/23/2005,83.22
8/22/2005,83.58
8/19/2005,83.54
8/18/2005,83.34
8/17/2005,83.85
8/16/2005,83.43
8/15/2005,84.89
8/12/2005,84.19
8/11/2005,85.49
8/10/2005,85.67
8/9/2005,85.68
8/8/2005,85.41
8/5/2005,85.38
8/4/2005,85.4
8/3/2005,85.88
8/2/2005,86.06
8/1/2005,85.3
7/29/2005,84.97
7/28/2005,84.91
7/27/2005,85.07
7/26/2005,84.58
7/25/2005,84.55
7/22/2005,84.55
7/21/2005,84.56
7/20/2005,84.03
7/19/2005,84.14
7/18/2005,83.92
7/15/2005,83.7
7/14/2005,83.86
7/13/2005,83.47
7/12/2005,83.14
7/11/2005,82.64
7/8/2005,82.34
7/7/2005,80.9
7/6/2005,80.84
7/5/2005,81.85
7/1/2005,80.66
6/30/2005,79.6
6/29/2005,80.5
6/28/2005,80.51
6/27/2005,79.31
6/24/2005,79.46
6/23/2005,80.41
6/22/2005,81.47
6/21/2005,82.3
6/20/2005,82.76
6/17/2005,82.55
6/16/2005,82.22
6/15/2005,82.34
6/14/2005,82.3
6/13/2005,81.73
6/10/2005,81.13
6/9/2005,80.64
6/8/2005,80.13
6/7/2005,80.05
6/6/2005,80.4
6/3/2005,80.59
6/2/2005,80.39
6/1/2005,80.35
5/31/2005,80.38
5/27/2005,81.62
5/26/2005,81.48
5/25/2005,81.08
5/24/2005,80.81
5/23/2005,81.15
5/20/2005,81.23
5/19/2005,81.29
5/18/2005,80.74
5/17/2005,80.34
5/16/2005,79.85
5/13/2005,79.11
5/12/2005,79.62
5/11/2005,80.7
5/10/2005,80.46
5/9/2005,81.71
5/6/2005,81.23
5/5/2005,80.84
5/4/2005,81.03
5/3/2005,80.26
5/2/2005,80.06
4/29/2005,79.72
4/28/2005,78.52
4/27/2005,79.98
4/26/2005,79.92
4/25/2005,80.54
4/22/2005,80.18
4/21/2005,80.87
4/20/2005,78.78
4/19/2005,79.82
4/18/2005,79.54
4/15/2005,79.51
4/14/2005,81.44
4/13/2005,82.48
4/12/2005,83.31
4/11/2005,83.57
4/8/2005,83.91
4/7/2005,84.73
4/6/2005,83.97
4/5/2005,83.83
4/4/2005,83.29
4/1/2005,83.13
3/31/2005,83.87
3/30/2005,84.5
3/29/2005,83.76
3/28/2005,84.56
3/24/2005,84.15
3/23/2005,84.24
3/22/2005,84.36
3/21/2005,84.59
3/18/2005,84.75
3/17/2005,84.66
3/16/2005,84.8
3/15/2005,85.75
3/14/2005,86.18
3/11/2005,85.85
3/10/2005,85.87
3/9/2005,86.09
3/8/2005,85.85
3/7/2005,85.54
3/4/2005,85.71
3/3/2005,85.46
3/2/2005,85.37
3/1/2005,85.28
2/28/2005,84.71
2/25/2005,84.6
2/24/2005,83.97
2/23/2005,83.34
2/22/2005,82.91
2/18/2005,83.9
2/17/2005,83.19
2/16/2005,83.5
2/15/2005,83.09
2/14/2005,82.51
2/11/2005,82.83
2/10/2005,81.96
2/9/2005,80.89
2/8/2005,81.85
2/7/2005,81.94
2/4/2005,82.4
2/3/2005,82.32
2/2/2005,82.53
2/1/2005,82.29
1/31/2005,81.74
1/28/2005,81.37
1/27/2005,81.93
1/26/2005,81.78
1/25/2005,81.53
1/24/2005,80.73
1/21/2005,81.11
1/20/2005,81.82
1/19/2005,82.44
1/18/2005,83.33
1/14/2005,82.81
1/13/2005,82.25
1/12/2005,83.4
1/11/2005,83.24
1/10/2005,84.18
1/7/2005,83.96
1/6/2005,84.09
1/5/2005,83.76
1/4/2005,84.52
1/3/2005,85.02
12/31/2004,85.56
12/30/2004,86.2
12/29/2004,86.89
12/28/2004,86.54
12/27/2004,86.08
12/23/2004,85.55
12/22/2004,85.35
12/21/2004,84.83
12/20/2004,84.48
12/17/2004,84.52
12/16/2004,84.91
12/15/2004,83.94
12/14/2004,84.47
12/13/2004,84.44
12/10/2004,83.76
12/9/2004,83.74
12/8/2004,83.07
12/7/2004,83.65
12/6/2004,84.6
12/3/2004,84.87
12/2/2004,86.1
12/1/2004,85.77
11/30/2004,84.54
11/29/2004,84.39
11/26/2004,83.83
11/24/2004,83.52
11/23/2004,83.27
11/22/2004,83.13
11/19/2004,83.15
11/18/2004,83.35
11/17/2004,83.57
11/16/2004,83.69
11/15/2004,84.22
11/12/2004,84.12
11/11/2004,84.1
11/10/2004,83.45
11/9/2004,83.09
11/8/2004,83.24
11/5/2004,83.11
11/4/2004,81.63
11/3/2004,80.65
11/2/2004,79.75
11/1/2004,79.85
10/29/2004,79.3
10/28/2004,79.59
10/27/2004,79.46
10/26/2004,77.76
10/25/2004,76.52
10/22/2004,76.66
10/21/2004,77.59
10/20/2004,77.21
10/19/2004,77.73
10/18/2004,78.59
10/15/2004,78.31
10/14/2004,77.66
10/13/2004,78.79
10/12/2004,79.69
10/11/2004,80.16
10/8/2004,79.87
10/7/2004,81.51
10/6/2004,82.09
10/5/2004,81.23
10/4/2004,81.17
10/1/2004,81.16
9/30/2004,79.33
9/29/2004,79.06
9/28/2004,78.06
9/27/2004,77.53
9/24/2004,78.22
9/23/2004,77.94
9/22/2004,78.06
9/21/2004,79.61
9/20/2004,79.52
9/17/2004,80.55
9/16/2004,79.81
9/15/2004,80.44
9/14/2004,80.8
9/13/2004,80.83
9/10/2004,80.74
9/9/2004,80.52
9/8/2004,80.32
9/7/2004,81.28
9/3/2004,81.18
9/2/2004,80.77
9/1/2004,79.32
8/31/2004,79.19
8/30/2004,79.33
8/27/2004,80.33
8/26/2004,80.12
8/25/2004,80.38
8/24/2004,80.15
8/23/2004,80.05
8/20/2004,79.8
8/19/2004,79.19
8/18/2004,79.51
8/17/2004,78.5
8/16/2004,78.49
8/13/2004,77.25
8/12/2004,77.48
8/11/2004,78.49
8/10/2004,78.66
8/9/2004,77.56
8/6/2004,77.39
8/5/2004,79.84
8/4/2004,81.42
8/3/2004,81.39
8/2/2004,82.31
7/30/2004,82.09
7/29/2004,83
7/28/2004,82.75
7/27/2004,82.6
7/26/2004,80.79
7/23/2004,80.64
7/22/2004,81.56
7/21/2004,81.5
7/20/2004,82.81
7/19/2004,81.09
7/16/2004,81.38
7/15/2004,82.55
7/14/2004,83.18
7/13/2004,83.42
7/12/2004,83.05
7/9/2004,83.16
7/8/2004,83.08
7/7/2004,83.64
7/6/2004,83.44
7/2/2004,84.06
7/1/2004,85.06
6/30/2004,86.5
6/29/2004,86.9
6/28/2004,87.06
6/25/2004,86.42
6/24/2004,86.88
6/23/2004,87.68
6/22/2004,87.12
6/21/2004,86.52
6/18/2004,87
6/17/2004,86.63
6/16/2004,87.29
6/15/2004,86.9
6/14/2004,88.15
6/11/2004,88.19
6/10/2004,88.19
6/9/2004,88.09
6/8/2004,88.53
6/7/2004,88.47
6/4/2004,87.22
6/3/2004,86.07
6/2/2004,87.03
6/1/2004,86.5
5/28/2004,85.83
5/27/2004,85.55
5/26/2004,85.83
5/25/2004,85.97
5/24/2004,84.95
5/21/2004,84.94
5/20/2004,84.46
5/19/2004,84.92
5/18/2004,84.64
5/17/2004,84.07
5/14/2004,85.63
5/13/2004,86.17
5/12/2004,86.07
5/11/2004,85.28
5/10/2004,84.75
5/7/2004,85.57
5/6/2004,85.73
5/5/2004,86.09
5/4/2004,85.37
5/3/2004,84.98
4/30/2004,84.29
4/29/2004,85.3
4/28/2004,85.42
4/27/2004,85.89
4/26/2004,86.11
4/23/2004,86.52
4/22/2004,85.65
4/21/2004,85.06
4/20/2004,84.5
4/19/2004,85.63
4/16/2004,85.47
4/15/2004,85.15
4/14/2004,85.26
4/13/2004,84.81
4/12/2004,85.03
4/8/2004,84.4
4/7/2004,84.39
4/6/2004,84.57
4/5/2004,85.17
4/2/2004,83.97
4/1/2004,81.53
3/31/2004,80.5
3/30/2004,81.07
3/29/2004,80.65
3/26/2004,79.1
3/25/2004,78.21
3/24/2004,76.92
3/23/2004,76.92
3/22/2004,77.14
3/19/2004,78.67
3/18/2004,79.48
3/17/2004,79.01
3/16/2004,78.17
3/15/2004,78.48
3/12/2004,79.4
3/11/2004,78.27
3/10/2004,79.25
3/9/2004,80.52
3/8/2004,81.28
3/5/2004,82.63
3/4/2004,84.07
3/3/2004,84.11
3/2/2004,83.86
3/1/2004,83.85
2/27/2004,83
2/26/2004,83.67
2/25/2004,83.38
2/24/2004,83.11
2/23/2004,83.43
2/20/2004,84.14
2/19/2004,83.91
2/18/2004,84.27
2/17/2004,84.7
2/13/2004,83.95
2/12/2004,84.59
2/11/2004,84.46
2/10/2004,84.3
2/9/2004,83.76
2/6/2004,83.84
2/5/2004,83.73
2/4/2004,83.2
2/3/2004,83.79
2/2/2004,84.28
1/30/2004,83.77
1/29/2004,84.36
1/28/2004,84.43
1/27/2004,84.44
1/26/2004,85.79
1/23/2004,84.16
1/22/2004,83.53
1/21/2004,84.31
1/20/2004,83.8
1/16/2004,83.46
1/15/2004,82.9
1/14/2004,83.01
1/13/2004,82.78
1/12/2004,83.67
1/9/2004,83.08
1/8/2004,85.23
1/7/2004,84.95
1/6/2004,84.97
1/5/2004,85.73
1/2/2004,84.86
12/31/2003,83.89
12/30/2003,83.78
12/29/2003,83.28
12/26/2003,81.43
12/24/2003,81.85
12/23/2003,82.45
12/22/2003,81.66
12/19/2003,80.91
12/18/2003,81.13
12/17/2003,80.83
12/16/2003,81.15
12/15/2003,81.04
12/12/2003,81.27
12/11/2003,81.21
12/10/2003,80.91
12/9/2003,81.14
12/8/2003,81.21
12/5/2003,80.04
12/4/2003,82
12/3/2003,82.06
12/2/2003,81.83
12/1/2003,82.1
11/28/2003,80.91
11/26/2003,80.15
11/25/2003,79.48
11/24/2003,79.6
11/21/2003,77.96
11/20/2003,77.77
11/19/2003,79.08
11/18/2003,77.82
11/17/2003,78.85
11/14/2003,79.56
11/13/2003,80.77
11/12/2003,82.05
11/11/2003,81.76
11/10/2003,81.8
11/7/2003,82.01
11/6/2003,82.46
11/5/2003,81.46
11/4/2003,80.85
11/3/2003,81.52
10/31/2003,80.73
10/30/2003,81.19
10/29/2003,80.6
10/28/2003,79.75
10/27/2003,79.25
10/24/2003,78.82
10/23/2003,79.65
10/22/2003,79.46
10/21/2003,81.34
10/20/2003,81.55
10/17/2003,81.24
10/16/2003,82.81
10/15/2003,82.14
10/14/2003,81.97
10/13/2003,80.82
10/10/2003,80.51
10/9/2003,80.84
10/8/2003,80.01
10/7/2003,80.09
10/6/2003,78.93
10/3/2003,79.04
10/2/2003,76.68
10/1/2003,75.94
9/30/2003,74.2
9/29/2003,76.23
9/26/2003,74.96
9/25/2003,75.79
9/24/2003,76.88
9/23/2003,79.06
9/22/2003,79.18
9/19/2003,79.31
9/18/2003,79.98
9/17/2003,79.12
9/16/2003,80.42
9/15/2003,78.73
9/12/2003,79.1
9/11/2003,79.5
9/10/2003,78.69
9/9/2003,80.39
9/8/2003,81.07
9/5/2003,80.2
9/4/2003,82.13
9/3/2003,82.49
9/2/2003,82.06
8/29/2003,79.65
8/28/2003,79
8/27/2003,79.54
8/26/2003,79.06
8/25/2003,79.43
8/22/2003,78.68
8/21/2003,80.05
8/20/2003,79.51
8/19/2003,79.34
8/18/2003,80.2
8/15/2003,80.03
8/14/2003,80.02
8/13/2003,79.99
8/12/2003,78.55
8/11/2003,77.96
8/8/2003,77.16
8/7/2003,76.75
8/6/2003,76.24
8/5/2003,77.43
8/4/2003,78.05
8/1/2003,78.52
7/31/2003,79.56
7/30/2003,77.63
7/29/2003,78.52
7/28/2003,78.01
7/25/2003,77.27
7/24/2003,75.84
7/23/2003,75.81
7/22/2003,75.97
7/21/2003,75.57
7/18/2003,74.97
7/17/2003,74.15
7/16/2003,75.22
7/15/2003,75.65
7/14/2003,74.32
7/11/2003,73.14
7/10/2003,72.83
7/9/2003,73.85
7/8/2003,74.45
7/7/2003,73.92
7/3/2003,72.06
7/2/2003,71.98
7/1/2003,71.25
6/30/2003,70.52
6/27/2003,70.94
6/26/2003,71.41
6/25/2003,69.56
6/24/2003,69.4
6/23/2003,69.8
6/20/2003,71.13
6/19/2003,70.92
6/18/2003,71.84
6/17/2003,71.21
6/16/2003,70.54
6/13/2003,68.57
6/12/2003,69.83
6/11/2003,69.82
6/10/2003,69.06
6/9/2003,69.14
6/6/2003,70.33
6/5/2003,70.65
6/4/2003,69.94
6/3/2003,69.21
6/2/2003,69.57
5/30/2003,68.67
5/29/2003,67.62
5/28/2003,68.43
5/27/2003,68.05
5/23/2003,66.05
5/22/2003,66.01
5/21/2003,65.8
5/20/2003,65.58
5/19/2003,66.6
5/16/2003,68.04
5/15/2003,68.67
5/14/2003,68.25
5/13/2003,69.19
5/12/2003,69.45
5/9/2003,68.89
5/8/2003,68.02
5/7/2003,68.92
5/6/2003,70.04
5/5/2003,69.88
5/2/2003,70.22
5/1/2003,68.95
4/30/2003,69.02
4/29/2003,69.6
4/28/2003,69.22
4/25/2003,68.07
4/24/2003,69
4/23/2003,70.32
4/22/2003,69.74
4/21/2003,68.45
4/17/2003,68.18
4/16/2003,67.31
4/15/2003,68.67
4/14/2003,68.48
4/11/2003,66.92
4/10/2003,67.03
4/9/2003,66.44
4/8/2003,67.46
4/7/2003,68.01
4/4/2003,67.83
4/3/2003,67.26
4/2/2003,67.54
4/1/2003,65.29
3/31/2003,64.55
3/28/2003,66.38
3/27/2003,66.95
3/26/2003,67.07
3/25/2003,67.49
3/24/2003,66.83
3/21/2003,70.01
3/20/2003,67.96
3/19/2003,67.39
3/18/2003,66.49
3/17/2003,65.6
3/14/2003,62.77
3/13/2003,62.9
3/12/2003,59.93
3/11/2003,59.7
3/10/2003,60.19
3/7/2003,61.97
3/6/2003,61.65
3/5/2003,62.04
3/4/2003,61.61
3/3/2003,62.69
2/28/2003,63.13
2/27/2003,63.36
2/26/2003,62.7
2/25/2003,64
2/24/2003,63.71
2/21/2003,65.11
2/20/2003,64.08
2/19/2003,64.87
2/18/2003,65.73
2/14/2003,64.76
2/13/2003,62.79
2/12/2003,63.02
2/11/2003,64.24
2/10/2003,64.76
2/7/2003,63.88
2/6/2003,64.87
2/5/2003,65.71
2/4/2003,65.48
2/3/2003,66.56
1/31/2003,66.25
1/30/2003,65.37
1/29/2003,67.39
1/28/2003,66.51
1/27/2003,65.91
1/24/2003,66.56
1/23/2003,68.83
1/22/2003,68.14
1/21/2003,69.38
1/17/2003,70.71
1/16/2003,72.2
1/15/2003,72.63
1/14/2003,73.55
1/13/2003,73.61
1/10/2003,73.9
1/9/2003,73.75
1/8/2003,71.31
1/7/2003,72.85
1/6/2003,73.27
1/3/2003,71.8
1/2/2003,71.68
12/31/2002,67.95
12/30/2002,67.57
12/27/2002,67.28
12/26/2002,69.46
12/24/2002,69.62
12/23/2002,70.5
12/20/2002,70.4
12/19/2002,69.51
12/18/2002,70.71
12/17/2002,71.97
12/16/2002,72.61
12/13/2002,70.21
12/12/2002,70.78
12/11/2002,70.82
12/10/2002,71.3
12/9/2002,70.5
12/6/2002,72.82
12/5/2002,72.44
12/4/2002,73.74
12/3/2002,74.53
12/2/2002,75.34
11/29/2002,75.5
11/27/2002,75.99
11/26/2002,72.45
11/25/2002,74.64
11/22/2002,74.53
11/21/2002,74.89
11/20/2002,72.97
11/19/2002,70.66
11/18/2002,71.18
11/15/2002,72.19
11/14/2002,71.57
11/13/2002,69.13
11/12/2002,69.19
11/11/2002,68.56
11/8/2002,69.63
11/7/2002,71.15
11/6/2002,74.39
11/5/2002,73.75
11/4/2002,73.06
11/1/2002,71.9
10/31/2002,70.66
10/30/2002,71.28
10/29/2002,70.4
10/28/2002,72.29
10/25/2002,72.82
10/24/2002,71.71
10/23/2002,73.72
10/22/2002,73.09
10/21/2002,73.45
10/18/2002,71.77
10/17/2002,71.36
10/16/2002,69.38
10/15/2002,70.78
10/14/2002,66.25
10/11/2002,66.01
10/10/2002,62.42
10/9/2002,60.04
10/8/2002,62.28
10/7/2002,61.25
10/4/2002,62.76
10/3/2002,64.01
10/2/2002,64.74
10/1/2002,66.7
9/30/2002,63.16
9/27/2002,64.25
9/26/2002,66.96
9/25/2002,65.88
9/24/2002,63.5
9/23/2002,64.79
9/20/2002,65.99
9/19/2002,65.77
9/18/2002,67.85
9/17/2002,68.46
9/16/2002,70.14
9/13/2002,70.21
9/12/2002,70.64
9/11/2002,72.65
9/10/2002,72.58
9/9/2002,72.12
9/6/2002,71.63
9/5/2002,69.76
9/4/2002,70.57
9/3/2002,69.75
8/30/2002,74.06
8/29/2002,74.26
8/28/2002,74.77
8/27/2002,76.96
8/26/2002,77.13
8/23/2002,76.72
8/22/2002,79.16
8/21/2002,77.78
8/20/2002,76.56
8/19/2002,78.15
8/16/2002,76.64
8/15/2002,75.81
8/14/2002,74.05
8/13/2002,72
8/12/2002,74.04
8/9/2002,74.94
8/8/2002,75.9
8/7/2002,73.07
8/6/2002,72.28
8/5/2002,69.33
8/2/2002,72.05
8/1/2002,74.68
7/31/2002,77.23
7/30/2002,77.64
7/29/2002,76.7
7/26/2002,72.4
7/25/2002,70.77
7/24/2002,71.55
7/23/2002,67.37
7/22/2002,69.38
7/19/2002,72.1
7/18/2002,75.24
7/17/2002,78.03
7/16/2002,78.21
7/15/2002,78.88
7/12/2002,78.29
7/11/2002,79.24
7/10/2002,78.78
7/9/2002,82.58
7/8/2002,85.37
7/5/2002,86.76
7/3/2002,82.63
7/2/2002,82.13
7/1/2002,84.69
6/28/2002,86.61
6/27/2002,86.67
6/26/2002,84.12
6/25/2002,84.94
6/24/2002,86.85
6/21/2002,85.68
6/20/2002,87.74
6/19/2002,87.94
6/18/2002,91.11
6/17/2002,90.43
6/14/2002,87.49
6/13/2002,88.77
6/12/2002,89.93
6/11/2002,89.73
6/10/2002,91.86
6/7/2002,91.91
6/6/2002,91.49
6/5/2002,93.85
6/4/2002,92.59
6/3/2002,92.48
5/31/2002,95.09
5/30/2002,94.78
5/29/2002,95.34
5/28/2002,96.62
5/24/2002,97.11
5/23/2002,98.62
5/22/2002,97.07
5/21/2002,97.42
5/20/2002,98.8
5/17/2002,100.48
5/16/2002,99.23
5/15/2002,99.31
5/14/2002,99.92
5/13/2002,96.97
5/10/2002,94.09
5/9/2002,96.38
5/8/2002,97.9
5/7/2002,93.1
5/6/2002,93.44
5/3/2002,95.23
5/2/2002,96.78
5/1/2002,96.63
4/30/2002,95.98
4/29/2002,95.2
4/26/2002,95.57
4/25/2002,97.79
4/24/2002,97.78
4/23/2002,99.62
4/22/2002,100.25
4/19/2002,102.11
4/18/2002,102.05
4/17/2002,102.72
4/16/2002,102.02
4/15/2002,99.32
4/12/2002,100.35
4/11/2002,99.96
4/10/2002,102.89
4/9/2002,101.59
4/8/2002,102.51
4/5/2002,101.93
4/4/2002,102.62
4/3/2002,103.19
4/2/2002,104.52
4/1/2002,106.13
3/28/2002,106.65
3/27/2002,105.36
3/26/2002,105.11
3/25/2002,105.33
3/22/2002,106.69
3/21/2002,106.75
3/20/2002,107.14
3/19/2002,108.28
3/18/2002,107.25
3/15/2002,107.77
3/14/2002,107.54
3/13/2002,106.26
3/12/2002,107.65
3/11/2002,107.64
3/8/2002,107.36
3/7/2002,106.09
3/6/2002,104.68
3/5/2002,102.91
3/4/2002,103.34
3/1/2002,101.5
2/28/2002,98.21
2/27/2002,98.22
2/26/2002,98.7
2/25/2002,98.07
2/22/2002,96.32
2/21/2002,95.58
2/20/2002,97.8
2/19/2002,96.29
2/15/2002,97.84
2/14/2002,99.72
2/13/2002,100.53
2/12/2002,99.4
2/11/2002,98.92
2/8/2002,97.42
2/7/2002,96.2
2/6/2002,96.4
2/5/2002,96.53
2/4/2002,97.02
2/1/2002,100.32
1/31/2002,101.44
1/30/2002,99.76
1/29/2002,98.35
1/28/2002,102.48
1/25/2002,102.42
1/24/2002,102.32
1/23/2002,101.96
1/22/2002,100.03
1/18/2002,100.55
1/17/2002,101.66
1/16/2002,100.17
1/15/2002,102.05
1/14/2002,101.88
1/11/2002,102.35
1/10/2002,104.02
1/9/2002,104.97
1/8/2002,105.89
1/7/2002,106.14
1/4/2002,108.22
1/3/2002,107.08
1/2/2002,106.35
12/31/2001,104.46
12/28/2001,106.43
12/27/2001,105.95
12/26/2001,106.04
12/24/2001,105.14
12/21/2001,104.82
12/20/2001,103.93
12/19/2001,104.83
12/18/2001,105.18
12/17/2001,105.79
12/14/2001,104.22
12/13/2001,102.58
12/12/2001,103.64
12/11/2001,104.49
12/10/2001,105.2
12/7/2001,107.76
12/6/2001,106.34
12/5/2001,105.25
12/4/2001,101.13
12/3/2001,100.4
11/30/2001,101.68
11/29/2001,101.9
11/28/2001,101.81
11/27/2001,103.72
11/26/2001,104.46
11/23/2001,104.09
11/21/2001,102.2
11/20/2001,101.87
11/19/2001,101.47
11/16/2001,101.48
11/15/2001,100.66
11/14/2001,98.46
11/13/2001,97.17
11/12/2001,94.52
11/9/2001,95.07
11/8/2001,95.02
11/7/2001,93.83
11/6/2001,94.95
11/5/2001,93.61
11/2/2001,93.13
11/1/2001,91.23
10/31/2001,89.76
10/30/2001,91.25
10/29/2001,92.84
10/26/2001,95.64
10/25/2001,95.81
10/24/2001,94.67
10/23/2001,95.74
10/22/2001,96.03
10/19/2001,94.28
10/18/2001,93.85
10/17/2001,94.19
10/16/2001,96.59
10/15/2001,96.25
10/12/2001,96.97
10/11/2001,97.38
10/10/2001,95.17
10/9/2001,93.4
10/8/2001,93.16
10/5/2001,93.71
10/4/2001,93.87
10/3/2001,94
10/2/2001,92.46
10/1/2001,91.84
9/28/2001,92.33
9/27/2001,90.6
9/26/2001,90.56
9/25/2001,91.86
9/24/2001,90.94
9/21/2001,87.94
9/20/2001,89.39
9/19/2001,91.51
9/18/2001,93.49
9/17/2001,92.29
9/14/2001,96.74
9/13/2001,97.08
9/10/2001,100.12
9/7/2001,98.38
9/6/2001,100.76
9/5/2001,104.42
9/4/2001,104.33
8/31/2001,103.11
8/30/2001,102.58
8/29/2001,104.51
8/28/2001,106.15
8/27/2001,108.5
8/24/2001,108.89
8/23/2001,106.25
8/22/2001,106.99
8/21/2001,106.07
8/20/2001,108.01
8/17/2001,106.57
8/16/2001,109.22
8/15/2001,109.33
8/14/2001,110.25
8/13/2001,110.2
8/10/2001,110.18
8/9/2001,110.21
8/8/2001,109.7
8/7/2001,112.9
8/6/2001,112.38
8/3/2001,113.82
8/2/2001,114.27
8/1/2001,113.16
7/31/2001,112.3
7/30/2001,112.12
7/27/2001,112.36
7/26/2001,112.6
7/25/2001,111.25
7/24/2001,109.25
7/23/2001,110.79
7/20/2001,113.17
7/19/2001,113.76
7/18/2001,112.58
7/17/2001,114.43
7/16/2001,113.62
7/13/2001,115.54
7/12/2001,114.67
7/11/2001,112.56
7/10/2001,112.39
7/9/2001,114.19
7/6/2001,114.1
7/5/2001,117.23
7/3/2001,118.95
7/2/2001,118.41
6/29/2001,117.72
6/28/2001,116.29
6/27/2001,114.65
6/26/2001,114.99
6/25/2001,114.43
6/22/2001,115.26
6/21/2001,117
6/20/2001,116.05
6/19/2001,115.87
6/18/2001,115.63
6/15/2001,116.08
6/14/2001,115.33
6/13/2001,118.49
6/12/2001,119.53
6/11/2001,120.24
6/8/2001,121.89
6/7/2001,122.61
6/6/2001,121.65
6/5/2001,122.68
6/4/2001,121.69
6/1/2001,121.58
5/31/2001,121.79
5/30/2001,122.2
5/29/2001,124.08
5/25/2001,125.02
5/24/2001,126.48
5/23/2001,124.99
5/22/2001,126.89
5/21/2001,126.85
5/18/2001,125.05
5/17/2001,125.04
5/16/2001,125.57
5/15/2001,123.03
5/14/2001,121.75
5/11/2001,122.23
5/10/2001,120.94
5/9/2001,119.26
5/8/2001,120.39
5/7/2001,119.87
5/4/2001,120.45
5/3/2001,118.57
5/2/2001,121.2
5/1/2001,121.91
4/30/2001,120.84
4/27/2001,121.48
4/26/2001,118.26
4/25/2001,118.5
4/24/2001,116.57
4/23/2001,117.17
4/20/2001,120.41
4/19/2001,121.13
4/18/2001,118.23
4/17/2001,113.54
4/16/2001,113
4/12/2001,112.68
4/11/2001,110.68
4/10/2001,110.65
4/9/2001,106.82
4/6/2001,105.36
4/5/2001,107.8
4/4/2001,103.52
4/3/2001,103.04
4/2/2001,107.08
3/30/2001,108.48
3/29/2001,108.03
3/28/2001,107.74
3/27/2001,110.42
3/26/2001,107
3/23/2001,105.02
3/22/2001,101.23
3/21/2001,102.86
3/20/2001,104.71
3/19/2001,107.57
3/16/2001,105.33
3/15/2001,107.83
3/14/2001,107.54
3/13/2001,110.89
3/12/2001,109
3/9/2001,113.93
3/8/2001,116.93
3/7/2001,117.03
3/6/2001,117.15
3/5/2001,115.7
3/2/2001,114.9
3/1/2001,114.4
2/28/2001,114.96
2/27/2001,117.12
2/26/2001,119.35
2/23/2001,117.42
2/22/2001,119
2/21/2001,118.75
2/20/2001,120.89
2/16/2001,122.8
2/15/2001,126.03
2/14/2001,123.8
2/13/2001,124.15
2/12/2001,124.61
2/9/2001,122.75
2/8/2001,124.78
2/7/2001,126.12
2/6/2001,126.73
2/5/2001,126.83
2/2/2001,126.3
2/1/2001,128.12
1/31/2001,128.52
1/30/2001,130.1
1/29/2001,130.25
1/26/2001,129.13
1/25/2001,129.03
1/24/2001,130.19
1/23/2001,129.57
1/22/2001,128.11
1/19/2001,126.47
1/18/2001,125.91
1/17/2001,125.39
1/16/2001,125.85
1/12/2001,125.62
1/11/2001,125.02
1/10/2001,123.39
1/9/2001,120.86
1/8/2001,120.48
1/5/2001,119.97
1/4/2001,124.54
1/3/2001,126.38
1/2/2001,118.86
12/29/2000,124.02
12/28/2000,125.5
12/27/2000,125.19
12/26/2000,123.27
12/22/2000,121.99
12/21/2000,118.62
12/20/2000,118.13
12/19/2000,122.42
12/18/2000,124.85
12/15/2000,122.75
12/14/2000,126
12/13/2000,128.36
12/12/2000,131.18
12/11/2000,131.71
12/8/2000,127.3
12/7/2000,126.77
12/6/2000,128.54
12/5/2000,131.54
12/4/2000,128.36
12/1/2000,127.06
11/30/2000,126.48
11/29/2000,128.81
11/28/2000,129.42
11/27/2000,131.77
11/24/2000,130.16
11/22/2000,127.46
11/21/2000,132.01
11/20/2000,131.42
11/17/2000,133.86
11/16/2000,134.23
11/15/2000,136.32
11/14/2000,136.69
11/13/2000,133.57
11/10/2000,135.5
11/9/2000,138.24
11/8/2000,139.69
11/7/2000,143.08
11/6/2000,143.3
11/3/2000,141.85
11/2/2000,140.43
11/1/2000,139.99
10/31/2000,141.03
10/30/2000,137.49
10/27/2000,136.35
10/26/2000,133.31
10/25/2000,133.76
10/24/2000,135.91
10/23/2000,136.72
10/20/2000,136.85
10/19/2000,136.36
10/18/2000,131.93
10/17/2000,132.5
10/16/2000,136.62
10/13/2000,135.75
10/12/2000,131.72
10/11/2000,135.48
10/10/2000,136.71
10/9/2000,139.59
10/6/2000,140.53
10/5/2000,144.28
10/4/2000,144.37
10/3/2000,143.39
10/2/2000,144.5
9/29/2000,143.37
9/28/2000,145.77
9/27/2000,143.11
9/26/2000,142.06
9/25/2000,144.46
9/22/2000,145.41
9/21/2000,145.57
9/20/2000,146.2
9/19/2000,146.42
9/18/2000,145.6
9/15/2000,146.48
9/14/2000,147.14
9/13/2000,146.38
9/12/2000,146.43
9/11/2000,147.24
9/8/2000,147.05
9/7/2000,148.42
9/6/2000,146.84
9/5/2000,147.87
9/1/2000,148.84
8/31/2000,148.9
8/30/2000,148.14
8/29/2000,149.81
8/28/2000,149.36
8/25/2000,147.9
8/24/2000,147.95
8/23/2000,147.62
8/22/2000,148.02
8/21/2000,148.02
8/18/2000,146.99
8/17/2000,147.69
8/16/2000,146.95
8/15/2000,146.83
8/14/2000,146.76
8/11/2000,145.27
8/10/2000,144.24
8/9/2000,145.29
8/8/2000,146.5
8/7/2000,146.44
8/4/2000,144.4
8/3/2000,143.82
8/2/2000,143.41
8/1/2000,142.98
7/31/2000,142.65
7/28/2000,141.71
7/27/2000,144.5
7/26/2000,145.74
7/25/2000,147.11
7/24/2000,146.93
7/21/2000,147.27
7/20/2000,150.23
7/19/2000,151.03
7/18/2000,152.09
7/17/2000,153.17
7/14/2000,152.31
7/13/2000,149.48
7/12/2000,150.48
7/11/2000,149.3
7/10/2000,148.96
7/7/2000,149.11
7/6/2000,147.65
7/5/2000,145.79
7/3/2000,148.5
6/30/2000,146.7
6/29/2000,145.45
6/28/2000,148.34
6/27/2000,147.82
6/26/2000,149.08
6/23/2000,148.26
6/22/2000,148.61
6/21/2000,150.68
6/20/2000,149.65
6/19/2000,149.93
6/16/2000,147.84
6/15/2000,149.68
6/14/2000,149.47
6/13/2000,149.96
6/12/2000,146.23
6/9/2000,147.99
6/8/2000,148.27
6/7/2000,149.04
6/6/2000,148.58
6/5/2000,149.27
6/2/2000,150.29
6/1/2000,148.1
5/31/2000,146.31
5/30/2000,148.28
5/26/2000,142.64
5/25/2000,144.13
5/24/2000,147.21
5/23/2000,144.79
5/22/2000,146.94
5/19/2000,149.15
5/18/2000,152.33
5/17/2000,152.38
5/16/2000,153
5/15/2000,152.28
5/12/2000,150.27
5/11/2000,147.43
5/10/2000,144.85
5/9/2000,149.18
5/8/2000,151.16
5/5/2000,150.92
5/4/2000,148.85
5/3/2000,147.25
5/2/2000,148.44
5/1/2000,150.14
4/28/2000,148.2
4/27/2000,149.4
4/26/2000,149.15
4/25/2000,150.32
4/24/2000,144.18
4/20/2000,144.51
4/19/2000,143.88
4/18/2000,146.49
4/17/2000,142.34
4/14/2000,135.97
4/13/2000,145.09
4/12/2000,147.9
4/11/2000,151.12
4/10/2000,149.88
4/7/2000,150.54
4/6/2000,150.52
4/5/2000,149.59
4/4/2000,150.53
4/3/2000,152.74
3/31/2000,151.56
3/30/2000,151.21
3/29/2000,155.63
3/28/2000,155.53
3/27/2000,156.39
3/24/2000,158.15
3/23/2000,155.31
3/22/2000,153.4
3/21/2000,152.32
3/20/2000,149.7
3/17/2000,150.93
3/16/2000,150.48
3/15/2000,144.32
3/14/2000,141.49
3/13/2000,144.73
3/10/2000,146.54
3/9/2000,146.33
3/8/2000,142.53
3/7/2000,140.67
3/6/2000,145
3/3/2000,145.99
3/2/2000,143.91
3/1/2000,144.36
2/29/2000,142.7
2/28/2000,141.12
2/25/2000,139.31
2/24/2000,140.2
2/23/2000,141.68
2/22/2000,139.03
2/18/2000,140.82
2/17/2000,145.29
2/16/2000,146.77
2/15/2000,148.46
2/14/2000,146.68
2/11/2000,147.68
2/10/2000,150.86
2/9/2000,149.49
2/8/2000,150.89
2/7/2000,150.72
2/4/2000,149.91
2/3/2000,149.91
2/2/2000,149.22
2/1/2000,150.29
1/31/2000,149.65
1/28/2000,144.85
1/27/2000,151.06
1/26/2000,152.8
1/25/2000,154.22
1/24/2000,153.89
1/21/2000,159.6
1/20/2000,160.35
1/19/2000,161.89
1/18/2000,162.1
1/14/2000,161.98
1/13/2000,158.95
1/12/2000,158.61
1/11/2000,159.6
1/10/2000,160.11
1/7/2000,157.74
1/6/2000,152.56
1/5/2000,154.82
1/4/2000,153.02
1/3/2000,160.35
12/31/1999,160.29
12/30/1999,159.03
12/29/1999,159.38
12/28/1999,159.42
12/27/1999,158.96
12/23/1999,159.71
12/22/1999,156.99
12/21/1999,156.7
12/20/1999,154.21
12/17/1999,154.19
12/16/1999,153.36
12/15/1999,151.17
12/14/1999,150.12
12/13/1999,149.74
12/10/1999,149.14
12/9/1999,149.32
12/8/1999,149.06
12/7/1999,149.71
12/6/1999,151.39
12/3/1999,152.76
12/2/1999,151.1
12/1/1999,149.75
11/30/1999,148.51
11/29/1999,151.08
11/26/1999,149.98
11/24/1999,150.26
11/23/1999,148.95
11/22/1999,150.37
11/19/1999,149.89
11/18/1999,149.96
11/17/1999,148.51
11/16/1999,148.79
11/15/1999,145.55
11/12/1999,145.42
11/11/1999,144.81
11/10/1999,143.96
11/9/1999,142.83
11/8/1999,143.9
11/5/1999,143.72
11/4/1999,142.75
11/3/1999,142.6
11/2/1999,141.74
11/1/1999,143.25
10/29/1999,144.07
10/28/1999,143
10/27/1999,139.19
10/26/1999,137.81
10/25/1999,139.25
10/22/1999,139.9
10/21/1999,138.68
10/20/1999,138.05
10/19/1999,136.22
10/18/1999,134.75
10/15/1999,133.15
10/14/1999,137.56
10/13/1999,137.1
10/12/1999,140.16
10/11/1999,141.92
10/8/1999,141.84
10/7/1999,139.91
10/6/1999,140.5
10/5/1999,138.67
10/4/1999,137.75
10/1/1999,135.82
9/30/1999,134.95
9/29/1999,133.98
9/28/1999,134.45
9/27/1999,133.87
9/24/1999,132.24
9/23/1999,133.5
9/22/1999,137.63
9/21/1999,137.79
9/20/1999,140.32
9/17/1999,140.13
9/16/1999,138.89
9/15/1999,139.21
9/14/1999,141.6
9/13/1999,141.71
9/10/1999,142.03
9/9/1999,141.82
9/8/1999,141.29
9/7/1999,142.18
9/3/1999,142.22
9/2/1999,139.28
9/1/1999,139.86
8/31/1999,138.16
8/30/1999,138.45
8/27/1999,139.83
8/26/1999,140.31
8/25/1999,141.89
8/24/1999,141.88
8/23/1999,141.98
8/20/1999,139.18
8/19/1999,137.92
8/18/1999,138.35
8/17/1999,139.7
8/16/1999,139.85
8/13/1999,138.93
8/12/1999,137.08
8/11/1999,136.57
8/10/1999,135.54
8/9/1999,136.81
8/6/1999,136.38
8/5/1999,136.5
8/4/1999,135.88
8/3/1999,138.06
8/2/1999,138.52
7/30/1999,138.04
7/29/1999,139.46
7/28/1999,140.61
7/27/1999,140.19
7/26/1999,139.58
7/23/1999,140.35
7/22/1999,140.2
7/21/1999,140.71
7/20/1999,140.64
7/19/1999,143.95
7/16/1999,144.85
7/15/1999,144.45
7/14/1999,143.5
7/13/1999,142.47
7/12/1999,143.17
7/9/1999,145.08
7/8/1999,144.02
7/7/1999,145.01
7/6/1999,144.59
7/2/1999,144.21
7/1/1999,142.01
6/30/1999,141.53
6/29/1999,140
6/28/1999,139.15
6/25/1999,138.49
6/24/1999,139.13
6/23/1999,139.56
6/22/1999,139.55
6/21/1999,140.22
6/18/1999,138.93
6/17/1999,138.34
6/16/1999,138.85
6/15/1999,136.55
6/14/1999,135.6
6/11/1999,136.17
6/10/1999,136.05
6/9/1999,136.54
6/8/1999,136.63
6/7/1999,137.23
6/4/1999,136.85
6/3/1999,134.31
6/2/1999,133.26
6/1/1999,133.27
5/28/1999,131.83
5/27/1999,130.99
5/26/1999,132.22
5/25/1999,129.64
5/24/1999,132.49
5/21/1999,134.79
5/20/1999,136.17
5/19/1999,136.62
5/18/1999,136.62
5/17/1999,136.58
5/14/1999,136.52
5/13/1999,137.47
5/12/1999,138.19
5/11/1999,137.42
5/10/1999,135.55
5/7/1999,136.46
5/6/1999,135.16
5/5/1999,134.81
5/4/1999,134.14
5/3/1999,135
4/30/1999,132.95
4/29/1999,131.7
4/28/1999,133.68
4/27/1999,135.07
4/26/1999,134.94
4/23/1999,134.7
4/22/1999,135.19
4/21/1999,132.2
4/20/1999,128.53
4/19/1999,127.47
4/16/1999,130.16
4/15/1999,130.35
4/14/1999,130.68
4/13/1999,132.77
4/12/1999,132.95
4/9/1999,131.67
4/8/1999,131.09
4/7/1999,130.76
4/6/1999,129.96
4/5/1999,131.25
4/1/1999,129.35
3/31/1999,127.74
3/30/1999,129.36
3/29/1999,130.37
3/26/1999,127.97
3/25/1999,128.61
3/24/1999,125.48
3/23/1999,125.11
3/22/1999,129.03
3/19/1999,128.51
3/18/1999,129.89
3/17/1999,128.13
3/16/1999,128.3
3/15/1999,128.7
3/12/1999,127.69
3/11/1999,129.38
3/10/1999,127.85
3/9/1999,126.73
3/8/1999,127.85
3/5/1999,127.53
3/4/1999,125.31
3/3/1999,123.43
3/2/1999,122.15
3/1/1999,123.6
2/26/1999,122.32
2/25/1999,123.57
2/24/1999,123.61
2/23/1999,124.85
2/22/1999,123.83
2/19/1999,121.16
2/18/1999,120.51
2/17/1999,119
2/16/1999,120.83
2/12/1999,121.21
2/11/1999,121.52
2/10/1999,117.99
2/9/1999,117.1
2/8/1999,120.33
2/5/1999,120.01
2/4/1999,121.24
2/3/1999,122.12
2/2/1999,120.63
2/1/1999,120.67
1/29/1999,120.01
1/28/1999,118.7
1/27/1999,117.54
1/26/1999,119.08
1/25/1999,116.96
1/22/1999,115.5
1/21/1999,116.45
1/20/1999,120.56
1/19/1999,118.95
1/15/1999,118.12
1/14/1999,114.66
1/13/1999,117.68
1/12/1999,119.5
1/11/1999,122.28
1/8/1999,123.17
1/7/1999,120.87
1/6/1999,120.15
1/5/1999,118.34
1/4/1999,116.49
12/31/1998,116.57
12/30/1998,116.11
12/29/1998,117.47
12/28/1998,116.02
12/24/1998,117.26
12/23/1998,117.21
12/22/1998,113.87
12/21/1998,112.9
12/18/1998,110.41
12/17/1998,109.81
12/16/1998,108.16
12/15/1998,108.61
12/14/1998,105.46
12/11/1998,108.22
12/10/1998,107.74
12/9/1998,109.33
12/8/1998,109.51
12/7/1998,110.92
12/4/1998,109.81
12/3/1998,106.73
12/2/1998,108.45
12/1/1998,108.91
11/30/1998,108.09
11/27/1998,112.12
11/25/1998,111.58
11/24/1998,112.08
11/23/1998,112.95
11/20/1998,109.8
11/19/1998,109.33
11/18/1998,108.49
11/17/1998,108.64
11/16/1998,108.19
11/13/1998,107
11/12/1998,105.92
11/11/1998,106.61
11/10/1998,106.86
11/9/1998,107.88
11/6/1998,110.14
11/5/1998,108.4
11/4/1998,106.95
11/3/1998,105.07
11/2/1998,105.95
10/30/1998,103.26
10/29/1998,101.73
10/28/1998,99.69
10/27/1998,99.95
10/26/1998,101.24
10/23/1998,101.44
10/22/1998,102.23
10/21/1998,100.47
10/20/1998,100.4
10/19/1998,99.14
10/16/1998,98.48
10/15/1998,99.41
10/14/1998,94.04
10/13/1998,94.53
10/12/1998,95.01
10/9/1998,93.63
10/8/1998,89.63
10/7/1998,88.58
10/6/1998,89.22
10/5/1998,88.88
10/2/1998,91.59
10/1/1998,90.22
9/30/1998,93.92
9/29/1998,97.88
9/28/1998,98.81
9/25/1998,97.42
9/24/1998,97.74
9/23/1998,100.1
9/22/1998,96.81
9/21/1998,95.91
9/18/1998,95.96
9/17/1998,96.11
9/16/1998,99.08
9/15/1998,98.47
9/14/1998,97.54
9/11/1998,95.75
9/10/1998,91.01
9/9/1998,95.37
9/8/1998,98.5
9/4/1998,93.11
9/3/1998,94.12
9/2/1998,95.01
9/1/1998,95.74
8/31/1998,91.2
8/28/1998,99.16
8/27/1998,99.59
8/26/1998,105.09
8/25/1998,106.04
8/24/1998,106.18
8/21/1998,105.5
8/20/1998,106.7
8/19/1998,108.01
8/18/1998,108.26
8/17/1998,106.06
8/14/1998,103.72
8/13/1998,105.53
8/12/1998,106.61
8/11/1998,104.58
8/10/1998,106.51
8/7/1998,107.15
8/6/1998,107.46
8/5/1998,106.85
8/4/1998,105.32
8/3/1998,109.77
7/31/1998,110.95
7/30/1998,113.23
7/29/1998,111.99
7/28/1998,112.37
7/27/1998,113.78
7/24/1998,112.88
7/23/1998,112.58
7/22/1998,115.3
7/21/1998,115.2
7/20/1998,117.78
7/17/1998,118.34
7/16/1998,117.82
7/15/1998,116.77
7/14/1998,117.04
7/13/1998,115.46
7/10/1998,114.57
7/9/1998,113.92
7/8/1998,114.96
7/7/1998,113.87
7/6/1998,113.73
7/2/1998,112.8
7/1/1998,112.95
6/30/1998,111.56
6/29/1998,112.64
6/26/1998,112
6/25/1998,111.85
6/24/1998,112.03
6/23/1998,110.3
6/22/1998,109.27
6/19/1998,108.82
6/18/1998,109.7
6/17/1998,110.56
6/16/1998,107.34
6/15/1998,105.36
6/12/1998,108.43
6/11/1998,107.58
6/10/1998,110.31
6/9/1998,111.94
6/8/1998,111.68
6/5/1998,111.69
6/4/1998,109.97
6/3/1998,107.83
6/2/1998,109.52
6/1/1998,109.26
5/29/1998,109.07
5/28/1998,110.25
5/27/1998,109.83
5/26/1998,109.72
5/22/1998,112.25
5/21/1998,112.87
5/20/1998,113.01
5/19/1998,112.56
5/18/1998,111.7
