Security,FINOUP   Index                                                  ,
Start Date,12/20/1999 0:00,
End Date,5/17/2021 0:00,
Period,D,
,,
Date,PX_LAST,PX_MID
5/17/2021,0,0
5/14/2021,0,0
5/13/2021,4,4
5/12/2021,3,3
5/11/2021,0,0
5/10/2021,11,11
5/7/2021,5,5
5/6/2021,38,38
5/5/2021,34,34
5/4/2021,37,37
4/30/2021,8,8
4/29/2021,32,32
4/28/2021,32,32
4/27/2021,23,23
4/23/2021,0,0
4/22/2021,16,16
4/20/2021,14,14
4/19/2021,6,6
4/16/2021,0,0
4/15/2021,2,2
4/13/2021,0,0
4/12/2021,2,2
4/8/2021,1,1
4/7/2021,0,0
4/6/2021,2,2
4/5/2021,0,0
3/31/2021,2,2
3/30/2021,4,4
3/29/2021,0,0
3/26/2021,1,1
3/25/2021,4,4
3/24/2021,2,2
3/23/2021,2,2
3/22/2021,0,0
3/19/2021,0,0
3/18/2021,2,2
3/17/2021,4,4
3/16/2021,2,2
3/12/2021,1,1
3/11/2021,0,0
3/10/2021,1,1
3/9/2021,2,2
3/8/2021,0,0
3/5/2021,0,0
3/4/2021,4,4
3/3/2021,1,1
3/2/2021,2,2
3/1/2021,8,8
2/26/2021,0,0
2/25/2021,16,16
2/24/2021,11,11
2/23/2021,3,3
2/22/2021,7,7
2/19/2021,1,1
2/18/2021,11,11
2/17/2021,10,10
2/16/2021,4,4
2/11/2021,11,11
2/10/2021,9,9
2/9/2021,12,12
2/8/2021,9,9
2/5/2021,6,6
2/3/2021,12,12
2/1/2021,3,3
1/29/2021,0,0
1/28/2021,10,10
1/27/2021,12,12
1/26/2021,7,7
1/25/2021,1,1
1/22/2021,0,0
1/21/2021,3,3
1/20/2021,2,2
1/19/2021,7,7
1/18/2021,0,0
1/15/2021,0,0
1/14/2021,1,1
1/12/2021,5,5
1/11/2021,2,2
1/8/2021,0,0
1/7/2021,3,3
1/6/2021,0,0
1/4/2021,2,2
12/30/2020,0,0
12/29/2020,0,0
12/28/2020,0,0
12/24/2020,0,0
12/23/2020,1,1
12/22/2020,1,1
12/21/2020,0,0
12/18/2020,0,0
12/17/2020,5,5
12/16/2020,3,3
12/15/2020,2,2
12/14/2020,2,2
12/11/2020,4,4
12/10/2020,2,2
12/9/2020,5,5
12/8/2020,5,5
12/7/2020,0,0
12/4/2020,0,0
12/3/2020,3,3
12/2/2020,11,11
12/1/2020,9,9
11/30/2020,2,2
11/27/2020,0,0
11/25/2020,0,0
11/24/2020,6,6
11/23/2020,1,1
11/20/2020,1,1
11/19/2020,5,5
11/18/2020,1,1
11/16/2020,3,3
11/13/2020,1,1
11/12/2020,3,3
11/11/2020,1,1
11/10/2020,8,8
11/9/2020,6,6
11/6/2020,3,3
11/5/2020,46,46
11/4/2020,20,20
11/3/2020,9,9
11/2/2020,16,16
10/30/2020,8,8
10/29/2020,48,48
10/28/2020,31,31
10/27/2020,24,24
10/26/2020,4,4
10/22/2020,12,12
10/21/2020,18,18
10/20/2020,11,11
10/19/2020,6,6
10/16/2020,2,2
10/15/2020,2,2
10/14/2020,2,2
10/13/2020,4,4
10/12/2020,1,1
10/9/2020,0,0
10/8/2020,2,2
10/7/2020,0,0
10/6/2020,1,1
10/5/2020,1,1
10/2/2020,0,0
10/1/2020,2,2
9/30/2020,0,0
9/29/2020,5,5
9/28/2020,1,1
9/25/2020,0,0
9/24/2020,4,4
9/23/2020,0,0
9/22/2020,1,1
9/21/2020,3,3
9/18/2020,1,1
9/17/2020,1,1
9/16/2020,0,0
9/15/2020,1,1
9/14/2020,3,3
9/11/2020,2,2
9/10/2020,1,1
9/9/2020,3,3
9/8/2020,6,6
9/4/2020,0,0
9/3/2020,2,2
9/2/2020,4,4
9/1/2020,1,1
8/28/2020,0,0
8/27/2020,3,3
8/26/2020,3,3
8/25/2020,5,5
8/24/2020,1,1
8/20/2020,1,1
8/19/2020,2,2
8/18/2020,0,0
8/17/2020,0,0
8/14/2020,0,0
8/13/2020,1,1
8/12/2020,4,4
8/11/2020,1,1
8/10/2020,6,6
8/6/2020,32,32
8/5/2020,13,13
8/4/2020,13,13
8/3/2020,12,12
7/31/2020,3,3
7/30/2020,30,30
7/29/2020,24,24
7/28/2020,14,14
7/27/2020,4,4
7/24/2020,1,1
7/23/2020,15,15
7/22/2020,13,13
7/21/2020,5,5
7/20/2020,2,2
7/17/2020,0,0
7/16/2020,4,4
7/15/2020,1,1
7/13/2020,4,4
7/10/2020,0,0
7/9/2020,2,2
7/8/2020,0,0
7/7/2020,1,1
7/6/2020,0,0
7/1/2020,0,0
6/30/2020,0,0
6/29/2020,1,1
6/26/2020,1,1
6/25/2020,5,5
6/24/2020,0,0
6/23/2020,0,0
6/22/2020,0,0
6/19/2020,0,0
6/18/2020,1,1
6/17/2020,0,0
6/16/2020,1,1
6/15/2020,0,0
6/12/2020,1,1
6/11/2020,0,0
6/10/2020,0,0
6/9/2020,2,2
6/8/2020,2,2
6/5/2020,0,0
6/4/2020,5,5
6/3/2020,9,9
6/2/2020,2,2
6/1/2020,0,0
5/29/2020,0,0
5/28/2020,6,6
5/27/2020,5,5
5/26/2020,3,3
5/22/2020,0,0
5/21/2020,2,2
5/20/2020,3,3
5/18/2020,0,0
5/15/2020,0,0
5/14/2020,1,1
5/13/2020,0,0
5/12/2020,3,3
5/11/2020,5,5
5/8/2020,1,1
5/7/2020,14,14
5/6/2020,13,13
5/5/2020,9,9
5/4/2020,2,2
5/1/2020,1,1
4/30/2020,4,4
4/29/2020,5,5
4/28/2020,6,6
4/24/2020,0,0
4/23/2020,1,1
4/22/2020,1,1
4/21/2020,5,5
4/20/2020,1,1
4/17/2020,1,1
4/16/2020,0,0
4/15/2020,2,2
4/14/2020,1,1
4/13/2020,0,0
4/9/2020,0,0
4/8/2020,0,0
4/7/2020,0,0
4/6/2020,0,0
4/3/2020,0,0
4/1/2020,2,2
3/31/2020,2,2
3/30/2020,0,0
3/26/2020,1,1
3/25/2020,0,0
3/24/2020,0,0
3/23/2020,0,0
3/20/2020,1,1
3/19/2020,4,4
3/18/2020,0,0
3/17/2020,0,0
3/16/2020,1,1
3/13/2020,0,0
3/12/2020,5,5
3/11/2020,0,0
3/9/2020,1,1
3/6/2020,0,0
3/5/2020,2,2
3/4/2020,4,4
3/3/2020,3,3
3/2/2020,0,0
2/28/2020,1,1
2/27/2020,7,7
2/26/2020,5,5
2/25/2020,5,5
2/24/2020,6,6
2/21/2020,0,0
2/20/2020,5,5
2/19/2020,10,10
2/18/2020,5,5
2/13/2020,0,0
2/12/2020,8,8
2/11/2020,7,7
2/10/2020,3,3
2/6/2020,3,3
2/5/2020,6,6
2/3/2020,1,1
1/31/2020,0,0
1/30/2020,10,10
1/29/2020,6,6
1/28/2020,6,6
1/27/2020,0,0
1/24/2020,0,0
1/23/2020,8,8
1/22/2020,2,2
1/21/2020,2,2
1/20/2020,0,0
1/17/2020,0,0
1/16/2020,5,5
1/15/2020,0,0
1/14/2020,2,2
1/13/2020,4,4
1/9/2020,2,2
1/8/2020,2,2
1/7/2020,0,0
1/6/2020,0,0
1/2/2020,0,0
1/1/2020,0,0
12/31/2019,0,0
12/30/2019,0,0
12/27/2019,0,0
12/26/2019,0,0
12/25/2019,0,0
12/24/2019,0,0
12/23/2019,1,1
12/20/2019,1,1
12/19/2019,2,2
12/18/2019,1,1
12/17/2019,4,4
12/16/2019,0,0
12/12/2019,0,0
12/11/2019,1,1
12/10/2019,2,2
12/9/2019,2,2
12/6/2019,1,1
12/5/2019,16,16
12/4/2019,8,8
12/3/2019,4,4
12/2/2019,3,3
11/29/2019,0,0
11/28/2019,0,0
11/27/2019,1,1
11/26/2019,7,7
11/25/2019,4,4
11/22/2019,3,3
11/21/2019,4,4
11/20/2019,2,2
11/19/2019,1,1
11/15/2019,0,0
11/13/2019,2,2
11/12/2019,8,8
11/8/2019,1,1
11/7/2019,12,12
11/6/2019,20,20
11/5/2019,16,16
11/4/2019,7,7
11/1/2019,4,4
10/31/2019,23,23
10/30/2019,32,32
10/29/2019,20,20
10/28/2019,6,6
10/25/2019,1,1
10/24/2019,22,22
10/23/2019,15,15
10/22/2019,9,9
10/21/2019,1,1
10/18/2019,0,0
10/17/2019,4,4
10/16/2019,0,0
10/15/2019,2,2
10/14/2019,0,0
10/11/2019,0,0
10/10/2019,1,1
10/9/2019,0,0
10/8/2019,0,0
10/7/2019,0,0
10/4/2019,0,0
10/3/2019,1,1
10/2/2019,1,1
10/1/2019,2,2
9/30/2019,0,0
9/26/2019,2,2
9/25/2019,0,0
9/24/2019,0,0
9/23/2019,0,0
9/20/2019,0,0
9/19/2019,0,0
9/18/2019,2,2
9/17/2019,0,0
9/16/2019,0,0
9/13/2019,0,0
9/11/2019,1,1
9/10/2019,3,3
9/9/2019,0,0
9/6/2019,0,0
9/5/2019,8,8
9/4/2019,2,2
9/3/2019,1,1
8/30/2019,0,0
8/29/2019,4,4
8/28/2019,5,5
8/27/2019,5,5
8/26/2019,0,0
8/23/2019,2,2
8/22/2019,1,1
8/21/2019,3,3
8/20/2019,1,1
8/19/2019,4,4
8/16/2019,0,0
8/15/2019,1,1
8/14/2019,1,1
8/13/2019,1,1
8/12/2019,0,0
8/9/2019,0,0
8/8/2019,5,5
8/7/2019,13,13
8/6/2019,16,16
8/5/2019,6,6
8/1/2019,26,26
7/31/2019,26,26
7/30/2019,19,19
7/29/2019,8,8
7/26/2019,1,1
7/25/2019,16,16
7/24/2019,13,13
7/23/2019,9,9
7/22/2019,1,1
7/19/2019,0,0
7/18/2019,4,4
7/17/2019,3,3
7/16/2019,2,2
7/15/2019,1,1
7/12/2019,0,0
7/11/2019,0,0
7/10/2019,0,0
7/8/2019,0,0
7/5/2019,0,0
7/3/2019,0,0
7/2/2019,1,1
7/1/2019,0,0
6/28/2019,1,1
6/27/2019,2,2
6/26/2019,1,1
6/25/2019,2,2
6/24/2019,0,0
6/21/2019,0,0
6/20/2019,0,0
6/19/2019,2,2
6/18/2019,0,0
6/17/2019,0,0
6/14/2019,0,0
6/13/2019,0,0
6/12/2019,2,2
6/11/2019,0,0
6/10/2019,1,1
6/7/2019,0,0
6/6/2019,3,3
6/5/2019,4,4
6/4/2019,0,0
6/3/2019,1,1
5/31/2019,1,1
5/30/2019,5,5
5/29/2019,3,3
5/28/2019,2,2
5/27/2019,0,0
5/24/2019,1,1
5/23/2019,3,3
5/22/2019,2,2
5/21/2019,0,0
5/20/2019,0,0
5/17/2019,0,0
5/16/2019,1,1
5/15/2019,1,1
5/14/2019,2,2
5/13/2019,1,1
5/10/2019,1,1
5/9/2019,7,7
5/8/2019,5,5
5/7/2019,5,5
5/6/2019,4,4
5/3/2019,0,0
5/2/2019,13,13
5/1/2019,12,12
4/30/2019,14,14
4/29/2019,4,4
4/26/2019,1,1
4/25/2019,14,14
4/24/2019,10,10
4/23/2019,5,5
4/22/2019,2,2
4/18/2019,1,1
4/17/2019,1,1
4/16/2019,1,1
4/15/2019,0,0
4/12/2019,0,0
4/11/2019,0,0
4/10/2019,2,2
4/9/2019,0,0
4/8/2019,0,0
4/5/2019,0,0
4/4/2019,0,0
4/3/2019,0,0
4/2/2019,0,0
4/1/2019,0,0
3/29/2019,0,0
3/28/2019,1,1
3/27/2019,5,5
3/26/2019,0,0
3/25/2019,0,0
3/22/2019,1,1
3/21/2019,3,3
3/20/2019,2,2
3/19/2019,2,2
3/18/2019,0,0
3/15/2019,0,0
3/14/2019,1,1
3/13/2019,0,0
3/12/2019,1,1
3/11/2019,0,0
3/8/2019,0,0
3/7/2019,1,1
3/6/2019,1,1
3/5/2019,6,6
3/4/2019,3,3
3/1/2019,2,2
2/28/2019,6,6
2/27/2019,2,2
2/26/2019,5,5
2/25/2019,3,3
2/22/2019,0,0
2/21/2019,6,6
2/20/2019,4,4
2/19/2019,6,6
2/18/2019,0,0
2/15/2019,0,0
2/14/2019,6,6
2/13/2019,0,0
2/12/2019,1,1
2/11/2019,2,2
2/8/2019,1,1
2/7/2019,7,7
2/6/2019,4,4
2/5/2019,9,9
2/4/2019,1,1
2/1/2019,1,1
1/31/2019,6,6
1/30/2019,9,9
1/29/2019,12,12
1/28/2019,1,1
1/25/2019,0,0
1/24/2019,2,2
1/23/2019,2,2
1/22/2019,1,1
1/21/2019,0,0
1/18/2019,0,0
1/17/2019,2,2
1/16/2019,2,2
1/15/2019,3,3
1/14/2019,0,0
1/11/2019,2,2
1/10/2019,3,3
1/9/2019,2,2
1/8/2019,0,0
1/7/2019,1,1
1/4/2019,0,0
1/3/2019,1,1
1/2/2019,0,0
12/14/2018,0,0
12/13/2018,0,0
12/12/2018,2,2
12/11/2018,0,0
12/10/2018,1,1
12/7/2018,0,0
12/6/2018,3,3
12/5/2018,0,0
12/4/2018,2,2
12/3/2018,4,4
11/30/2018,0,0
11/29/2018,5,5
11/28/2018,5,5
11/27/2018,1,1
11/26/2018,0,0
11/23/2018,0,0
11/22/2018,0,0
11/21/2018,0,0
11/20/2018,5,5
11/19/2018,1,1
11/16/2018,0,0
11/15/2018,3,3
11/14/2018,1,1
11/13/2018,1,1
11/12/2018,0,0
11/9/2018,0,0
11/7/2018,14,14
11/6/2018,12,12
11/5/2018,11,11
11/2/2018,2,2
10/31/2018,14,14
10/30/2018,13,13
10/29/2018,12,12
10/25/2018,23,23
10/24/2018,14,14
10/23/2018,8,8
10/22/2018,2,2
10/19/2018,1,1
10/17/2018,1,1
10/16/2018,3,3
10/15/2018,2,2
10/12/2018,0,0
10/11/2018,1,1
10/10/2018,0,0
10/9/2018,1,1
10/8/2018,0,0
10/5/2018,0,0
10/4/2018,1,1
10/3/2018,0,0
10/2/2018,1,1
10/1/2018,0,0
9/28/2018,0,0
9/27/2018,1,1
9/26/2018,0,0
9/25/2018,2,2
9/24/2018,1,1
9/21/2018,0,0
9/20/2018,2,2
9/19/2018,0,0
9/18/2018,0,0
9/14/2018,0,0
9/13/2018,1,1
9/12/2018,1,1
9/10/2018,0,0
9/7/2018,0,0
9/6/2018,7,7
9/5/2018,3,3
9/4/2018,3,3
8/29/2018,6,6
8/28/2018,3,3
8/27/2018,0,0
8/24/2018,1,1
8/23/2018,0,0
8/22/2018,4,4
8/21/2018,1,1
8/20/2018,0,0
8/17/2018,0,0
8/16/2018,2,2
8/15/2018,1,1
8/14/2018,1,1
8/13/2018,0,0
8/10/2018,0,0
8/8/2018,11,11
8/7/2018,12,12
8/6/2018,13,13
8/3/2018,5,5
8/2/2018,13,13
8/1/2018,19,19
7/31/2018,11,11
7/30/2018,5,5
7/27/2018,4,4
7/26/2018,18,18
7/25/2018,22,22
7/24/2018,13,13
7/23/2018,2,2
7/20/2018,1,1
7/19/2018,3,3
7/18/2018,3,3
7/17/2018,0,0
7/16/2018,2,2
7/13/2018,0,0
7/12/2018,0,0
7/11/2018,0,0
7/10/2018,0,0
7/9/2018,1,1
7/6/2018,0,0
7/5/2018,0,0
7/3/2018,0,0
7/2/2018,0,0
6/29/2018,0,0
6/28/2018,1,1
6/27/2018,5,5
6/26/2018,0,0
6/25/2018,0,0
6/21/2018,2,2
6/20/2018,4,4
6/19/2018,0,0
6/18/2018,0,0
6/15/2018,1,1
6/14/2018,3,3
6/13/2018,1,1
6/12/2018,0,0
6/11/2018,2,2
6/8/2018,0,0
6/7/2018,0,0
6/6/2018,5,5
6/5/2018,4,4
6/4/2018,2,2
6/1/2018,3,3
5/31/2018,3,3
5/30/2018,5,5
5/29/2018,1,1
5/25/2018,0,0
5/24/2018,5,5
5/23/2018,4,4
5/22/2018,3,3
5/21/2018,1,1
5/18/2018,0,0
5/17/2018,1,1
5/16/2018,2,2
5/15/2018,0,0
5/11/2018,0,0
5/10/2018,4,4
5/9/2018,6,6
5/8/2018,8,8
5/7/2018,2,2
5/4/2018,3,3
5/3/2018,14,14
5/2/2018,22,22
5/1/2018,12,12
4/30/2018,14,14
4/27/2018,0,0
4/26/2018,20,20
4/25/2018,16,16
4/24/2018,9,9
4/23/2018,4,4
4/20/2018,1,1
4/19/2018,8,8
4/18/2018,0,0
4/17/2018,2,2
4/16/2018,2,2
4/13/2018,1,1
4/12/2018,1,1
4/11/2018,0,0
4/10/2018,0,0
4/6/2018,0,0
4/5/2018,2,2
4/4/2018,0,0
4/3/2018,2,2
4/2/2018,2,2
3/29/2018,2,2
3/28/2018,5,5
3/26/2018,2,2
3/23/2018,0,0
3/22/2018,4,4
3/21/2018,2,2
3/20/2018,1,1
3/19/2018,3,3
3/16/2018,0,0
3/15/2018,1,1
3/14/2018,0,0
3/13/2018,1,1
3/9/2018,0,0
3/8/2018,4,4
3/7/2018,2,2
3/6/2018,4,4
3/5/2018,0,0
3/2/2018,2,2
3/1/2018,3,3
2/28/2018,5,5
2/27/2018,3,3
2/26/2018,2,2
2/22/2018,11,11
2/21/2018,11,11
2/20/2018,3,3
2/16/2018,5,5
2/15/2018,4,4
2/14/2018,7,7
2/13/2018,4,4
2/12/2018,1,1
2/9/2018,1,1
2/8/2018,12,12
2/7/2018,10,10
2/6/2018,21,21
2/5/2018,4,4
2/2/2018,7,7
2/1/2018,11,11
1/31/2018,17,17
1/30/2018,12,12
1/29/2018,2,2
1/26/2018,3,3
1/25/2018,9,9
1/24/2018,8,8
1/23/2018,3,3
1/22/2018,3,3
1/19/2018,0,0
1/18/2018,1,1
1/17/2018,0,0
1/16/2018,2,2
1/12/2018,0,0
1/11/2018,1,1
1/10/2018,3,3
1/9/2018,3,3
1/8/2018,12,12
1/4/2018,1,1
1/3/2018,0,0
1/2/2018,0,0
12/29/2017,0,0
12/28/2017,0,0
12/27/2017,0,0
12/22/2017,0,0
12/21/2017,1,1
12/20/2017,0,0
12/19/2017,5,5
12/18/2017,1,1
12/15/2017,0,0
12/14/2017,3,3
12/13/2017,1,1
12/12/2017,1,1
12/11/2017,0,0
12/8/2017,0,0
12/7/2017,1,1
12/6/2017,7,7
12/5/2017,3,3
12/4/2017,2,2
12/1/2017,2,2
11/30/2017,3,3
11/29/2017,2,2
11/28/2017,1,1
11/27/2017,0,0
11/24/2017,0,0
11/22/2017,0,0
11/21/2017,3,3
11/20/2017,2,2
11/17/2017,1,1
11/16/2017,4,4
11/15/2017,4,4
11/14/2017,3,3
11/13/2017,1,1
11/10/2017,1,1
11/9/2017,6,6
11/8/2017,7,7
11/7/2017,9,9
11/6/2017,7,7
11/3/2017,6,6
11/2/2017,34,34
11/1/2017,24,24
10/31/2017,20,20
10/30/2017,6,6
10/27/2017,5,5
10/26/2017,27,27
10/25/2017,18,18
10/24/2017,18,18
10/23/2017,3,3
10/20/2017,0,0
10/19/2017,7,7
10/18/2017,2,2
10/17/2017,5,5
10/16/2017,2,2
10/13/2017,1,1
10/12/2017,2,2
10/11/2017,1,1
10/10/2017,0,0
10/9/2017,0,0
10/6/2017,0,0
10/5/2017,1,1
10/4/2017,0,0
10/3/2017,0,0
10/2/2017,0,0
9/29/2017,0,0
9/28/2017,3,3
9/27/2017,3,3
9/26/2017,2,2
9/25/2017,2,2
9/22/2017,0,0
9/21/2017,0,0
9/20/2017,0,0
9/19/2017,0,0
9/18/2017,0,0
9/15/2017,0,0
9/14/2017,0,0
9/13/2017,0,0
9/12/2017,0,0
9/11/2017,0,0
9/8/2017,1,1
9/7/2017,2,2
9/6/2017,5,5
9/5/2017,1,1
9/1/2017,0,0
8/31/2017,3,3
8/30/2017,2,2
8/29/2017,2,2
8/28/2017,0,0
8/25/2017,0,0
8/24/2017,3,3
8/23/2017,3,3
8/22/2017,1,1
8/21/2017,0,0
8/18/2017,1,1
8/17/2017,2,2
8/16/2017,1,1
8/15/2017,2,2
8/14/2017,2,2
8/11/2017,0,0
8/10/2017,2,2
8/9/2017,4,4
8/8/2017,7,7
8/7/2017,7,7
8/4/2017,3,3
8/3/2017,13,13
8/2/2017,26,26
8/1/2017,11,11
7/31/2017,6,6
7/28/2017,7,7
7/27/2017,16,16
7/26/2017,21,21
7/25/2017,14,14
7/24/2017,2,2
7/21/2017,1,1
7/20/2017,4,4
7/19/2017,0,0
7/18/2017,3,3
7/17/2017,0,0
7/14/2017,0,0
7/13/2017,2,2
7/12/2017,0,0
7/11/2017,0,0
7/10/2017,0,0
7/7/2017,0,0
7/6/2017,0,0
7/5/2017,0,0
7/4/2017,0,0
7/3/2017,0,0
6/30/2017,0,0
6/29/2017,0,0
6/28/2017,0,0
6/27/2017,0,0
6/26/2017,1,1
6/23/2017,0,0
6/22/2017,2,2
6/21/2017,1,1
6/20/2017,2,2
6/19/2017,1,1
6/16/2017,0,0
6/15/2017,0,0
6/14/2017,1,1
6/13/2017,0,0
6/12/2017,0,0
6/9/2017,0,0
6/8/2017,1,1
6/7/2017,0,0
6/6/2017,3,3
6/5/2017,2,2
6/2/2017,1,1
6/1/2017,3,3
5/31/2017,2,2
5/30/2017,1,1
5/26/2017,0,0
5/25/2017,3,3
5/24/2017,3,3
5/23/2017,3,3
5/22/2017,0,0
5/19/2017,0,0
5/18/2017,4,4
5/17/2017,1,1
5/16/2017,3,3
5/12/2017,0,0
5/11/2017,0,0
5/10/2017,2,2
5/9/2017,5,5
5/8/2017,4,4
5/5/2017,0,0
5/4/2017,14,14
5/3/2017,15,15
5/2/2017,10,10
5/1/2017,4,4
4/28/2017,6,6
4/27/2017,12,12
4/26/2017,16,16
4/25/2017,9,9
4/24/2017,5,5
4/21/2017,1,1
4/20/2017,6,6
4/19/2017,3,3
4/18/2017,3,3
4/17/2017,0,0
4/13/2017,0,0
4/12/2017,0,0
4/11/2017,0,0
4/10/2017,1,1
4/7/2017,0,0
4/6/2017,1,1
4/5/2017,0,0
4/4/2017,0,0
4/3/2017,0,0
3/31/2017,0,0
3/30/2017,0,0
3/29/2017,0,0
3/28/2017,0,0
3/27/2017,1,1
3/24/2017,0,0
3/23/2017,0,0
3/22/2017,4,4
3/21/2017,2,2
3/20/2017,0,0
3/17/2017,1,1
3/16/2017,2,2
3/15/2017,0,0
3/13/2017,1,1
3/10/2017,2,2
3/9/2017,0,0
3/8/2017,2,2
3/7/2017,0,0
3/6/2017,0,0
3/3/2017,1,1
3/2/2017,3,3
3/1/2017,1,1
2/28/2017,4,4
2/27/2017,3,3
2/24/2017,0,0
2/23/2017,6,6
2/22/2017,5,5
2/21/2017,3,3
2/20/2017,1,1
2/17/2017,1,1
2/16/2017,4,4
2/15/2017,8,8
2/14/2017,6,6
2/13/2017,3,3
2/10/2017,1,1
2/9/2017,5,5
2/8/2017,6,6
2/7/2017,8,8
2/6/2017,3,3
2/3/2017,1,1
2/2/2017,11,11
2/1/2017,7,7
1/31/2017,9,9
1/30/2017,4,4
1/27/2017,0,0
1/26/2017,7,7
1/25/2017,2,2
1/24/2017,2,2
1/23/2017,1,1
1/20/2017,1,1
1/19/2017,2,2
1/18/2017,0,0
1/17/2017,3,3
1/13/2017,0,0
1/12/2017,1,1
1/11/2017,0,0
1/10/2017,2,2
1/9/2017,3,3
1/6/2017,0,0
1/5/2017,2,2
1/4/2017,0,0
1/3/2017,0,0
12/30/2016,0,0
12/29/2016,0,0
12/28/2016,0,0
12/27/2016,0,0
12/23/2016,0,0
12/22/2016,1,1
12/21/2016,3,3
12/20/2016,2,2
12/19/2016,0,0
12/16/2016,1,1
12/15/2016,2,2
12/14/2016,4,4
12/13/2016,2,2
12/12/2016,1,1
12/9/2016,0,0
12/8/2016,4,4
12/7/2016,0,0
12/6/2016,1,1
12/5/2016,2,2
12/2/2016,0,0
12/1/2016,2,2
11/30/2016,3,3
11/29/2016,0,0
11/28/2016,1,1
11/25/2016,0,0
11/23/2016,2,2
11/22/2016,2,2
11/21/2016,0,0
11/18/2016,0,0
11/17/2016,7,7
11/16/2016,3,3
11/15/2016,0,0
11/14/2016,0,0
11/11/2016,1,1
11/10/2016,2,2
11/9/2016,5,5
11/8/2016,1,1
11/7/2016,8,8
11/4/2016,4,4
11/3/2016,24,24
11/2/2016,19,19
11/1/2016,12,12
10/31/2016,8,8
10/28/2016,1,1
10/27/2016,30,30
10/26/2016,17,17
10/25/2016,18,18
10/24/2016,3,3
10/21/2016,1,1
10/20/2016,7,7
10/19/2016,11,11
10/18/2016,2,2
10/17/2016,1,1
10/14/2016,0,0
10/13/2016,1,1
10/12/2016,0,0
10/11/2016,0,0
10/10/2016,0,0
10/7/2016,0,0
10/6/2016,2,2
10/5/2016,3,3
10/4/2016,2,2
10/3/2016,0,0
9/30/2016,0,0
9/29/2016,2,2
9/28/2016,1,1
9/27/2016,2,2
9/26/2016,1,1
9/23/2016,1,1
9/22/2016,0,0
9/21/2016,2,2
9/20/2016,2,2
9/19/2016,0,0
9/15/2016,0,0
9/14/2016,0,0
9/13/2016,0,0
9/12/2016,0,0
9/9/2016,0,0
9/8/2016,3,3
9/7/2016,1,1
9/6/2016,0,0
9/2/2016,0,0
9/1/2016,4,4
8/31/2016,2,2
8/30/2016,0,0
8/29/2016,0,0
8/26/2016,0,0
8/25/2016,2,2
8/24/2016,2,2
8/23/2016,0,0
8/22/2016,0,0
8/19/2016,0,0
8/18/2016,4,4
8/17/2016,4,4
8/16/2016,3,3
8/15/2016,0,0
8/12/2016,0,0
8/11/2016,2,2
8/10/2016,1,1
8/9/2016,3,3
8/8/2016,6,6
8/5/2016,3,3
8/4/2016,14,14
8/3/2016,8,8
8/2/2016,20,20
8/1/2016,6,6
7/29/2016,2,2
7/28/2016,15,15
7/27/2016,17,17
7/26/2016,19,19
7/25/2016,3,3
7/22/2016,1,1
7/21/2016,7,7
7/20/2016,4,4
7/19/2016,6,6
7/18/2016,0,0
7/15/2016,0,0
7/14/2016,0,0
7/13/2016,0,0
7/12/2016,1,1
7/11/2016,0,0
7/8/2016,0,0
7/7/2016,0,0
7/6/2016,0,0
7/5/2016,0,0
7/4/2016,0,0
7/1/2016,1,1
6/30/2016,0,0
6/29/2016,0,0
6/28/2016,2,2
6/27/2016,0,0
6/24/2016,0,0
6/23/2016,0,0
6/22/2016,1,1
6/21/2016,0,0
6/20/2016,0,0
6/17/2016,0,0
6/16/2016,2,2
6/15/2016,1,1
6/14/2016,0,0
6/13/2016,2,2
6/10/2016,0,0
6/9/2016,2,2
6/8/2016,2,2
6/7/2016,0,0
6/6/2016,1,1
6/3/2016,0,0
6/2/2016,1,1
6/1/2016,2,2
5/31/2016,0,0
5/27/2016,1,1
5/26/2016,1,1
5/25/2016,1,1
5/24/2016,4,4
5/23/2016,1,1
5/20/2016,0,0
5/19/2016,6,6
5/18/2016,3,3
5/17/2016,2,2
5/16/2016,1,1
5/13/2016,0,0
5/12/2016,2,2
5/11/2016,2,2
5/10/2016,3,3
5/9/2016,4,4
5/6/2016,0,0
5/5/2016,10,10
5/4/2016,8,8
5/3/2016,7,7
5/2/2016,7,7
4/29/2016,3,3
4/28/2016,14,14
4/27/2016,14,14
4/26/2016,16,16
4/25/2016,3,3
4/22/2016,1,1
4/21/2016,12,12
4/20/2016,9,9
4/19/2016,2,2
4/18/2016,0,0
4/15/2016,1,1
4/14/2016,0,0
4/13/2016,0,0
4/12/2016,0,0
4/11/2016,0,0
4/8/2016,0,0
4/7/2016,2,2
4/6/2016,0,0
4/5/2016,0,0
4/4/2016,1,1
4/1/2016,0,0
3/31/2016,0,0
3/30/2016,1,1
3/29/2016,0,0
3/28/2016,0,0
3/25/2016,0,0
3/24/2016,1,1
3/23/2016,1,1
3/22/2016,2,2
3/21/2016,1,1
3/18/2016,0,0
3/17/2016,2,2
3/16/2016,4,4
3/15/2016,2,2
3/14/2016,0,0
3/11/2016,0,0
3/10/2016,5,5
3/9/2016,2,2
3/8/2016,1,1
3/7/2016,3,3
3/4/2016,1,1
3/3/2016,5,5
3/2/2016,3,3
3/1/2016,5,5
2/29/2016,2,2
2/26/2016,2,2
2/25/2016,3,3
2/24/2016,8,8
2/23/2016,6,6
2/22/2016,3,3
2/19/2016,0,0
2/18/2016,9,9
2/17/2016,7,7
2/16/2016,3,3
2/15/2016,1,1
2/12/2016,3,3
2/11/2016,7,7
2/10/2016,8,8
2/9/2016,3,3
2/8/2016,2,2
2/5/2016,1,1
2/4/2016,8,8
2/3/2016,9,9
2/2/2016,6,6
2/1/2016,5,5
1/29/2016,4,4
1/28/2016,9,9
1/27/2016,9,9
1/26/2016,5,5
1/25/2016,1,1
1/22/2016,2,2
1/21/2016,2,2
1/20/2016,0,0
1/19/2016,4,4
1/15/2016,0,0
1/14/2016,2,2
1/13/2016,0,0
1/12/2016,3,3
1/11/2016,4,4
1/8/2016,0,0
1/7/2016,5,5
1/6/2016,1,1
1/5/2016,1,1
12/29/2015,0,0
12/24/2015,0,0
12/23/2015,0,0
12/22/2015,2,2
12/21/2015,2,2
12/18/2015,4,4
12/17/2015,3,3
12/16/2015,4,4
12/15/2015,2,2
12/14/2015,1,1
12/11/2015,0,0
12/10/2015,0,0
12/9/2015,5,5
12/8/2015,2,2
12/7/2015,1,1
12/4/2015,0,0
12/3/2015,2,2
12/2/2015,0,0
12/1/2015,0,0
11/30/2015,4,4
11/27/2015,0,0
11/25/2015,0,0
11/24/2015,4,4
11/23/2015,1,1
11/20/2015,1,1
11/19/2015,5,5
11/18/2015,3,3
11/17/2015,3,3
11/16/2015,0,0
11/13/2015,0,0
11/12/2015,4,4
11/11/2015,1,1
11/10/2015,3,3
11/9/2015,3,3
11/6/2015,0,0
11/5/2015,15,15
11/4/2015,12,12
11/3/2015,12,12
11/2/2015,13,13
10/30/2015,4,4
10/29/2015,27,27
10/28/2015,12,12
10/27/2015,26,26
10/26/2015,6,6
10/23/2015,3,3
10/22/2015,10,10
10/21/2015,10,10
10/20/2015,3,3
10/19/2015,0,0
10/16/2015,0,0
10/15/2015,0,0
10/14/2015,0,0
10/13/2015,0,0
10/12/2015,0,0
10/9/2015,0,0
10/8/2015,1,1
10/7/2015,3,3
10/6/2015,1,1
10/5/2015,0,0
10/2/2015,0,0
10/1/2015,1,1
9/30/2015,0,0
9/29/2015,0,0
9/28/2015,2,2
9/25/2015,2,2
9/24/2015,2,2
9/23/2015,0,0
9/22/2015,1,1
9/21/2015,1,1
9/18/2015,0,0
9/17/2015,2,2
9/16/2015,2,2
9/15/2015,1,1
9/14/2015,0,0
9/11/2015,0,0
9/10/2015,0,0
9/9/2015,3,3
9/8/2015,0,0
9/4/2015,0,0
9/3/2015,1,1
9/2/2015,3,3
9/1/2015,0,0
8/31/2015,0,0
8/28/2015,1,1
8/27/2015,5,5
8/26/2015,2,2
8/25/2015,1,1
8/24/2015,0,0
8/21/2015,0,0
8/20/2015,4,4
8/19/2015,5,5
8/18/2015,3,3
8/17/2015,0,0
8/14/2015,0,0
8/13/2015,2,2
8/12/2015,1,1
8/11/2015,2,2
8/10/2015,2,2
8/7/2015,7,7
8/6/2015,15,15
8/5/2015,8,8
8/4/2015,14,14
8/3/2015,12,12
7/31/2015,1,1
7/30/2015,13,13
7/29/2015,21,21
7/28/2015,8,8
7/27/2015,6,6
7/24/2015,5,5
7/23/2015,20,20
7/22/2015,14,14
7/21/2015,4,4
7/20/2015,0,0
7/17/2015,0,0
7/16/2015,4,4
7/15/2015,2,2
7/14/2015,2,2
7/13/2015,0,0
7/10/2015,0,0
7/9/2015,2,2
7/8/2015,0,0
7/7/2015,0,0
7/6/2015,0,0
7/2/2015,0,0
7/1/2015,1,1
6/30/2015,0,0
6/29/2015,0,0
6/26/2015,0,0
6/25/2015,0,0
6/24/2015,1,1
6/23/2015,1,1
6/22/2015,0,0
6/19/2015,0,0
6/18/2015,0,0
6/17/2015,0,0
6/16/2015,1,1
6/15/2015,0,0
6/12/2015,0,0
6/11/2015,1,1
6/9/2015,3,3
6/8/2015,0,0
6/5/2015,8,8
6/4/2015,1,1
6/3/2015,1,1
6/2/2015,4,4
6/1/2015,1,1
5/29/2015,0,0
5/28/2015,3,3
5/27/2015,0,0
5/26/2015,0,0
5/25/2015,0,0
5/22/2015,0,0
5/21/2015,4,4
5/20/2015,3,3
5/19/2015,1,1
5/18/2015,2,2
5/15/2015,0,0
5/14/2015,1,1
5/13/2015,1,1
5/12/2015,3,3
5/11/2015,3,3
5/8/2015,0,0
5/7/2015,14,14
5/6/2015,9,9
5/5/2015,15,15
5/4/2015,5,5
5/1/2015,3,3
4/30/2015,6,6
4/29/2015,8,8
4/28/2015,5,5
4/27/2015,1,1
4/24/2015,2,2
4/23/2015,7,7
4/22/2015,9,9
4/21/2015,7,7
4/20/2015,1,1
4/17/2015,0,0
4/16/2015,4,4
4/15/2015,3,3
4/14/2015,0,0
4/13/2015,0,0
4/10/2015,0,0
4/9/2015,0,0
4/8/2015,0,0
4/7/2015,1,1
4/6/2015,0,0
4/2/2015,2,2
4/1/2015,0,0
3/31/2015,1,1
3/30/2015,0,0
3/27/2015,0,0
3/26/2015,4,4
3/25/2015,0,0
3/24/2015,0,0
3/23/2015,0,0
3/20/2015,2,2
3/19/2015,2,2
3/18/2015,0,0
3/17/2015,2,2
3/16/2015,1,1
3/13/2015,0,0
3/12/2015,3,3
3/11/2015,2,2
3/10/2015,1,1
3/9/2015,0,0
3/6/2015,0,0
3/5/2015,2,2
3/4/2015,2,2
3/3/2015,1,1
3/2/2015,0,0
2/27/2015,0,0
2/26/2015,7,7
2/25/2015,5,5
2/24/2015,4,4
2/23/2015,2,2
2/20/2015,1,1
2/19/2015,4,4
2/18/2015,5,5
2/17/2015,5,5
2/13/2015,0,0
2/12/2015,9,9
2/11/2015,6,6
2/10/2015,5,5
2/9/2015,6,6
2/6/2015,1,1
2/5/2015,12,12
2/4/2015,8,8
2/3/2015,8,8
2/2/2015,6,6
1/30/2015,0,0
1/29/2015,11,11
1/28/2015,2,2
1/27/2015,2,2
1/26/2015,0,0
1/23/2015,2,2
1/22/2015,6,6
1/21/2015,3,3
1/20/2015,5,5
1/16/2015,0,0
1/15/2015,1,1
1/14/2015,0,0
1/13/2015,3,3
1/12/2015,7,7
1/9/2015,0,0
1/8/2015,12,12
1/7/2015,2,2
1/6/2015,1,1
1/5/2015,1,1
1/2/2015,0,0
12/30/2014,0,0
12/29/2014,0,0
12/26/2014,0,0
12/24/2014,1,1
12/23/2014,0,0
12/22/2014,0,0
12/19/2014,1,1
12/18/2014,2,2
12/17/2014,2,2
12/16/2014,2,2
12/15/2014,0,0
12/12/2014,1,1
12/11/2014,4,4
12/10/2014,0,0
12/9/2014,1,1
12/8/2014,1,1
12/5/2014,1,1
12/4/2014,2,2
12/3/2014,4,4
12/2/2014,3,3
12/1/2014,0,0
11/28/2014,0,0
11/27/2014,0,0
11/26/2014,0,0
11/25/2014,2,2
11/24/2014,1,1
11/21/2014,1,1
11/20/2014,3,3
11/19/2014,2,2
11/18/2014,2,2
11/17/2014,0,0
11/14/2014,0,0
11/13/2014,2,2
11/12/2014,3,3
11/11/2014,1,1
11/10/2014,7,7
11/7/2014,0,0
11/6/2014,15,15
11/5/2014,6,6
11/4/2014,7,7
11/3/2014,8,8
10/31/2014,5,5
10/30/2014,29,29
10/29/2014,13,13
10/28/2014,20,20
10/27/2014,5,5
10/24/2014,12,12
10/23/2014,19,19
10/22/2014,12,12
10/21/2014,8,8
10/20/2014,8,8
10/17/2014,1,1
10/16/2014,9,9
10/15/2014,1,1
10/14/2014,0,0
10/13/2014,1,1
10/10/2014,0,0
10/9/2014,4,4
10/8/2014,2,2
10/7/2014,1,1
10/6/2014,0,0
10/3/2014,2,2
10/2/2014,2,2
10/1/2014,0,0
9/30/2014,0,0
9/29/2014,1,1
9/26/2014,0,0
9/25/2014,2,2
9/24/2014,1,1
9/23/2014,1,1
9/22/2014,0,0
9/19/2014,0,0
9/18/2014,2,2
9/17/2014,3,3
9/16/2014,1,1
9/15/2014,0,0
9/12/2014,0,0
9/11/2014,1,1
9/10/2014,1,1
9/9/2014,0,0
9/8/2014,0,0
9/5/2014,0,0
9/4/2014,6,6
9/3/2014,0,0
9/2/2014,0,0
9/1/2014,0,0
8/29/2014,0,0
8/28/2014,3,3
8/27/2014,0,0
8/26/2014,0,0
8/25/2014,1,1
8/22/2014,0,0
8/21/2014,1,1
8/20/2014,3,3
8/19/2014,1,1
8/18/2014,1,1
8/15/2014,0,0
8/14/2014,0,0
8/13/2014,2,2
8/12/2014,0,0
8/11/2014,4,4
8/8/2014,1,1
8/7/2014,8,8
8/6/2014,9,9
8/5/2014,5,5
8/4/2014,11,11
8/1/2014,4,4
7/31/2014,17,17
7/30/2014,11,11
7/29/2014,8,8
7/28/2014,1,1
7/25/2014,4,4
7/24/2014,28,28
7/23/2014,18,18
7/22/2014,7,7
7/21/2014,5,5
7/18/2014,1,1
7/17/2014,4,4
7/16/2014,1,1
7/15/2014,1,1
7/14/2014,0,0
7/11/2014,1,1
7/10/2014,0,0
7/9/2014,2,2
7/8/2014,0,0
7/7/2014,0,0
7/3/2014,0,0
7/2/2014,2,2
7/1/2014,1,1
6/30/2014,0,0
6/27/2014,0,0
6/26/2014,0,0
6/25/2014,3,3
6/24/2014,0,0
6/23/2014,0,0
6/20/2014,0,0
6/19/2014,2,2
6/18/2014,0,0
6/17/2014,0,0
6/16/2014,1,1
6/13/2014,0,0
6/12/2014,0,0
6/10/2014,1,1
6/9/2014,0,0
6/6/2014,0,0
6/5/2014,2,2
6/4/2014,1,1
6/3/2014,1,1
6/2/2014,0,0
5/30/2014,0,0
5/29/2014,1,1
5/28/2014,0,0
5/27/2014,0,0
5/23/2014,0,0
5/22/2014,3,3
5/21/2014,2,2
5/20/2014,1,1
5/19/2014,0,0
5/16/2014,0,0
5/15/2014,1,1
5/14/2014,1,1
5/13/2014,0,0
5/12/2014,2,2
5/9/2014,2,2
5/8/2014,9,9
5/7/2014,7,7
5/6/2014,9,9
5/5/2014,3,3
5/2/2014,1,1
5/1/2014,5,5
4/30/2014,9,9
4/29/2014,14,14
4/28/2014,2,2
4/25/2014,2,2
4/24/2014,13,13
4/23/2014,10,10
4/22/2014,6,6
4/21/2014,2,2
4/17/2014,0,0
4/16/2014,2,2
4/15/2014,4,4
4/14/2014,1,1
4/11/2014,0,0
4/10/2014,1,1
4/9/2014,2,2
4/8/2014,0,0
4/7/2014,1,1
4/4/2014,0,0
4/3/2014,2,2
4/2/2014,0,0
4/1/2014,0,0
3/31/2014,2,2
3/28/2014,0,0
3/27/2014,1,1
3/26/2014,1,1
3/25/2014,1,1
3/21/2014,0,0
3/20/2014,3,3
3/19/2014,0,0
3/18/2014,0,0
3/17/2014,0,0
3/14/2014,0,0
3/13/2014,0,0
3/12/2014,1,1
3/11/2014,0,0
3/10/2014,1,1
3/7/2014,1,1
3/6/2014,6,6
3/5/2014,2,2
3/4/2014,0,0
3/3/2014,0,0
2/28/2014,0,0
2/27/2014,6,6
2/26/2014,4,4
2/25/2014,6,6
2/24/2014,0,0
2/21/2014,0,0
2/20/2014,6,6
2/19/2014,10,10
2/18/2014,3,3
2/14/2014,2,2
2/13/2014,7,7
2/12/2014,4,4
2/11/2014,5,5
2/10/2014,2,2
2/7/2014,1,1
2/6/2014,6,6
2/5/2014,9,9
2/4/2014,6,6
2/3/2014,4,4
1/31/2014,4,4
1/30/2014,14,14
1/29/2014,5,5
1/28/2014,6,6
1/27/2014,2,2
1/24/2014,0,0
1/23/2014,6,6
1/22/2014,6,6
1/21/2014,4,4
1/17/2014,0,0
1/16/2014,3,3
1/15/2014,0,0
1/14/2014,1,1
1/13/2014,5,5
1/10/2014,0,0
1/9/2014,6,6
1/8/2014,3,3
1/7/2014,2,2
1/6/2014,2,2
1/3/2014,0,0
1/2/2014,0,0
12/30/2013,0,0
12/27/2013,0,0
12/26/2013,0,0
12/23/2013,0,0
12/20/2013,3,3
12/19/2013,3,3
12/18/2013,1,1
12/17/2013,2,2
12/16/2013,0,0
12/13/2013,0,0
12/12/2013,0,0
12/11/2013,0,0
12/10/2013,1,1
12/9/2013,1,1
12/6/2013,0,0
12/5/2013,4,4
12/4/2013,4,4
12/3/2013,2,2
12/2/2013,2,2
11/29/2013,0,0
11/27/2013,0,0
11/26/2013,2,2
11/25/2013,0,0
11/22/2013,0,0
11/21/2013,2,2
11/20/2013,3,3
11/19/2013,1,1
11/18/2013,0,0
11/15/2013,0,0
11/14/2013,4,4
11/13/2013,0,0
11/12/2013,2,2
11/11/2013,1,1
11/8/2013,1,1
11/7/2013,9,9
11/6/2013,11,11
11/5/2013,12,12
11/4/2013,8,8
11/1/2013,4,4
10/31/2013,13,13
10/30/2013,12,12
10/29/2013,17,17
10/28/2013,7,7
10/25/2013,4,4
10/24/2013,22,22
10/23/2013,14,14
10/22/2013,7,7
10/21/2013,9,9
10/18/2013,2,2
10/17/2013,5,5
10/16/2013,3,3
10/15/2013,2,2
10/14/2013,0,0
10/11/2013,0,0
10/10/2013,2,2
10/9/2013,0,0
10/8/2013,0,0
10/7/2013,0,0
10/4/2013,0,0
10/3/2013,1,1
10/2/2013,0,0
10/1/2013,2,2
9/30/2013,0,0
9/27/2013,0,0
9/26/2013,1,1
9/25/2013,0,0
9/24/2013,1,1
9/23/2013,0,0
9/20/2013,2,2
9/19/2013,1,1
9/18/2013,1,1
9/17/2013,0,0
9/16/2013,0,0
9/12/2013,1,1
9/11/2013,2,2
9/10/2013,0,0
9/9/2013,0,0
9/5/2013,2,2
9/4/2013,0,0
9/3/2013,0,0
9/2/2013,0,0
8/30/2013,0,0
8/29/2013,3,3
8/28/2013,0,0
8/27/2013,0,0
8/26/2013,0,0
8/23/2013,0,0
8/22/2013,4,4
8/21/2013,1,1
8/20/2013,1,1
8/19/2013,0,0
8/16/2013,0,0
8/15/2013,1,1
8/14/2013,3,3
8/13/2013,4,4
8/12/2013,0,0
8/9/2013,1,1
8/8/2013,9,9
8/7/2013,13,13
8/6/2013,5,5
8/5/2013,3,3
8/2/2013,5,5
8/1/2013,13,13
7/31/2013,7,7
7/30/2013,10,10
7/29/2013,4,4
7/26/2013,2,2
7/25/2013,20,20
7/24/2013,19,19
7/23/2013,9,9
7/22/2013,3,3
7/19/2013,1,1
7/18/2013,11,11
7/17/2013,4,4
7/16/2013,1,1
7/15/2013,0,0
7/12/2013,0,0
7/11/2013,2,2
7/10/2013,1,1
7/9/2013,1,1
7/8/2013,1,1
7/5/2013,0,0
7/4/2013,0,0
7/3/2013,0,0
7/2/2013,0,0
7/1/2013,1,1
6/28/2013,0,0
6/27/2013,1,1
6/26/2013,0,0
6/25/2013,0,0
6/24/2013,0,0
6/21/2013,0,0
6/20/2013,0,0
6/19/2013,1,1
6/18/2013,0,0
6/17/2013,0,0
6/14/2013,0,0
6/13/2013,2,2
6/12/2013,0,0
6/11/2013,0,0
6/10/2013,0,0
6/7/2013,1,1
6/6/2013,3,3
6/5/2013,2,2
6/4/2013,2,2
6/3/2013,0,0
5/31/2013,0,0
5/30/2013,2,2
5/29/2013,0,0
5/28/2013,0,0
5/24/2013,0,0
5/23/2013,3,3
5/22/2013,3,3
5/21/2013,2,2
5/20/2013,2,2
5/17/2013,0,0
5/16/2013,0,0
5/15/2013,0,0
5/14/2013,0,0
5/13/2013,0,0
5/10/2013,1,1
5/9/2013,10,10
5/8/2013,11,11
5/7/2013,10,10
5/6/2013,5,5
5/3/2013,0,0
5/2/2013,11,11
5/1/2013,12,12
4/30/2013,14,14
4/29/2013,7,7
4/26/2013,4,4
4/25/2013,8,8
4/24/2013,11,11
4/23/2013,7,7
4/22/2013,3,3
4/19/2013,2,2
4/18/2013,5,5
4/17/2013,1,1
4/16/2013,0,0
4/15/2013,1,1
4/12/2013,0,0
4/11/2013,1,1
4/10/2013,2,2
4/9/2013,2,2
4/8/2013,5,5
4/5/2013,0,0
4/4/2013,0,0
4/3/2013,1,1
4/2/2013,1,1
4/1/2013,1,1
3/28/2013,2,2
3/27/2013,1,1
3/26/2013,1,1
3/25/2013,0,0
3/22/2013,0,0
3/21/2013,0,0
3/20/2013,0,0
3/19/2013,1,1
3/18/2013,0,0
3/15/2013,0,0
3/14/2013,2,2
3/13/2013,0,0
3/12/2013,2,2
3/11/2013,2,2
3/8/2013,1,1
3/7/2013,1,1
3/6/2013,1,1
3/5/2013,2,2
3/4/2013,2,2
3/1/2013,1,1
2/28/2013,4,4
2/27/2013,3,3
2/26/2013,8,8
2/25/2013,2,2
2/22/2013,1,1
2/21/2013,8,8
2/20/2013,6,6
2/19/2013,3,3
2/18/2013,1,1
2/15/2013,1,1
2/14/2013,12,12
2/13/2013,8,8
2/12/2013,9,9
2/11/2013,2,2
2/8/2013,4,4
2/7/2013,19,19
2/6/2013,8,8
2/5/2013,7,7
2/4/2013,2,2
2/1/2013,2,2
1/31/2013,13,13
1/30/2013,8,8
1/29/2013,6,6
1/28/2013,1,1
1/25/2013,0,0
1/24/2013,6,6
1/23/2013,7,7
1/22/2013,7,7
1/21/2013,1,1
1/18/2013,1,1
1/17/2013,2,2
1/16/2013,2,2
1/15/2013,3,3
1/14/2013,2,2
1/11/2013,0,0
1/10/2013,3,3
1/9/2013,0,0
1/8/2013,0,0
1/7/2013,6,6
1/4/2013,1,1
1/3/2013,5,5
1/2/2013,2,2
12/28/2012,1,1
12/27/2012,1,1
12/26/2012,0,0
12/24/2012,1,1
12/21/2012,0,0
12/20/2012,0,0
12/19/2012,1,1
12/18/2012,1,1
12/17/2012,0,0
12/14/2012,2,2
12/13/2012,2,2
12/12/2012,2,2
12/11/2012,1,1
12/10/2012,0,0
12/7/2012,0,0
12/6/2012,6,6
12/5/2012,3,3
12/4/2012,3,3
12/3/2012,3,3
11/30/2012,0,0
11/29/2012,2,2
11/28/2012,7,7
11/27/2012,2,2
11/26/2012,0,0
11/23/2012,0,0
11/21/2012,0,0
11/20/2012,4,4
11/19/2012,1,1
11/16/2012,1,1
11/15/2012,6,6
11/14/2012,4,4
11/13/2012,2,2
11/12/2012,1,1
11/9/2012,2,2
11/8/2012,11,11
11/7/2012,15,15
11/6/2012,12,12
11/5/2012,15,15
11/2/2012,2,2
11/1/2012,28,28
10/31/2012,8,8
10/30/2012,7,7
10/29/2012,3,3
10/26/2012,6,6
10/25/2012,31,31
10/24/2012,17,17
10/23/2012,11,11
10/22/2012,2,2
10/19/2012,1,1
10/18/2012,8,8
10/17/2012,1,1
10/16/2012,2,2
10/15/2012,1,1
10/12/2012,1,1
10/11/2012,0,0
10/10/2012,1,1
10/9/2012,1,1
10/8/2012,0,0
10/5/2012,2,2
10/4/2012,1,1
10/3/2012,0,0
10/2/2012,4,4
10/1/2012,2,2
9/28/2012,0,0
9/27/2012,1,1
9/26/2012,0,0
9/25/2012,1,1
9/24/2012,0,0
9/21/2012,0,0
9/20/2012,1,1
9/19/2012,0,0
9/18/2012,0,0
9/17/2012,0,0
9/14/2012,0,0
9/13/2012,0,0
9/12/2012,0,0
9/11/2012,0,0
9/10/2012,2,2
9/7/2012,0,0
9/6/2012,9,9
9/5/2012,2,2
9/4/2012,2,2
8/31/2012,0,0
8/30/2012,3,3
8/29/2012,2,2
8/28/2012,1,1
8/27/2012,1,1
8/24/2012,0,0
8/23/2012,0,0
8/22/2012,3,3
8/21/2012,2,2
8/20/2012,1,1
8/17/2012,0,0
8/16/2012,1,1
8/15/2012,1,1
8/14/2012,2,2
8/13/2012,2,2
8/10/2012,0,0
8/9/2012,8,8
8/8/2012,10,10
8/7/2012,17,17
8/6/2012,8,8
8/3/2012,3,3
8/2/2012,19,19
8/1/2012,11,11
7/31/2012,9,9
7/30/2012,6,6
7/27/2012,2,2
7/26/2012,20,20
7/25/2012,25,25
7/24/2012,6,6
7/23/2012,0,0
7/20/2012,1,1
7/19/2012,2,2
7/18/2012,2,2
7/17/2012,0,0
7/16/2012,4,4
7/13/2012,2,2
7/12/2012,0,0
7/11/2012,1,1
7/10/2012,2,2
7/9/2012,0,0
7/6/2012,1,1
7/5/2012,2,2
7/4/2012,0,0
7/3/2012,0,0
7/2/2012,0,0
6/29/2012,0,0
6/28/2012,1,1
6/27/2012,2,2
6/26/2012,1,1
6/25/2012,0,0
6/22/2012,2,2
6/21/2012,1,1
6/20/2012,0,0
6/19/2012,1,1
6/18/2012,0,0
6/15/2012,1,1
6/14/2012,1,1
6/13/2012,0,0
6/12/2012,1,1
6/11/2012,0,0
6/8/2012,1,1
6/7/2012,1,1
6/6/2012,2,2
6/5/2012,3,3
6/4/2012,1,1
6/1/2012,0,0
5/31/2012,0,0
5/30/2012,2,2
5/25/2012,0,0
5/24/2012,2,2
5/23/2012,2,2
5/22/2012,1,1
5/21/2012,1,1
5/18/2012,0,0
5/17/2012,1,1
5/16/2012,2,2
5/15/2012,4,4
5/14/2012,0,0
5/11/2012,0,0
5/10/2012,5,5
5/9/2012,14,14
5/8/2012,4,4
5/7/2012,6,6
5/4/2012,1,1
5/3/2012,18,18
5/2/2012,11,11
5/1/2012,13,13
4/30/2012,4,4
4/27/2012,7,7
4/26/2012,17,17
4/25/2012,11,11
4/24/2012,5,5
4/23/2012,7,7
4/20/2012,1,1
4/19/2012,4,4
4/18/2012,1,1
4/17/2012,8,8
4/16/2012,4,4
4/13/2012,0,0
4/12/2012,4,4
4/11/2012,1,1
4/10/2012,2,2
4/9/2012,0,0
4/6/2012,0,0
4/5/2012,5,5
4/4/2012,0,0
4/3/2012,1,1
4/2/2012,0,0
3/30/2012,0,0
3/29/2012,0,0
3/28/2012,2,2
3/27/2012,2,2
3/23/2012,0,0
3/22/2012,2,2
3/21/2012,1,1
3/20/2012,1,1
3/19/2012,5,5
3/16/2012,0,0
3/15/2012,1,1
3/14/2012,1,1
3/13/2012,4,4
3/12/2012,0,0
3/9/2012,1,1
3/8/2012,2,2
3/7/2012,4,4
3/6/2012,3,3
3/5/2012,0,0
3/2/2012,1,1
3/1/2012,2,2
2/29/2012,1,1
2/28/2012,4,4
2/27/2012,2,2
2/24/2012,3,3
2/23/2012,12,12
2/22/2012,7,7
2/21/2012,4,4
2/17/2012,1,1
2/16/2012,4,4
2/15/2012,3,3
2/14/2012,3,3
2/13/2012,1,1
2/10/2012,0,0
2/9/2012,6,6
2/8/2012,9,9
2/7/2012,7,7
2/6/2012,2,2
2/3/2012,1,1
2/2/2012,21,21
2/1/2012,11,11
1/31/2012,4,4
1/30/2012,1,1
1/27/2012,2,2
1/26/2012,8,8
1/25/2012,2,2
1/24/2012,5,5
1/23/2012,0,0
1/20/2012,1,1
1/19/2012,2,2
1/18/2012,2,2
1/17/2012,2,2
1/13/2012,0,0
1/12/2012,1,1
1/11/2012,3,3
1/10/2012,4,4
1/9/2012,3,3
1/6/2012,1,1
1/5/2012,4,4
1/4/2012,2,2
1/3/2012,0,0
12/30/2011,0,0
12/29/2011,0,0
12/28/2011,0,0
12/27/2011,0,0
12/23/2011,0,0
12/22/2011,0,0
12/21/2011,1,1
12/20/2011,1,1
12/19/2011,3,3
12/16/2011,0,0
12/15/2011,0,0
12/14/2011,3,3
12/13/2011,5,5
12/9/2011,1,1
12/8/2011,4,4
12/7/2011,2,2
12/6/2011,6,6
12/5/2011,1,1
12/2/2011,0,0
12/1/2011,6,6
11/30/2011,3,3
11/29/2011,0,0
11/28/2011,1,1
11/22/2011,3,3
11/21/2011,2,2
11/18/2011,1,1
11/17/2011,7,7
11/16/2011,0,0
11/15/2011,4,4
11/14/2011,0,0
11/11/2011,1,1
11/10/2011,3,3
11/9/2011,7,7
11/8/2011,6,6
11/7/2011,5,5
11/4/2011,6,6
11/3/2011,34,34
11/2/2011,23,23
11/1/2011,16,16
10/31/2011,4,4
10/28/2011,1,1
10/27/2011,35,35
10/26/2011,24,24
10/25/2011,17,17
10/24/2011,7,7
10/21/2011,2,2
10/20/2011,10,10
10/19/2011,5,5
10/18/2011,10,10
10/17/2011,3,3
10/14/2011,0,0
10/13/2011,3,3
10/12/2011,0,0
10/11/2011,1,1
10/10/2011,0,0
10/7/2011,0,0
10/6/2011,4,4
10/5/2011,1,1
10/4/2011,1,1
10/3/2011,0,0
9/30/2011,0,0
9/29/2011,0,0
9/28/2011,1,1
9/27/2011,4,4
9/23/2011,0,0
9/22/2011,0,0
9/21/2011,1,1
9/20/2011,0,0
9/19/2011,3,3
9/16/2011,0,0
9/15/2011,1,1
9/14/2011,0,0
9/13/2011,0,0
9/12/2011,0,0
9/9/2011,0,0
9/8/2011,1,1
9/7/2011,2,2
9/6/2011,1,1
9/2/2011,0,0
9/1/2011,0,0
8/31/2011,1,1
8/30/2011,3,3
8/29/2011,0,0
8/26/2011,1,1
8/25/2011,2,2
8/24/2011,0,0
8/23/2011,2,2
8/22/2011,1,1
8/19/2011,0,0
8/18/2011,8,8
8/17/2011,6,6
8/16/2011,2,2
8/15/2011,1,1
8/12/2011,0,0
8/11/2011,2,2
8/10/2011,1,1
8/9/2011,6,6
8/8/2011,2,2
8/5/2011,1,1
8/4/2011,17,17
8/3/2011,12,12
8/2/2011,21,21
8/1/2011,6,6
7/29/2011,5,5
7/28/2011,30,30
7/27/2011,23,23
7/26/2011,13,13
7/25/2011,4,4
7/22/2011,5,5
7/21/2011,17,17
7/20/2011,8,8
7/19/2011,6,6
7/18/2011,3,3
7/15/2011,2,2
7/14/2011,0,0
7/13/2011,0,0
7/12/2011,0,0
7/11/2011,0,0
7/8/2011,0,0
7/7/2011,1,1
7/6/2011,1,1
7/5/2011,0,0
7/1/2011,0,0
6/30/2011,1,1
6/29/2011,4,4
6/28/2011,0,0
6/27/2011,0,0
6/24/2011,0,0
6/23/2011,4,4
6/22/2011,3,3
6/21/2011,1,1
6/20/2011,0,0
6/17/2011,0,0
6/16/2011,2,2
6/15/2011,0,0
6/14/2011,1,1
6/13/2011,0,0
6/10/2011,2,2
6/9/2011,1,1
6/8/2011,2,2
6/7/2011,2,2
6/6/2011,0,0
6/3/2011,0,0
6/2/2011,2,2
6/1/2011,1,1
5/31/2011,1,1
5/27/2011,0,0
5/26/2011,4,4
5/25/2011,3,3
5/24/2011,0,0
5/23/2011,2,2
5/20/2011,3,3
5/19/2011,4,4
5/18/2011,3,3
5/17/2011,1,1
5/16/2011,2,2
5/13/2011,2,2
5/12/2011,2,2
5/11/2011,4,4
5/10/2011,10,10
5/9/2011,7,7
5/6/2011,3,3
5/5/2011,17,17
5/4/2011,14,14
5/3/2011,18,18
5/2/2011,9,9
4/29/2011,3,3
4/28/2011,20,20
4/27/2011,23,23
4/26/2011,22,22
4/25/2011,2,2
4/21/2011,16,16
4/20/2011,12,12
4/19/2011,5,5
4/18/2011,3,3
4/15/2011,3,3
4/14/2011,1,1
4/13/2011,2,2
4/12/2011,0,0
4/11/2011,1,1
4/8/2011,0,0
4/7/2011,5,5
4/6/2011,2,2
4/5/2011,1,1
4/4/2011,1,1
4/1/2011,1,1
3/31/2011,0,0
3/30/2011,2,2
3/29/2011,2,2
3/28/2011,2,2
3/25/2011,2,2
3/24/2011,5,5
3/23/2011,0,0
3/22/2011,3,3
3/21/2011,3,3
3/18/2011,0,0
3/17/2011,3,3
3/16/2011,2,2
3/15/2011,2,2
3/14/2011,3,3
3/11/2011,1,1
3/10/2011,4,4
3/9/2011,5,5
3/8/2011,3,3
3/7/2011,4,4
3/4/2011,1,1
3/3/2011,4,4
3/2/2011,4,4
3/1/2011,7,7
2/28/2011,4,4
2/25/2011,2,2
2/24/2011,14,14
2/23/2011,10,10
2/22/2011,4,4
2/18/2011,1,1
2/17/2011,13,13
2/16/2011,6,6
2/15/2011,5,5
2/14/2011,7,7
2/11/2011,2,2
2/10/2011,7,7
2/9/2011,8,8
2/8/2011,4,4
2/7/2011,3,3
2/4/2011,4,4
2/3/2011,20,20
2/2/2011,17,17
2/1/2011,15,15
1/31/2011,9,9
1/28/2011,3,3
1/27/2011,17,17
1/26/2011,13,13
1/25/2011,9,9
1/24/2011,6,6
1/21/2011,2,2
1/20/2011,4,4
1/19/2011,7,7
1/18/2011,6,6
1/14/2011,0,0
1/13/2011,4,4
1/12/2011,6,6
1/11/2011,4,4
1/10/2011,6,6
1/7/2011,3,3
1/6/2011,12,12
1/5/2011,2,2
1/4/2011,0,0
1/3/2011,0,0
12/31/2010,0,0
12/30/2010,0,0
12/29/2010,0,0
12/28/2010,0,0
12/27/2010,0,0
12/23/2010,0,0
12/22/2010,2,2
12/21/2010,3,3
12/20/2010,3,3
12/17/2010,1,1
12/16/2010,2,2
12/15/2010,2,2
12/14/2010,4,4
12/13/2010,0,0
12/10/2010,0,0
12/9/2010,2,2
12/8/2010,3,3
12/7/2010,3,3
12/6/2010,3,3
12/3/2010,0,0
12/2/2010,4,4
12/1/2010,4,4
11/30/2010,1,1
11/29/2010,0,0
11/26/2010,0,0
11/24/2010,1,1
11/23/2010,7,7
11/22/2010,3,3
11/19/2010,3,3
11/18/2010,8,8
11/17/2010,2,2
11/16/2010,5,5
11/15/2010,0,0
11/12/2010,1,1
11/11/2010,1,1
11/10/2010,4,4
11/9/2010,5,5
11/8/2010,6,6
11/5/2010,6,6
11/4/2010,30,30
11/3/2010,26,26
11/2/2010,20,20
11/1/2010,14,14
10/29/2010,10,10
10/28/2010,47,47
10/27/2010,37,37
10/26/2010,23,23
10/25/2010,9,9
10/22/2010,5,5
10/21/2010,22,22
10/20/2010,15,15
10/19/2010,9,9
10/18/2010,4,4
10/15/2010,1,1
10/14/2010,2,2
10/13/2010,2,2
10/12/2010,3,3
10/11/2010,0,0
10/8/2010,0,0
10/7/2010,6,6
10/6/2010,3,3
10/5/2010,0,0
10/4/2010,0,0
10/1/2010,0,0
9/30/2010,2,2
9/29/2010,1,1
9/28/2010,2,2
9/27/2010,2,2
9/24/2010,1,1
9/23/2010,1,1
9/22/2010,0,0
9/21/2010,5,5
9/20/2010,0,0
9/17/2010,0,0
9/16/2010,4,4
9/15/2010,1,1
9/14/2010,1,1
9/13/2010,2,2
9/10/2010,0,0
9/9/2010,0,0
9/8/2010,0,0
9/7/2010,2,2
9/3/2010,0,0
9/2/2010,7,7
9/1/2010,3,3
8/31/2010,1,1
8/30/2010,0,0
8/27/2010,0,0
8/26/2010,6,6
8/25/2010,3,3
8/24/2010,2,2
8/23/2010,1,1
8/20/2010,0,0
8/19/2010,12,12
8/18/2010,2,2
8/17/2010,2,2
8/16/2010,3,3
8/13/2010,0,0
8/12/2010,4,4
8/11/2010,4,4
8/10/2010,9,9
8/9/2010,4,4
8/6/2010,4,4
8/5/2010,25,25
8/4/2010,18,18
8/3/2010,12,12
8/2/2010,4,4
7/30/2010,9,9
7/29/2010,23,23
7/28/2010,17,17
7/27/2010,12,12
7/26/2010,4,4
7/23/2010,4,4
7/22/2010,28,28
7/21/2010,16,16
7/20/2010,10,10
7/19/2010,6,6
7/16/2010,1,1
7/15/2010,2,2
7/14/2010,1,1
7/13/2010,2,2
7/12/2010,1,1
7/8/2010,1,1
7/7/2010,4,4
7/6/2010,0,0
7/5/2010,5,5
7/2/2010,1,1
7/1/2010,3,3
6/30/2010,1,1
6/29/2010,0,0
6/28/2010,1,1
6/25/2010,1,1
6/24/2010,1,1
6/23/2010,1,1
6/22/2010,1,1
6/21/2010,0,0
6/18/2010,0,0
6/17/2010,3,3
6/16/2010,2,2
6/15/2010,3,3
6/14/2010,0,0
6/11/2010,1,1
6/10/2010,1,1
6/9/2010,2,2
6/8/2010,4,4
6/7/2010,0,0
6/4/2010,0,0
6/3/2010,2,2
6/2/2010,7,7
6/1/2010,1,1
5/28/2010,0,0
5/27/2010,6,6
5/26/2010,7,7
5/25/2010,1,1
5/24/2010,1,1
5/21/2010,1,1
5/20/2010,10,10
5/19/2010,5,5
5/18/2010,3,3
5/17/2010,2,2
5/14/2010,1,1
5/13/2010,3,3
5/12/2010,2,2
5/11/2010,5,5
5/10/2010,4,4
5/7/2010,9,9
5/6/2010,17,17
5/5/2010,11,11
5/4/2010,11,11
5/3/2010,4,4
4/30/2010,11,11
4/29/2010,23,23
4/28/2010,13,13
4/27/2010,14,14
4/26/2010,4,4
4/23/2010,12,12
4/22/2010,13,13
4/21/2010,9,9
4/20/2010,14,14
4/19/2010,6,6
4/16/2010,1,1
4/15/2010,4,4
4/14/2010,2,2
4/13/2010,2,2
4/12/2010,3,3
4/9/2010,1,1
4/8/2010,9,9
4/7/2010,8,8
4/6/2010,4,4
4/5/2010,2,2
4/1/2010,2,2
3/31/2010,2,2
3/30/2010,3,3
3/29/2010,2,2
3/26/2010,2,2
3/25/2010,6,6
3/24/2010,0,0
3/23/2010,3,3
3/22/2010,6,6
3/19/2010,2,2
3/18/2010,6,6
3/17/2010,2,2
3/16/2010,3,3
3/15/2010,2,2
3/12/2010,1,1
3/11/2010,4,4
3/10/2010,4,4
3/9/2010,5,5
3/8/2010,5,5
3/5/2010,0,0
3/4/2010,8,8
3/3/2010,15,15
3/2/2010,3,3
3/1/2010,6,6
2/26/2010,7,7
2/25/2010,16,16
2/24/2010,15,15
2/23/2010,11,11
2/22/2010,5,5
2/19/2010,1,1
2/18/2010,14,14
2/17/2010,13,13
2/16/2010,14,14
2/12/2010,2,2
2/11/2010,13,13
2/10/2010,7,7
2/9/2010,9,9
2/8/2010,6,6
2/5/2010,4,4
2/4/2010,28,28
2/3/2010,13,13
2/2/2010,11,11
2/1/2010,6,6
1/29/2010,4,4
1/28/2010,14,14
1/27/2010,17,17
1/26/2010,16,16
1/25/2010,3,3
1/22/2010,6,6
1/21/2010,8,8
1/20/2010,11,11
1/19/2010,10,10
1/15/2010,3,3
1/14/2010,4,4
1/13/2010,4,4
1/12/2010,13,13
1/11/2010,13,13
1/8/2010,2,2
1/7/2010,14,14
1/6/2010,5,5
1/5/2010,5,5
1/4/2010,0,0
12/31/2009,1,1
12/30/2009,2,2
12/29/2009,1,1
12/28/2009,1,1
12/24/2009,1,1
12/23/2009,0,0
12/22/2009,2,2
12/21/2009,1,1
12/18/2009,2,2
12/17/2009,4,4
12/16/2009,3,3
12/15/2009,3,3
12/14/2009,3,3
12/11/2009,1,1
12/10/2009,4,4
12/9/2009,4,4
12/8/2009,8,8
12/7/2009,3,3
12/4/2009,4,4
12/3/2009,1,1
12/2/2009,1,1
12/1/2009,5,5
11/30/2009,1,1
11/25/2009,1,1
11/24/2009,9,9
11/23/2009,4,4
11/20/2009,2,2
11/19/2009,4,4
11/18/2009,1,1
11/17/2009,10,10
11/16/2009,2,2
11/13/2009,1,1
11/12/2009,8,8
11/11/2009,3,3
11/10/2009,5,5
11/9/2009,5,5
11/6/2009,6,6
11/5/2009,26,26
11/4/2009,24,24
11/3/2009,19,19
11/2/2009,12,12
10/30/2009,10,10
10/29/2009,38,38
10/28/2009,20,20
10/27/2009,33,33
10/26/2009,7,7
10/23/2009,7,7
10/22/2009,30,30
10/21/2009,15,15
10/20/2009,16,16
10/19/2009,6,6
10/16/2009,1,1
10/15/2009,10,10
10/14/2009,4,4
10/13/2009,5,5
10/12/2009,3,3
10/9/2009,6,6
10/8/2009,10,10
10/7/2009,1,1
10/6/2009,5,5
10/5/2009,3,3
10/2/2009,1,1
10/1/2009,4,4
9/30/2009,0,0
9/29/2009,5,5
9/28/2009,3,3
9/25/2009,1,1
9/24/2009,0,0
9/23/2009,2,2
9/22/2009,4,4
9/21/2009,2,2
9/18/2009,0,0
9/17/2009,3,3
9/16/2009,2,2
9/15/2009,5,5
9/14/2009,1,1
9/11/2009,1,1
9/10/2009,6,6
9/9/2009,4,4
9/8/2009,5,5
9/4/2009,0,0
9/3/2009,7,7
9/2/2009,3,3
9/1/2009,3,3
8/31/2009,1,1
8/28/2009,2,2
8/27/2009,2,2
8/26/2009,4,4
8/25/2009,4,4
8/24/2009,2,2
8/21/2009,0,0
8/20/2009,8,8
8/19/2009,2,2
8/18/2009,3,3
8/17/2009,2,2
8/14/2009,2,2
8/13/2009,6,6
8/12/2009,5,5
8/11/2009,4,4
8/10/2009,8,8
8/7/2009,4,4
8/6/2009,21,21
8/5/2009,13,13
8/4/2009,21,21
8/3/2009,6,6
7/31/2009,4,4
7/30/2009,35,35
7/29/2009,33,33
7/28/2009,18,18
7/27/2009,11,11
7/24/2009,4,4
7/23/2009,25,25
7/22/2009,10,10
7/21/2009,13,13
7/20/2009,3,3
7/17/2009,0,0
7/16/2009,2,2
7/15/2009,5,5
7/14/2009,1,1
7/13/2009,3,3
7/10/2009,2,2
7/9/2009,2,2
7/8/2009,3,3
7/7/2009,1,1
7/6/2009,0,0
7/2/2009,1,1
7/1/2009,3,3
6/30/2009,6,6
6/29/2009,2,2
6/26/2009,1,1
6/25/2009,5,5
6/24/2009,2,2
6/23/2009,0,0
6/22/2009,0,0
6/19/2009,0,0
6/18/2009,1,1
6/17/2009,1,1
6/16/2009,4,4
6/15/2009,1,1
6/12/2009,2,2
6/11/2009,2,2
6/10/2009,1,1
6/9/2009,4,4
6/8/2009,1,1
6/5/2009,1,1
6/4/2009,1,1
6/3/2009,6,6
6/2/2009,2,2
6/1/2009,1,1
5/29/2009,4,4
5/28/2009,2,2
5/27/2009,2,2
5/26/2009,2,2
5/22/2009,3,3
5/21/2009,13,13
5/20/2009,4,4
5/19/2009,2,2
5/18/2009,4,4
5/15/2009,0,0
5/14/2009,1,1
5/13/2009,4,4
5/12/2009,4,4
5/11/2009,6,6
5/8/2009,2,2
5/7/2009,27,27
5/6/2009,11,11
5/5/2009,14,14
5/4/2009,1,1
5/1/2009,7,7
4/30/2009,26,26
4/29/2009,12,12
4/28/2009,12,12
4/27/2009,6,6
4/24/2009,5,5
4/23/2009,17,17
4/22/2009,12,12
4/21/2009,12,12
4/20/2009,6,6
4/17/2009,1,1
4/16/2009,3,3
4/15/2009,1,1
4/14/2009,2,2
4/13/2009,6,6
4/9/2009,8,8
4/8/2009,5,5
4/7/2009,8,8
4/6/2009,2,2
4/3/2009,3,3
4/2/2009,4,4
4/1/2009,0,0
3/31/2009,1,1
3/30/2009,3,3
3/27/2009,0,0
3/26/2009,5,5
3/25/2009,4,4
3/24/2009,1,1
3/23/2009,1,1
3/20/2009,1,1
3/19/2009,1,1
3/18/2009,3,3
3/17/2009,3,3
3/16/2009,4,4
3/13/2009,1,1
3/12/2009,1,1
3/11/2009,3,3
3/10/2009,3,3
3/9/2009,3,3
3/6/2009,0,0
3/5/2009,7,7
3/4/2009,1,1
3/3/2009,4,4
3/2/2009,6,6
2/27/2009,4,4
2/26/2009,9,9
2/25/2009,12,12
2/24/2009,9,9
2/23/2009,1,1
2/20/2009,5,5
2/19/2009,5,5
2/18/2009,7,7
2/17/2009,6,6
2/13/2009,3,3
2/12/2009,8,8
2/11/2009,6,6
2/10/2009,5,5
2/9/2009,3,3
2/6/2009,1,1
2/5/2009,13,13
2/4/2009,10,10
2/3/2009,10,10
2/2/2009,5,5
1/30/2009,1,1
1/29/2009,15,15
1/28/2009,5,5
1/27/2009,7,7
1/26/2009,2,2
1/23/2009,1,1
1/22/2009,4,4
1/21/2009,4,4
1/20/2009,5,5
1/16/2009,0,0
1/15/2009,2,2
1/14/2009,10,10
1/13/2009,6,6
1/12/2009,5,5
1/9/2009,2,2
1/8/2009,9,9
1/7/2009,6,6
1/6/2009,8,8
1/5/2009,2,2
1/2/2009,2,2
12/31/2008,1,1
12/30/2008,2,2
12/29/2008,3,3
12/26/2008,1,1
12/24/2008,0,0
12/23/2008,1,1
12/22/2008,1,1
12/19/2008,3,3
12/18/2008,0,0
12/17/2008,0,0
12/16/2008,1,1
12/15/2008,1,1
12/12/2008,0,0
12/11/2008,3,3
12/10/2008,3,3
12/9/2008,1,1
12/8/2008,0,0
12/5/2008,1,1
12/4/2008,4,4
12/3/2008,1,1
12/2/2008,2,2
12/1/2008,1,1
11/28/2008,0,0
11/26/2008,1,1
11/25/2008,3,3
11/24/2008,0,0
11/21/2008,1,1
11/20/2008,3,3
11/19/2008,1,1
11/18/2008,4,4
11/17/2008,1,1
11/14/2008,3,3
11/13/2008,2,2
11/12/2008,4,4
11/11/2008,7,7
11/10/2008,9,9
11/7/2008,9,9
11/6/2008,13,13
11/5/2008,11,11
11/4/2008,8,8
11/3/2008,3,3
10/31/2008,8,8
10/30/2008,21,21
10/29/2008,13,13
10/28/2008,15,15
10/27/2008,6,6
10/24/2008,10,10
10/23/2008,22,22
10/22/2008,15,15
10/21/2008,14,14
10/20/2008,4,4
10/17/2008,1,1
10/16/2008,10,10
10/15/2008,7,7
10/14/2008,6,6
10/13/2008,3,3
10/10/2008,4,4
10/9/2008,5,5
10/8/2008,1,1
10/7/2008,0,0
10/6/2008,3,3
10/3/2008,0,0
10/2/2008,4,4
10/1/2008,4,4
9/30/2008,4,4
9/29/2008,1,1
9/26/2008,5,5
9/25/2008,2,2
9/24/2008,0,0
9/23/2008,3,3
9/22/2008,0,0
9/19/2008,0,0
9/18/2008,4,4
9/17/2008,2,2
9/16/2008,2,2
9/15/2008,1,1
9/12/2008,1,1
9/11/2008,1,1
9/10/2008,2,2
9/9/2008,5,5
9/8/2008,5,5
9/5/2008,1,1
9/4/2008,5,5
9/3/2008,4,4
9/2/2008,2,2
8/29/2008,5,5
8/28/2008,6,6
8/27/2008,3,3
8/26/2008,2,2
8/25/2008,1,1
8/22/2008,1,1
8/21/2008,9,9
8/20/2008,7,7
8/19/2008,3,3
8/18/2008,2,2
8/15/2008,1,1
8/14/2008,1,1
8/13/2008,4,4
8/12/2008,5,5
8/11/2008,5,5
8/8/2008,5,5
8/7/2008,18,18
8/6/2008,16,16
8/5/2008,9,9
8/4/2008,14,14
8/1/2008,6,6
7/31/2008,26,26
7/30/2008,19,19
7/29/2008,9,9
7/28/2008,11,11
7/25/2008,8,8
7/24/2008,13,13
7/23/2008,15,15
7/22/2008,19,19
7/21/2008,8,8
7/18/2008,1,1
7/17/2008,11,11
7/16/2008,9,9
7/15/2008,2,2
7/14/2008,6,6
7/11/2008,2,2
7/10/2008,8,8
7/9/2008,4,4
7/8/2008,2,2
7/7/2008,5,5
7/3/2008,2,2
7/2/2008,4,4
7/1/2008,1,1
6/30/2008,4,4
6/27/2008,4,4
6/26/2008,4,4
6/25/2008,3,3
6/24/2008,6,6
6/23/2008,6,6
6/20/2008,0,0
6/19/2008,2,2
6/18/2008,3,3
6/17/2008,0,0
6/16/2008,3,3
6/13/2008,1,1
6/12/2008,2,2
6/11/2008,4,4
6/10/2008,3,3
6/9/2008,0,0
6/6/2008,5,5
6/5/2008,3,3
6/4/2008,4,4
6/3/2008,0,0
6/2/2008,2,2
5/30/2008,3,3
5/29/2008,6,6
5/28/2008,4,4
5/27/2008,1,1
5/23/2008,0,0
5/22/2008,9,9
5/21/2008,2,2
5/20/2008,1,1
5/19/2008,9,9
5/16/2008,0,0
5/15/2008,2,2
5/14/2008,3,3
5/13/2008,4,4
5/12/2008,5,5
5/9/2008,8,8
5/8/2008,19,19
5/7/2008,10,10
5/6/2008,5,5
5/5/2008,10,10
5/2/2008,3,3
5/1/2008,22,22
4/30/2008,19,19
4/29/2008,13,13
4/28/2008,5,5
4/25/2008,2,2
4/24/2008,22,22
4/23/2008,17,17
4/22/2008,14,14
4/21/2008,9,9
4/18/2008,1,1
4/17/2008,9,9
4/16/2008,10,10
4/15/2008,3,3
4/14/2008,4,4
4/11/2008,1,1
4/10/2008,9,9
4/9/2008,1,1
4/8/2008,8,8
4/7/2008,0,0
4/4/2008,1,1
4/3/2008,5,5
4/2/2008,3,3
4/1/2008,3,3
3/31/2008,3,3
3/28/2008,0,0
3/27/2008,6,6
3/26/2008,1,1
3/25/2008,4,4
3/24/2008,3,3
3/20/2008,4,4
3/19/2008,5,5
3/18/2008,6,6
3/17/2008,5,5
3/14/2008,2,2
3/13/2008,7,7
3/12/2008,4,4
3/11/2008,6,6
3/10/2008,2,2
3/7/2008,0,0
3/6/2008,3,3
3/5/2008,4,4
3/4/2008,4,4
3/3/2008,1,1
2/29/2008,4,4
2/28/2008,8,8
2/27/2008,15,15
2/26/2008,5,5
2/25/2008,3,3
2/22/2008,3,3
2/21/2008,6,6
2/20/2008,8,8
2/19/2008,10,10
2/15/2008,3,3
2/14/2008,10,10
2/13/2008,6,6
2/12/2008,6,6
2/11/2008,6,6
2/8/2008,5,5
2/7/2008,23,23
2/6/2008,12,12
2/5/2008,8,8
2/4/2008,4,4
2/1/2008,4,4
1/31/2008,12,12
1/30/2008,12,12
1/29/2008,10,10
1/28/2008,4,4
1/25/2008,3,3
1/24/2008,11,11
1/23/2008,10,10
1/22/2008,6,6
1/18/2008,4,4
1/17/2008,5,5
1/16/2008,4,4
1/15/2008,6,6
1/14/2008,2,2
1/11/2008,4,4
1/10/2008,10,10
1/9/2008,7,7
1/8/2008,6,6
1/7/2008,4,4
1/4/2008,1,1
1/3/2008,1,1
1/2/2008,4,4
12/31/2007,0,0
12/28/2007,3,3
12/27/2007,1,1
12/26/2007,1,1
12/24/2007,3,3
12/21/2007,2,2
12/20/2007,6,6
12/19/2007,2,2
12/18/2007,6,6
12/17/2007,1,1
12/14/2007,13,13
12/13/2007,1,1
12/12/2007,8,8
12/11/2007,2,2
12/10/2007,2,2
12/7/2007,1,1
12/6/2007,7,7
12/5/2007,6,6
12/4/2007,1,1
12/3/2007,1,1
11/30/2007,1,1
11/29/2007,2,2
11/28/2007,3,3
11/27/2007,7,7
11/26/2007,1,1
11/23/2007,0,0
11/21/2007,4,4
11/20/2007,8,8
11/19/2007,8,8
11/16/2007,2,2
11/15/2007,5,5
11/14/2007,3,3
11/13/2007,8,8
11/9/2007,5,5
11/8/2007,22,22
11/7/2007,9,9
11/6/2007,25,25
11/5/2007,12,12
11/2/2007,19,19
11/1/2007,19,19
10/31/2007,22,22
10/30/2007,24,24
10/29/2007,6,6
10/26/2007,4,4
10/25/2007,31,31
10/24/2007,26,26
10/23/2007,15,15
10/22/2007,6,6
10/19/2007,5,5
10/18/2007,11,11
10/17/2007,11,11
10/16/2007,3,3
10/15/2007,6,6
10/12/2007,2,2
10/11/2007,5,5
10/10/2007,2,2
10/9/2007,2,2
10/8/2007,2,2
10/5/2007,1,1
10/4/2007,3,3
10/3/2007,3,3
10/2/2007,4,4
10/1/2007,4,4
9/28/2007,3,3
9/27/2007,6,6
9/26/2007,4,4
9/25/2007,1,1
9/24/2007,2,2
9/21/2007,0,0
9/20/2007,2,2
9/19/2007,3,3
9/18/2007,4,4
9/17/2007,6,6
9/14/2007,5,5
9/13/2007,5,5
9/12/2007,2,2
9/11/2007,2,2
9/10/2007,9,9
9/7/2007,0,0
9/6/2007,6,6
9/5/2007,4,4
9/4/2007,3,3
8/31/2007,1,1
8/30/2007,5,5
8/29/2007,5,5
8/28/2007,4,4
8/27/2007,0,0
8/24/2007,1,1
8/23/2007,7,7
8/22/2007,7,7
8/21/2007,5,5
8/20/2007,2,2
8/17/2007,1,1
8/16/2007,9,9
8/15/2007,0,0
8/14/2007,5,5
8/13/2007,1,1
8/10/2007,3,3
8/9/2007,10,10
8/8/2007,6,6
8/7/2007,14,14
8/6/2007,9,9
8/3/2007,5,5
8/2/2007,25,25
8/1/2007,16,16
7/31/2007,22,22
7/30/2007,10,10
7/27/2007,5,5
7/26/2007,38,38
7/25/2007,31,31
7/24/2007,14,14
7/23/2007,1,1
7/20/2007,5,5
7/19/2007,13,13
7/18/2007,11,11
7/17/2007,4,4
7/16/2007,4,4
7/13/2007,2,2
7/12/2007,1,1
7/11/2007,2,2
7/10/2007,4,4
7/9/2007,4,4
7/6/2007,0,0
7/5/2007,3,3
7/3/2007,1,1
7/2/2007,5,5
6/29/2007,2,2
6/28/2007,6,6
6/27/2007,1,1
6/26/2007,3,3
6/25/2007,0,0
6/22/2007,2,2
6/21/2007,2,2
6/20/2007,7,7
6/19/2007,5,5
6/18/2007,1,1
6/15/2007,2,2
6/14/2007,2,2
6/13/2007,3,3
6/12/2007,1,1
6/11/2007,5,5
6/8/2007,13,13
6/7/2007,1,1
6/6/2007,2,2
6/5/2007,6,6
6/4/2007,3,3
6/1/2007,2,2
5/31/2007,5,5
5/30/2007,1,1
5/29/2007,4,4
5/25/2007,1,1
5/24/2007,6,6
5/23/2007,3,3
5/22/2007,5,5
5/21/2007,4,4
5/18/2007,2,2
5/17/2007,5,5
5/16/2007,6,6
5/15/2007,1,1
5/14/2007,3,3
5/11/2007,1,1
5/10/2007,4,4
5/9/2007,9,9
5/8/2007,11,11
5/7/2007,6,6
5/4/2007,2,2
5/3/2007,15,15
5/2/2007,17,17
5/1/2007,17,17
4/30/2007,8,8
4/27/2007,22,22
4/26/2007,30,30
4/25/2007,19,19
4/24/2007,9,9
4/23/2007,7,7
4/20/2007,6,6
4/19/2007,9,9
4/18/2007,10,10
4/17/2007,5,5
4/16/2007,4,4
4/13/2007,7,7
4/12/2007,5,5
4/11/2007,6,6
4/10/2007,1,1
4/9/2007,3,3
4/5/2007,2,2
4/4/2007,3,3
4/3/2007,2,2
4/2/2007,4,4
3/30/2007,2,2
3/29/2007,2,2
3/28/2007,0,0
3/27/2007,5,5
3/26/2007,2,2
3/23/2007,0,0
3/22/2007,2,2
3/21/2007,1,1
3/20/2007,2,2
3/19/2007,0,0
3/16/2007,2,2
3/15/2007,2,2
3/14/2007,0,0
3/13/2007,13,13
3/12/2007,3,3
3/9/2007,6,6
3/8/2007,4,4
3/7/2007,3,3
3/6/2007,5,5
3/5/2007,2,2
3/2/2007,5,5
3/1/2007,8,8
2/28/2007,10,10
2/27/2007,14,14
2/26/2007,7,7
2/22/2007,1,1
2/21/2007,7,7
2/20/2007,12,12
2/16/2007,2,2
2/15/2007,6,6
2/14/2007,11,11
2/13/2007,10,10
2/12/2007,10,10
2/9/2007,5,5
2/8/2007,25,25
2/7/2007,12,12
2/6/2007,14,14
2/5/2007,5,5
2/2/2007,6,6
2/1/2007,15,15
1/31/2007,13,13
1/30/2007,16,16
1/29/2007,1,1
1/26/2007,3,3
1/25/2007,16,16
1/24/2007,6,6
1/23/2007,8,8
1/22/2007,1,1
1/19/2007,3,3
1/18/2007,6,6
1/17/2007,9,9
1/16/2007,7,7
1/12/2007,1,1
1/11/2007,5,5
1/10/2007,8,8
1/9/2007,5,5
1/8/2007,5,5
1/5/2007,9,9
1/4/2007,3,3
1/3/2007,1,1
1/2/2007,2,2
12/29/2006,2,2
12/28/2006,2,2
12/27/2006,3,3
12/26/2006,0,0
12/22/2006,1,1
12/21/2006,4,4
12/20/2006,8,8
12/19/2006,3,3
12/18/2006,2,2
12/15/2006,3,3
12/14/2006,5,5
12/13/2006,3,3
12/12/2006,4,4
12/11/2006,3,3
12/8/2006,0,0
12/7/2006,4,4
12/6/2006,6,6
12/5/2006,2,2
12/4/2006,6,6
12/1/2006,2,2
11/30/2006,4,4
11/29/2006,3,3
11/28/2006,1,1
11/27/2006,1,1
11/22/2006,2,2
11/21/2006,6,6
11/20/2006,6,6
11/17/2006,3,3
11/16/2006,5,5
11/15/2006,5,5
11/14/2006,7,7
11/13/2006,3,3
11/10/2006,1,1
11/9/2006,8,8
11/8/2006,6,6
11/7/2006,19,19
11/6/2006,19,19
11/3/2006,12,12
11/2/2006,29,29
11/1/2006,27,27
10/31/2006,17,17
10/30/2006,7,7
10/27/2006,11,11
10/26/2006,40,40
10/25/2006,19,19
10/24/2006,15,15
10/23/2006,7,7
10/20/2006,3,3
10/19/2006,13,13
10/18/2006,10,10
10/17/2006,8,8
10/16/2006,4,4
10/13/2006,4,4
10/12/2006,8,8
10/11/2006,3,3
10/10/2006,9,9
10/9/2006,6,6
10/6/2006,1,1
10/5/2006,10,10
10/4/2006,5,5
10/3/2006,7,7
10/2/2006,4,4
9/29/2006,2,2
9/28/2006,4,4
9/27/2006,2,2
9/26/2006,1,1
9/25/2006,1,1
9/22/2006,1,1
9/21/2006,6,6
9/20/2006,5,5
9/19/2006,4,4
9/18/2006,5,5
9/15/2006,1,1
9/14/2006,2,2
9/13/2006,0,0
9/12/2006,2,2
9/11/2006,3,3
9/8/2006,3,3
9/7/2006,9,9
9/6/2006,2,2
9/5/2006,6,6
9/1/2006,0,0
8/31/2006,18,18
8/30/2006,3,3
8/29/2006,5,5
8/28/2006,4,4
8/25/2006,2,2
8/24/2006,3,3
8/23/2006,2,2
8/22/2006,3,3
8/21/2006,1,1
8/18/2006,3,3
8/17/2006,2,2
8/16/2006,10,10
8/15/2006,4,4
8/14/2006,5,5
8/11/2006,0,0
8/10/2006,13,13
8/9/2006,6,6
8/8/2006,24,24
8/7/2006,10,10
8/4/2006,9,9
8/3/2006,14,14
8/2/2006,24,24
8/1/2006,14,14
7/31/2006,8,8
7/28/2006,10,10
7/27/2006,34,34
7/26/2006,23,23
7/25/2006,30,30
7/24/2006,9,9
7/21/2006,3,3
7/20/2006,20,20
7/19/2006,13,13
7/18/2006,9,9
7/17/2006,7,7
7/14/2006,3,3
7/13/2006,2,2
7/12/2006,1,1
7/11/2006,5,5
7/10/2006,4,4
7/7/2006,1,1
7/6/2006,4,4
7/5/2006,0,0
7/3/2006,4,4
6/30/2006,3,3
6/29/2006,8,8
6/28/2006,2,2
6/27/2006,1,1
6/26/2006,1,1
6/23/2006,0,0
6/22/2006,6,6
6/21/2006,4,4
6/20/2006,2,2
6/19/2006,4,4
6/16/2006,1,1
6/15/2006,4,4
6/14/2006,1,1
6/13/2006,3,3
6/12/2006,3,3
6/9/2006,5,5
6/8/2006,1,1
6/7/2006,6,6
6/6/2006,2,2
6/5/2006,4,4
6/2/2006,5,5
6/1/2006,10,10
5/31/2006,6,6
5/30/2006,1,1
5/26/2006,0,0
5/25/2006,3,3
5/24/2006,7,7
5/23/2006,2,2
5/22/2006,6,6
5/18/2006,4,4
5/17/2006,9,9
5/16/2006,15,15
5/15/2006,3,3
5/11/2006,9,9
5/10/2006,9,9
5/9/2006,18,18
5/8/2006,9,9
5/5/2006,6,6
5/4/2006,26,26
5/3/2006,29,29
5/2/2006,22,22
5/1/2006,13,13
4/28/2006,22,22
4/27/2006,36,36
4/26/2006,33,33
4/25/2006,38,38
4/24/2006,18,18
4/21/2006,8,8
4/20/2006,29,29
4/19/2006,15,15
4/18/2006,11,11
4/17/2006,7,7
4/13/2006,1,1
4/12/2006,6,6
4/11/2006,5,5
4/10/2006,2,2
4/7/2006,2,2
4/6/2006,7,7
4/5/2006,0,0
4/4/2006,8,8
4/3/2006,7,7
3/31/2006,4,4
3/30/2006,9,9
3/29/2006,3,3
3/28/2006,4,4
3/27/2006,2,2
3/24/2006,1,1
3/23/2006,7,7
3/22/2006,3,3
3/21/2006,8,8
3/20/2006,2,2
3/17/2006,3,3
3/16/2006,12,12
3/15/2006,10,10
3/14/2006,12,12
3/13/2006,8,8
3/10/2006,4,4
3/9/2006,6,6
3/8/2006,4,4
3/7/2006,9,9
3/6/2006,5,5
3/3/2006,2,2
3/2/2006,8,8
3/1/2006,10,10
2/28/2006,2,2
2/27/2006,5,5
2/24/2006,4,4
2/23/2006,15,15
2/22/2006,9,9
2/21/2006,10,10
2/17/2006,6,6
2/16/2006,10,10
2/15/2006,14,14
2/14/2006,5,5
2/13/2006,5,5
2/10/2006,5,5
2/9/2006,25,25
2/8/2006,27,27
2/7/2006,24,24
2/6/2006,7,7
2/3/2006,4,4
2/2/2006,26,26
2/1/2006,13,13
1/31/2006,19,19
1/30/2006,12,12
1/27/2006,11,11
1/26/2006,17,17
1/25/2006,18,18
1/24/2006,23,23
1/23/2006,9,9
1/20/2006,2,2
1/19/2006,8,8
1/18/2006,9,9
1/17/2006,7,7
1/13/2006,5,5
1/12/2006,5,5
1/11/2006,6,6
1/10/2006,9,9
1/9/2006,9,9
1/6/2006,9,9
1/5/2006,8,8
1/4/2006,6,6
1/3/2006,4,4
12/30/2005,2,2
12/29/2005,2,2
12/28/2005,0,0
12/27/2005,1,1
12/23/2005,4,4
12/22/2005,6,6
12/21/2005,9,9
12/20/2005,3,3
12/19/2005,1,1
12/16/2005,8,8
12/15/2005,3,3
12/14/2005,5,5
12/13/2005,5,5
12/12/2005,2,2
12/9/2005,1,1
12/8/2005,8,8
12/7/2005,3,3
12/6/2005,3,3
12/5/2005,4,4
12/2/2005,3,3
12/1/2005,15,15
11/30/2005,6,6
11/29/2005,4,4
11/28/2005,7,7
11/23/2005,4,4
11/22/2005,4,4
11/21/2005,6,6
11/18/2005,3,3
11/17/2005,8,8
11/16/2005,8,8
11/15/2005,7,7
11/14/2005,7,7
11/11/2005,2,2
11/10/2005,6,6
11/9/2005,12,12
11/8/2005,8,8
11/7/2005,12,12
11/4/2005,8,8
11/3/2005,30,30
11/2/2005,18,18
11/1/2005,22,22
10/31/2005,7,7
10/28/2005,12,12
10/27/2005,17,17
10/26/2005,33,33
10/25/2005,29,29
10/24/2005,10,10
10/21/2005,10,10
10/20/2005,10,10
10/19/2005,17,17
10/18/2005,9,9
10/17/2005,7,7
10/14/2005,6,6
10/13/2005,2,2
10/12/2005,5,5
10/11/2005,9,9
10/10/2005,5,5
10/7/2005,3,3
10/6/2005,7,7
10/5/2005,4,4
10/4/2005,4,4
10/3/2005,3,3
9/30/2005,3,3
9/29/2005,3,3
9/28/2005,17,17
9/27/2005,5,5
9/26/2005,2,2
9/23/2005,1,1
9/22/2005,7,7
9/21/2005,10,10
9/20/2005,7,7
9/19/2005,9,9
9/16/2005,0,0
9/15/2005,5,5
9/14/2005,5,5
9/12/2005,0,0
9/9/2005,1,1
9/8/2005,10,10
9/7/2005,11,11
9/6/2005,4,4
9/2/2005,2,2
9/1/2005,2,2
8/31/2005,6,6
8/30/2005,0,0
8/29/2005,0,0
8/26/2005,2,2
8/25/2005,7,7
8/24/2005,6,6
8/23/2005,9,9
8/22/2005,4,4
8/19/2005,3,3
8/18/2005,7,7
8/17/2005,8,8
8/16/2005,9,9
8/15/2005,3,3
8/12/2005,0,0
8/11/2005,8,8
8/10/2005,6,6
8/9/2005,12,12
8/8/2005,9,9
8/5/2005,2,2
8/4/2005,28,28
8/3/2005,23,23
8/2/2005,28,28
8/1/2005,7,7
7/29/2005,11,11
7/28/2005,25,25
7/27/2005,38,38
7/26/2005,23,23
7/25/2005,12,12
7/22/2005,7,7
7/21/2005,34,34
7/20/2005,23,23
7/19/2005,19,19
7/18/2005,7,7
7/15/2005,4,4
7/14/2005,5,5
7/13/2005,8,8
7/12/2005,8,8
7/11/2005,9,9
7/8/2005,3,3
7/7/2005,8,8
7/6/2005,5,5
7/5/2005,6,6
7/1/2005,9,9
6/30/2005,5,5
6/29/2005,5,5
6/28/2005,3,3
6/27/2005,4,4
6/24/2005,3,3
6/23/2005,1,1
6/22/2005,1,1
6/21/2005,4,4
6/20/2005,3,3
6/17/2005,5,5
6/16/2005,5,5
6/15/2005,3,3
6/14/2005,9,9
6/13/2005,6,6
6/10/2005,1,1
6/9/2005,4,4
6/8/2005,5,5
6/7/2005,7,7
6/6/2005,2,2
6/3/2005,5,5
6/2/2005,5,5
6/1/2005,9,9
5/31/2005,3,3
5/27/2005,1,1
5/26/2005,9,9
5/25/2005,3,3
5/24/2005,5,5
5/23/2005,3,3
5/20/2005,1,1
5/19/2005,5,5
5/18/2005,5,5
5/17/2005,6,6
5/16/2005,3,3
5/13/2005,4,4
5/12/2005,6,6
5/11/2005,8,8
5/10/2005,9,9
5/9/2005,4,4
5/6/2005,1,1
5/5/2005,22,22
5/4/2005,25,25
5/3/2005,21,21
5/2/2005,10,10
4/29/2005,7,7
4/28/2005,28,28
4/27/2005,17,17
4/26/2005,28,28
4/25/2005,10,10
4/22/2005,1,1
4/21/2005,22,22
4/20/2005,26,26
4/19/2005,10,10
4/18/2005,7,7
4/15/2005,40,40
4/14/2005,13,13
4/13/2005,8,8
4/12/2005,5,5
4/11/2005,10,10
4/8/2005,2,2
4/7/2005,12,12
4/6/2005,9,9
4/5/2005,5,5
4/4/2005,6,6
4/1/2005,3,3
3/31/2005,6,6
3/30/2005,7,7
3/29/2005,4,4
3/28/2005,10,10
3/24/2005,5,5
3/23/2005,8,8
3/22/2005,12,12
3/21/2005,4,4
3/18/2005,0,0
3/17/2005,11,11
3/16/2005,4,4
3/15/2005,3,3
3/14/2005,3,3
3/11/2005,7,7
3/10/2005,9,9
3/9/2005,3,3
3/8/2005,6,6
3/7/2005,4,4
3/4/2005,1,1
3/3/2005,5,5
3/2/2005,15,15
3/1/2005,8,8
2/28/2005,5,5
2/25/2005,2,2
2/24/2005,10,10
2/23/2005,9,9
2/22/2005,11,11
2/18/2005,3,3
2/17/2005,7,7
2/16/2005,7,7
2/15/2005,10,10
2/14/2005,3,3
2/11/2005,4,4
2/10/2005,14,14
2/9/2005,12,12
2/8/2005,12,12
2/7/2005,6,6
2/4/2005,2,2
2/3/2005,19,19
2/2/2005,18,18
2/1/2005,25,25
1/31/2005,10,10
1/28/2005,7,7
1/27/2005,26,26
1/26/2005,19,19
1/25/2005,17,17
1/24/2005,5,5
1/21/2005,7,7
1/20/2005,16,16
1/19/2005,8,8
1/18/2005,12,12
1/14/2005,6,6
1/13/2005,8,8
1/12/2005,11,11
1/11/2005,12,12
1/10/2005,10,10
1/7/2005,5,5
1/6/2005,21,21
1/5/2005,8,8
1/4/2005,5,5
1/3/2005,1,1
12/31/2004,0,0
12/30/2004,1,1
12/29/2004,4,4
12/28/2004,3,3
12/27/2004,4,4
12/23/2004,1,1
12/22/2004,11,11
12/21/2004,8,8
12/20/2004,8,8
12/17/2004,6,6
12/16/2004,14,14
12/15/2004,3,3
12/14/2004,4,4
12/13/2004,11,11
12/10/2004,3,3
12/9/2004,2,2
12/8/2004,4,4
12/7/2004,6,6
12/6/2004,6,6
12/3/2004,2,2
12/2/2004,3,3
12/1/2004,7,7
11/30/2004,5,5
11/29/2004,5,5
11/26/2004,0,0
11/24/2004,0,0
11/23/2004,9,9
11/22/2004,5,5
11/19/2004,2,2
11/18/2004,11,11
11/17/2004,9,9
11/16/2004,9,9
11/15/2004,9,9
11/12/2004,2,2
11/11/2004,5,5
11/10/2004,10,10
11/9/2004,10,10
11/8/2004,5,5
11/5/2004,6,6
11/4/2004,28,28
11/3/2004,24,24
11/2/2004,6,6
11/1/2004,19,19
10/29/2004,2,2
10/28/2004,38,38
10/27/2004,35,35
10/26/2004,29,29
10/25/2004,17,17
10/22/2004,5,5
10/21/2004,32,32
10/20/2004,23,23
10/19/2004,24,24
10/18/2004,12,12
10/15/2004,4,4
10/14/2004,18,18
10/13/2004,14,14
10/12/2004,10,10
10/11/2004,1,1
10/8/2004,2,2
10/7/2004,4,4
10/6/2004,7,7
10/5/2004,6,6
10/4/2004,8,8
10/1/2004,3,3
9/30/2004,5,5
9/29/2004,8,8
9/28/2004,5,5
9/27/2004,9,9
9/24/2004,0,0
9/23/2004,3,3
9/22/2004,10,10
9/21/2004,9,9
9/20/2004,11,11
9/17/2004,4,4
9/16/2004,7,7
9/15/2004,3,3
9/14/2004,2,2
9/13/2004,3,3
9/10/2004,1,1
9/9/2004,6,6
9/8/2004,6,6
9/7/2004,12,12
9/3/2004,0,0
9/2/2004,7,7
9/1/2004,3,3
8/31/2004,3,3
8/30/2004,4,4
8/27/2004,2,2
8/26/2004,4,4
8/25/2004,6,6
8/24/2004,5,5
8/23/2004,4,4
8/20/2004,3,3
8/19/2004,11,11
8/18/2004,14,14
8/17/2004,8,8
8/16/2004,7,7
8/13/2004,6,6
8/12/2004,4,4
8/11/2004,4,4
8/10/2004,7,7
8/9/2004,11,11
8/6/2004,4,4
8/5/2004,24,24
8/4/2004,20,20
8/3/2004,20,20
8/2/2004,14,14
7/30/2004,10,10
7/29/2004,43,43
7/28/2004,42,42
7/27/2004,14,14
7/26/2004,14,14
7/23/2004,7,7
7/22/2004,42,42
7/21/2004,38,38
7/20/2004,17,17
7/19/2004,22,22
7/16/2004,9,9
7/15/2004,15,15
7/14/2004,13,13
7/13/2004,16,16
7/12/2004,6,6
7/9/2004,0,0
7/8/2004,8,8
7/7/2004,3,3
7/6/2004,3,3
7/2/2004,1,1
7/1/2004,8,8
6/30/2004,6,6
6/29/2004,10,10
6/28/2004,3,3
6/25/2004,2,2
6/24/2004,8,8
6/23/2004,10,10
6/22/2004,8,8
6/21/2004,13,13
6/18/2004,5,5
6/17/2004,17,17
6/16/2004,8,8
6/15/2004,10,10
6/14/2004,12,12
6/11/2004,0,0
6/10/2004,4,4
6/9/2004,3,3
6/8/2004,5,5
6/7/2004,5,5
6/4/2004,1,1
6/3/2004,17,17
6/2/2004,4,4
6/1/2004,10,10
5/28/2004,1,1
5/27/2004,13,13
5/26/2004,4,4
5/25/2004,6,6
5/24/2004,3,3
5/21/2004,3,3
5/20/2004,10,10
5/19/2004,7,7
5/18/2004,7,7
5/17/2004,2,2
5/14/2004,4,4
5/13/2004,9,9
5/12/2004,11,11
5/11/2004,5,5
5/10/2004,8,8
5/7/2004,5,5
5/6/2004,20,20
5/5/2004,14,14
5/4/2004,20,20
5/3/2004,7,7
4/30/2004,20,20
4/29/2004,27,27
4/28/2004,46,46
4/27/2004,22,22
4/26/2004,8,8
4/23/2004,22,22
4/22/2004,60,60
4/21/2004,25,25
4/20/2004,29,29
4/19/2004,11,11
4/16/2004,13,13
4/15/2004,19,19
4/14/2004,12,12
4/13/2004,5,5
4/12/2004,6,6
4/8/2004,20,20
4/7/2004,5,5
4/6/2004,19,19
4/5/2004,9,9
4/2/2004,9,9
4/1/2004,5,5
3/31/2004,12,12
3/30/2004,14,14
3/29/2004,5,5
3/26/2004,9,9
3/25/2004,5,5
3/24/2004,9,9
3/23/2004,5,5
3/22/2004,4,4
3/19/2004,8,8
3/18/2004,9,9
3/17/2004,11,11
3/16/2004,8,8
3/15/2004,6,6
3/12/2004,11,11
3/11/2004,10,10
3/10/2004,7,7
3/9/2004,13,13
3/8/2004,4,4
3/5/2004,7,7
3/4/2004,14,14
3/3/2004,9,9
3/2/2004,5,5
3/1/2004,6,6
2/27/2004,7,7
2/26/2004,20,20
2/25/2004,10,10
2/24/2004,7,7
2/23/2004,8,8
2/20/2004,6,6
2/19/2004,17,17
2/18/2004,8,8
2/17/2004,5,5
2/13/2004,10,10
2/12/2004,20,20
2/11/2004,16,16
2/10/2004,5,5
2/9/2004,2,2
2/6/2004,13,13
2/5/2004,34,34
2/4/2004,28,28
2/2/2004,9,9
1/30/2004,9,9
1/29/2004,43,43
1/28/2004,18,18
1/27/2004,17,17
1/26/2004,4,4
1/23/2004,20,20
1/22/2004,35,35
1/21/2004,16,16
1/20/2004,5,5
1/16/2004,11,11
1/15/2004,15,15
1/14/2004,9,9
1/13/2004,9,9
1/9/2004,9,9
1/8/2004,21,21
1/7/2004,18,18
1/6/2004,14,14
1/5/2004,11,11
1/2/2004,2,2
12/31/2003,4,4
12/30/2003,4,4
12/29/2003,0,0
12/26/2003,0,0
12/24/2003,6,6
12/23/2003,10,10
12/22/2003,6,6
12/19/2003,12,12
12/18/2003,11,11
12/17/2003,7,7
12/16/2003,9,9
12/15/2003,7,7
12/12/2003,15,15
12/11/2003,5,5
12/10/2003,6,6
12/9/2003,7,7
12/8/2003,3,3
12/5/2003,2,2
12/4/2003,6,6
12/3/2003,7,7
12/2/2003,10,10
12/1/2003,3,3
11/28/2003,0,0
11/26/2003,1,1
11/25/2003,9,9
11/24/2003,7,7
11/21/2003,10,10
11/20/2003,5,5
11/19/2003,8,8
11/18/2003,6,6
11/17/2003,3,3
11/14/2003,6,6
11/13/2003,12,12
11/12/2003,2,2
11/11/2003,7,7
11/10/2003,1,1
11/7/2003,6,6
11/6/2003,22,22
11/5/2003,13,13
11/4/2003,9,9
11/3/2003,5,5
10/31/2003,20,20
10/30/2003,19,19
10/29/2003,12,12
10/28/2003,13,13
10/27/2003,11,11
10/24/2003,23,23
10/23/2003,46,46
10/22/2003,22,22
10/21/2003,18,18
10/20/2003,5,5
10/17/2003,10,10
10/16/2003,29,29
10/15/2003,8,8
10/14/2003,4,4
10/13/2003,5,5
10/10/2003,3,3
10/9/2003,11,11
10/8/2003,10,10
10/7/2003,9,9
10/6/2003,3,3
10/3/2003,5,5
10/2/2003,7,7
10/1/2003,2,2
9/30/2003,5,5
9/29/2003,1,1
9/26/2003,7,7
9/25/2003,2,2
9/24/2003,10,10
9/23/2003,5,5
9/22/2003,1,1
9/19/2003,1,1
9/18/2003,2,2
9/17/2003,5,5
9/16/2003,11,11
9/15/2003,7,7
9/12/2003,4,4
9/11/2003,4,4
9/10/2003,4,4
9/9/2003,5,5
9/8/2003,3,3
9/5/2003,3,3
9/4/2003,15,15
9/3/2003,5,5
9/2/2003,6,6
8/29/2003,2,2
8/28/2003,7,7
8/27/2003,3,3
8/26/2003,7,7
8/25/2003,2,2
8/22/2003,6,6
8/21/2003,12,12
8/20/2003,5,5
8/19/2003,8,8
8/18/2003,3,3
8/15/2003,5,5
8/14/2003,5,5
8/13/2003,8,8
8/12/2003,6,6
8/11/2003,1,1
8/8/2003,5,5
8/7/2003,24,24
8/6/2003,22,22
8/5/2003,6,6
8/4/2003,3,3
8/1/2003,9,9
7/31/2003,17,17
7/30/2003,22,22
7/29/2003,17,17
7/28/2003,2,2
7/25/2003,16,16
7/24/2003,47,47
7/23/2003,30,30
7/22/2003,11,11
7/21/2003,2,2
7/18/2003,15,15
7/17/2003,38,38
7/16/2003,7,7
7/15/2003,9,9
7/14/2003,6,6
7/11/2003,4,4
7/10/2003,14,14
7/9/2003,7,7
7/8/2003,7,7
7/7/2003,3,3
7/3/2003,8,8
7/2/2003,8,8
7/1/2003,5,5
6/30/2003,6,6
6/27/2003,9,9
6/26/2003,5,5
6/25/2003,2,2
6/24/2003,6,6
6/23/2003,7,7
6/20/2003,4,4
6/19/2003,4,4
6/18/2003,3,3
6/17/2003,4,4
6/16/2003,6,6
6/13/2003,1,1
6/12/2003,2,2
6/11/2003,5,5
6/10/2003,3,3
6/9/2003,6,6
6/6/2003,4,4
6/5/2003,13,13
6/4/2003,2,2
6/3/2003,1,1
6/2/2003,4,4
5/30/2003,11,11
5/29/2003,10,10
5/28/2003,2,2
5/27/2003,1,1
5/23/2003,2,2
5/22/2003,7,7
5/21/2003,2,2
5/20/2003,1,1
5/19/2003,1,1
5/16/2003,1,1
5/15/2003,9,9
5/14/2003,5,5
5/13/2003,5,5
5/12/2003,0,0
5/9/2003,4,4
5/8/2003,13,13
5/7/2003,10,10
5/6/2003,13,13
5/5/2003,9,9
5/2/2003,3,3
5/1/2003,17,17
4/30/2003,9,9
4/29/2003,13,13
4/28/2003,3,3
4/25/2003,18,18
4/24/2003,31,31
4/23/2003,35,35
4/22/2003,23,23
4/21/2003,9,9
4/17/2003,25,25
4/16/2003,28,28
4/15/2003,11,11
4/14/2003,1,1
4/11/2003,3,3
4/10/2003,5,5
4/9/2003,5,5
4/8/2003,5,5
4/7/2003,3,3
4/4/2003,2,2
4/3/2003,1,1
4/2/2003,8,8
4/1/2003,5,5
3/31/2003,7,7
3/28/2003,3,3
3/27/2003,1,1
3/26/2003,1,1
3/25/2003,2,2
3/24/2003,2,2
3/21/2003,2,2
3/20/2003,2,2
3/19/2003,7,7
3/18/2003,8,8
3/17/2003,2,2
3/14/2003,6,6
3/13/2003,9,9
3/12/2003,2,2
3/11/2003,2,2
3/10/2003,3,3
3/7/2003,9,9
3/6/2003,11,11
3/5/2003,6,6
3/4/2003,7,7
3/3/2003,4,4
2/28/2003,5,5
2/27/2003,16,16
2/26/2003,7,7
2/25/2003,14,14
2/24/2003,3,3
2/21/2003,5,5
2/20/2003,12,12
2/19/2003,6,6
2/18/2003,5,5
2/14/2003,11,11
2/13/2003,11,11
2/12/2003,12,12
2/11/2003,13,13
2/10/2003,7,7
2/7/2003,10,10
2/6/2003,22,22
2/5/2003,20,20
2/4/2003,10,10
2/3/2003,6,6
1/31/2003,11,11
1/30/2003,26,26
1/29/2003,24,24
1/28/2003,11,11
1/27/2003,14,14
1/24/2003,23,23
1/23/2003,32,32
1/22/2003,12,12
1/21/2003,13,13
1/17/2003,12,12
1/16/2003,21,21
1/15/2003,10,10
1/14/2003,8,8
1/13/2003,2,2
1/10/2003,10,10
1/9/2003,14,14
1/8/2003,14,14
1/7/2003,14,14
1/6/2003,10,10
1/3/2003,6,6
1/2/2003,3,3
12/31/2002,0,0
12/30/2002,4,4
12/27/2002,0,0
12/26/2002,2,2
12/24/2002,1,1
12/23/2002,4,4
12/20/2002,13,13
12/19/2002,12,12
12/18/2002,10,10
12/17/2002,12,12
12/16/2002,2,2
12/13/2002,5,5
12/12/2002,10,10
12/11/2002,8,8
12/10/2002,9,9
12/9/2002,3,3
12/6/2002,2,2
12/5/2002,8,8
12/4/2002,1,1
12/3/2002,6,6
12/2/2002,0,0
11/29/2002,0,0
11/27/2002,2,2
11/26/2002,5,5
11/25/2002,3,3
11/22/2002,9,9
11/21/2002,10,10
11/20/2002,8,8
11/19/2002,8,8
11/18/2002,6,6
11/15/2002,1,1
11/14/2002,12,12
11/13/2002,7,7
11/12/2002,3,3
11/11/2002,4,4
11/8/2002,8,8
11/7/2002,26,26
11/6/2002,10,10
11/5/2002,12,12
11/4/2002,3,3
11/1/2002,4,4
10/31/2002,20,20
10/30/2002,23,23
10/29/2002,13,13
10/28/2002,6,6
10/25/2002,18,18
10/24/2002,16,16
10/23/2002,26,26
10/22/2002,21,21
10/21/2002,7,7
10/18/2002,15,15
10/17/2002,26,26
10/16/2002,12,12
10/15/2002,9,9
10/14/2002,3,3
10/11/2002,10,10
10/10/2002,16,16
10/9/2002,8,8
10/8/2002,11,11
10/7/2002,8,8
10/4/2002,3,3
10/3/2002,8,8
10/2/2002,3,3
10/1/2002,5,5
9/30/2002,3,3
9/27/2002,8,8
9/26/2002,4,4
9/25/2002,7,7
9/24/2002,5,5
9/23/2002,3,3
9/20/2002,1,1
9/19/2002,1,1
9/18/2002,8,8
9/17/2002,2,2
9/16/2002,1,1
9/13/2002,4,4
9/12/2002,7,7
9/11/2002,4,4
9/10/2002,5,5
9/9/2002,1,1
9/6/2002,4,4
9/5/2002,9,9
9/4/2002,10,10
9/3/2002,2,2
8/30/2002,2,2
8/29/2002,6,6
8/28/2002,4,4
8/27/2002,5,5
8/26/2002,0,0
8/23/2002,2,2
8/22/2002,4,4
8/21/2002,4,4
8/20/2002,5,5
8/19/2002,1,1
8/16/2002,1,1
8/15/2002,2,2
8/14/2002,14,14
8/13/2002,6,6
8/12/2002,2,2
8/9/2002,1,1
8/8/2002,15,15
8/7/2002,4,4
8/6/2002,4,4
8/5/2002,1,1
8/2/2002,6,6
8/1/2002,8,8
7/31/2002,22,22
7/30/2002,11,11
7/29/2002,8,8
7/26/2002,15,15
7/25/2002,43,43
7/24/2002,25,25
7/23/2002,18,18
7/22/2002,14,14
7/19/2002,9,9
7/18/2002,15,15
7/17/2002,20,20
7/16/2002,11,11
7/15/2002,11,11
7/12/2002,6,6
7/11/2002,17,17
7/10/2002,4,4
7/9/2002,10,10
7/8/2002,7,7
7/5/2002,0,0
7/3/2002,5,5
7/2/2002,6,6
7/1/2002,3,3
6/28/2002,6,6
6/27/2002,4,4
6/26/2002,7,7
6/25/2002,18,18
6/24/2002,3,3
6/21/2002,5,5
6/20/2002,3,3
6/19/2002,15,15
6/18/2002,15,15
6/17/2002,9,9
6/14/2002,6,6
6/13/2002,10,10
6/12/2002,8,8
6/11/2002,13,13
6/10/2002,1,1
6/7/2002,5,5
6/6/2002,4,4
6/5/2002,4,4
6/4/2002,10,10
6/3/2002,3,3
5/31/2002,4,4
5/30/2002,7,7
5/29/2002,5,5
5/28/2002,3,3
5/24/2002,3,3
5/23/2002,16,16
5/22/2002,9,9
5/21/2002,8,8
5/20/2002,6,6
5/17/2002,6,6
5/16/2002,11,11
5/15/2002,9,9
5/14/2002,6,6
5/13/2002,4,4
5/10/2002,3,3
5/9/2002,20,20
5/8/2002,16,16
5/7/2002,11,11
5/6/2002,2,2
5/3/2002,6,6
5/2/2002,22,22
5/1/2002,16,16
4/30/2002,24,24
4/29/2002,2,2
4/26/2002,28,28
4/25/2002,38,38
4/24/2002,38,38
4/23/2002,33,33
4/22/2002,4,4
4/19/2002,7,7
4/18/2002,46,46
4/17/2002,21,21
4/16/2002,17,17
4/15/2002,4,4
4/12/2002,15,15
4/11/2002,13,13
4/10/2002,13,13
4/9/2002,11,11
4/8/2002,7,7
4/5/2002,14,14
4/4/2002,17,17
4/3/2002,7,7
4/2/2002,7,7
4/1/2002,7,7
3/28/2002,7,7
3/27/2002,4,4
3/26/2002,13,13
3/25/2002,11,11
3/22/2002,9,9
3/21/2002,7,7
3/20/2002,13,13
3/19/2002,15,15
3/18/2002,2,2
3/15/2002,8,8
3/14/2002,7,7
3/13/2002,4,4
3/12/2002,7,7
3/11/2002,9,9
3/8/2002,9,9
3/7/2002,11,11
3/6/2002,11,11
3/5/2002,3,3
3/4/2002,3,3
3/1/2002,14,14
2/28/2002,15,15
2/27/2002,11,11
2/26/2002,15,15
2/25/2002,11,11
2/22/2002,11,11
2/21/2002,8,8
2/20/2002,14,14
2/19/2002,3,3
2/14/2002,15,15
2/13/2002,15,15
2/12/2002,11,11
2/11/2002,8,8
2/8/2002,8,8
2/7/2002,41,41
2/6/2002,14,14
2/5/2002,24,24
2/4/2002,9,9
2/1/2002,7,7
1/31/2002,28,28
1/30/2002,16,16
1/29/2002,22,22
1/28/2002,12,12
1/25/2002,20,20
1/24/2002,29,29
1/23/2002,20,20
1/22/2002,17,17
1/18/2002,16,16
1/17/2002,24,24
1/16/2002,18,18
1/15/2002,17,17
1/14/2002,8,8
1/11/2002,13,13
1/10/2002,25,25
1/9/2002,16,16
1/8/2002,22,22
1/7/2002,7,7
1/4/2002,7,7
1/3/2002,9,9
1/2/2002,0,0
12/31/2001,1,1
12/28/2001,0,0
12/27/2001,3,3
12/26/2001,0,0
12/24/2001,0,0
12/21/2001,9,9
12/20/2001,14,14
12/19/2001,5,5
12/18/2001,15,15
12/17/2001,9,9
12/14/2001,6,6
12/13/2001,4,4
12/12/2001,5,5
12/11/2001,13,13
12/10/2001,5,5
12/7/2001,2,2
12/6/2001,11,11
12/5/2001,8,8
12/4/2001,5,5
12/3/2001,4,4
11/30/2001,3,3
11/29/2001,4,4
11/28/2001,3,3
11/27/2001,7,7
11/26/2001,3,3
11/23/2001,0,0
11/21/2001,5,5
11/20/2001,8,8
11/19/2001,2,2
11/16/2001,12,12
11/15/2001,10,10
11/14/2001,8,8
11/13/2001,13,13
11/12/2001,4,4
11/9/2001,3,3
11/8/2001,13,13
11/7/2001,4,4
11/6/2001,5,5
11/5/2001,3,3
11/2/2001,9,9
11/1/2001,19,19
10/31/2001,16,16
10/30/2001,11,11
10/29/2001,4,4
10/26/2001,9,9
10/25/2001,17,17
10/24/2001,21,21
10/23/2001,20,20
10/22/2001,3,3
10/19/2001,10,10
10/18/2001,14,14
10/17/2001,19,19
10/16/2001,12,12
10/15/2001,4,4
10/12/2001,8,8
10/11/2001,18,18
10/10/2001,2,2
10/9/2001,8,8
10/8/2001,1,1
10/5/2001,5,5
10/4/2001,3,3
10/3/2001,10,10
10/2/2001,5,5
10/1/2001,6,6
9/28/2001,3,3
9/27/2001,2,2
9/26/2001,9,9
9/25/2001,5,5
9/24/2001,5,5
9/21/2001,3,3
9/20/2001,8,8
9/19/2001,6,6
9/18/2001,4,4
9/17/2001,7,7
9/14/2001,2,2
9/13/2001,3,3
9/12/2001,0,0
9/11/2001,2,2
9/10/2001,3,3
9/7/2001,3,3
9/6/2001,9,9
9/5/2001,3,3
9/4/2001,6,6
8/31/2001,4,4
8/30/2001,5,5
8/29/2001,1,1
8/28/2001,1,1
8/27/2001,1,1
8/24/2001,2,2
8/23/2001,8,8
8/22/2001,1,1
8/21/2001,3,3
8/20/2001,0,0
8/17/2001,0,0
8/16/2001,9,9
8/15/2001,12,12
8/14/2001,4,4
8/13/2001,4,4
8/10/2001,2,2
8/9/2001,12,12
8/8/2001,9,9
8/7/2001,10,10
8/6/2001,1,1
8/3/2001,10,10
8/2/2001,10,10
8/1/2001,13,13
7/31/2001,9,9
7/30/2001,7,7
7/27/2001,14,14
7/26/2001,29,29
7/25/2001,38,38
7/24/2001,23,23
7/23/2001,8,8
7/20/2001,7,7
7/19/2001,25,25
7/18/2001,17,17
7/17/2001,12,12
7/16/2001,8,8
7/13/2001,3,3
7/12/2001,13,13
7/11/2001,12,12
7/10/2001,7,7
7/9/2001,5,5
7/6/2001,1,1
7/5/2001,5,5
7/3/2001,1,1
7/2/2001,6,6
6/29/2001,4,4
6/28/2001,7,7
6/27/2001,3,3
6/26/2001,7,7
6/25/2001,5,5
6/22/2001,1,1
6/21/2001,2,2
6/20/2001,2,2
6/19/2001,4,4
6/18/2001,2,2
6/15/2001,1,1
6/14/2001,3,3
6/13/2001,1,1
6/12/2001,0,0
6/11/2001,0,0
6/8/2001,2,2
6/7/2001,8,8
6/6/2001,6,6
6/5/2001,0,0
6/4/2001,4,4
6/1/2001,7,7
5/31/2001,7,7
5/30/2001,4,4
5/29/2001,3,3
5/25/2001,1,1
5/24/2001,11,11
5/23/2001,3,3
5/22/2001,8,8
5/21/2001,2,2
5/18/2001,2,2
5/17/2001,2,2
5/16/2001,10,10
5/15/2001,1,1
5/14/2001,1,1
5/11/2001,1,1
5/10/2001,8,8
5/9/2001,3,3
5/8/2001,3,3
5/7/2001,0,0
5/4/2001,3,3
5/3/2001,6,6
5/2/2001,6,6
5/1/2001,10,10
4/30/2001,13,13
4/27/2001,13,13
4/26/2001,15,15
4/25/2001,19,19
4/24/2001,23,23
4/23/2001,8,8
4/20/2001,10,10
4/19/2001,8,8
4/18/2001,11,11
4/17/2001,7,7
4/16/2001,5,5
4/12/2001,13,13
4/11/2001,7,7
4/10/2001,5,5
4/9/2001,4,4
4/6/2001,8,8
4/5/2001,1,1
4/4/2001,11,11
4/3/2001,10,10
4/2/2001,4,4
3/30/2001,2,2
3/29/2001,9,9
3/28/2001,9,9
3/27/2001,6,6
3/26/2001,2,2
3/23/2001,4,4
3/22/2001,8,8
3/21/2001,5,5
3/20/2001,4,4
3/19/2001,1,1
3/16/2001,3,3
3/15/2001,6,6
3/14/2001,2,2
3/13/2001,2,2
3/12/2001,1,1
3/9/2001,4,4
3/8/2001,2,2
3/7/2001,7,7
3/6/2001,9,9
3/5/2001,1,1
3/2/2001,4,4
3/1/2001,10,10
2/28/2001,3,3
2/27/2001,9,9
2/26/2001,4,4
2/23/2001,10,10
2/22/2001,16,16
2/21/2001,5,5
2/20/2001,6,6
2/16/2001,3,3
2/15/2001,9,9
2/14/2001,11,11
2/13/2001,7,7
2/12/2001,2,2
2/9/2001,5,5
2/8/2001,23,23
2/7/2001,10,10
2/6/2001,10,10
2/5/2001,5,5
2/2/2001,7,7
2/1/2001,15,15
1/31/2001,22,22
1/30/2001,7,7
1/29/2001,7,7
1/26/2001,10,10
1/25/2001,24,24
1/24/2001,11,11
1/23/2001,12,12
1/22/2001,9,9
1/19/2001,6,6
1/18/2001,10,10
1/17/2001,8,8
1/16/2001,11,11
1/12/2001,4,4
1/11/2001,3,3
1/10/2001,5,5
1/9/2001,11,11
1/8/2001,7,7
1/5/2001,6,6
1/4/2001,12,12
1/3/2001,6,6
1/2/2001,2,2
12/29/2000,1,1
12/28/2000,7,7
12/27/2000,1,1
12/26/2000,4,4
12/22/2000,4,4
12/21/2000,5,5
12/20/2000,11,11
12/19/2000,13,13
12/18/2000,8,8
12/15/2000,6,6
12/14/2000,8,8
12/13/2000,4,4
12/12/2000,1,1
12/11/2000,3,3
12/8/2000,4,4
12/7/2000,3,3
12/6/2000,6,6
12/5/2000,5,5
12/4/2000,1,1
12/1/2000,3,3
11/30/2000,4,4
11/29/2000,1,1
11/28/2000,6,6
11/27/2000,3,3
11/24/2000,0,0
11/22/2000,1,1
11/21/2000,5,5
11/20/2000,4,4
11/17/2000,0,0
11/16/2000,6,6
11/15/2000,4,4
11/14/2000,3,3
11/13/2000,5,5
11/10/2000,2,2
11/9/2000,4,4
11/8/2000,8,8
11/7/2000,1,1
11/6/2000,3,3
11/3/2000,10,10
11/2/2000,12,12
11/1/2000,9,9
10/31/2000,4,4
10/30/2000,6,6
10/27/2000,2,2
10/26/2000,14,14
10/25/2000,3,3
10/24/2000,3,3
10/23/2000,7,7
10/20/2000,3,3
10/19/2000,12,12
10/18/2000,7,7
10/17/2000,10,10
10/16/2000,1,1
10/13/2000,10,10
10/12/2000,6,6
10/11/2000,3,3
10/10/2000,6,6
10/9/2000,1,1
10/6/2000,5,5
10/5/2000,11,11
10/4/2000,8,8
10/3/2000,4,4
10/2/2000,4,4
9/29/2000,3,3
9/28/2000,0,0
9/27/2000,7,7
9/26/2000,7,7
9/25/2000,2,2
9/22/2000,2,2
9/21/2000,6,6
9/20/2000,4,4
9/19/2000,5,5
9/18/2000,3,3
9/15/2000,5,5
9/14/2000,7,7
9/13/2000,1,1
9/12/2000,2,2
9/11/2000,2,2
9/8/2000,0,0
9/7/2000,2,2
9/6/2000,3,3
9/5/2000,0,0
9/1/2000,0,0
8/31/2000,0,0
8/30/2000,1,1
8/29/2000,0,0
8/28/2000,0,0
8/25/2000,0,0
8/24/2000,1,1
8/23/2000,3,3
8/22/2000,2,2
8/21/2000,0,0
8/18/2000,1,1
8/17/2000,4,4
8/16/2000,2,2
8/15/2000,1,1
8/14/2000,2,2
8/11/2000,1,1
8/10/2000,2,2
8/9/2000,3,3
8/8/2000,4,4
8/7/2000,1,1
8/4/2000,2,2
8/3/2000,4,4
8/2/2000,3,3
8/1/2000,4,4
7/31/2000,1,1
7/28/2000,4,4
7/27/2000,4,4
7/26/2000,5,5
7/25/2000,3,3
7/24/2000,7,7
7/21/2000,1,1
7/20/2000,4,4
7/19/2000,2,2
7/18/2000,2,2
7/17/2000,4,4
7/14/2000,4,4
7/13/2000,5,5
7/12/2000,1,1
7/11/2000,3,3
7/10/2000,1,1
7/7/2000,2,2
7/6/2000,7,7
7/5/2000,8,8
7/3/2000,4,4
6/30/2000,4,4
6/29/2000,4,4
6/28/2000,3,3
6/27/2000,3,3
6/26/2000,4,4
6/23/2000,2,2
6/22/2000,2,2
6/21/2000,2,2
6/20/2000,4,4
6/19/2000,1,1
6/16/2000,1,1
6/15/2000,1,1
6/14/2000,1,1
6/13/2000,3,3
6/12/2000,2,2
6/9/2000,1,1
6/8/2000,3,3
6/7/2000,7,7
6/6/2000,4,4
6/5/2000,2,2
6/2/2000,2,2
6/1/2000,1,1
5/31/2000,0,0
5/30/2000,0,0
5/29/2000,0,0
5/26/2000,2,2
5/25/2000,2,2
5/24/2000,2,2
5/23/2000,2,2
5/22/2000,1,1
5/19/2000,3,3
5/18/2000,2,2
5/17/2000,1,1
5/16/2000,1,1
5/15/2000,0,0
5/12/2000,0,0
5/11/2000,2,2
5/10/2000,4,4
5/9/2000,1,1
5/8/2000,5,5
5/5/2000,0,0
5/4/2000,5,5
5/3/2000,4,4
5/2/2000,6,6
5/1/2000,2,2
4/28/2000,0,0
4/27/2000,2,2
4/26/2000,9,9
4/25/2000,6,6
4/24/2000,3,3
4/21/2000,0,0
4/20/2000,2,2
4/19/2000,6,6
4/18/2000,7,7
4/17/2000,3,3
4/14/2000,4,4
4/13/2000,8,8
4/12/2000,3,3
4/11/2000,4,4
4/10/2000,3,3
4/7/2000,3,3
4/6/2000,6,6
4/5/2000,7,7
4/4/2000,7,7
4/3/2000,5,5
3/31/2000,3,3
3/30/2000,0,0
3/29/2000,4,4
3/28/2000,7,7
3/27/2000,2,2
3/24/2000,5,5
3/23/2000,5,5
3/22/2000,4,4
3/21/2000,3,3
3/20/2000,1,1
3/17/2000,7,7
3/16/2000,5,5
3/15/2000,4,4
3/14/2000,3,3
3/13/2000,1,1
3/10/2000,1,1
3/9/2000,4,4
3/8/2000,2,2
3/7/2000,2,2
3/6/2000,7,7
3/3/2000,1,1
3/2/2000,2,2
3/1/2000,1,1
2/29/2000,3,3
2/28/2000,1,1
2/25/2000,1,1
2/24/2000,1,1
2/23/2000,3,3
2/22/2000,3,3
2/21/2000,0,0
2/18/2000,4,4
2/17/2000,2,2
2/16/2000,1,1
2/15/2000,3,3
2/14/2000,0,0
2/11/2000,0,0
2/10/2000,2,2
2/9/2000,1,1
2/8/2000,1,1
2/7/2000,0,0
2/4/2000,2,2
2/3/2000,2,2
2/2/2000,2,2
2/1/2000,8,8
1/31/2000,5,5
1/28/2000,2,2
1/27/2000,3,3
1/26/2000,6,6
1/25/2000,6,6
1/24/2000,4,4
1/21/2000,3,3
1/20/2000,5,5
1/19/2000,7,7
1/18/2000,10,10
1/17/2000,1,1
1/14/2000,0,0
1/13/2000,12,12
1/12/2000,1,1
1/11/2000,8,8
1/10/2000,7,7
1/7/2000,5,5
1/6/2000,5,5
1/5/2000,5,5
1/4/2000,7,7
1/3/2000,1,1
12/31/1999,0,0
12/30/1999,1,1
12/29/1999,3,3
12/28/1999,0,0
12/27/1999,0,0
12/23/1999,0,0
12/22/1999,2,2
12/21/1999,1,1
12/20/1999,0,0
