Security,CESIG10  Index                                                  ,
Start Date,1/1/2003 0:00,
End Date,5/18/2021 0:00,
Period,D,
,,
Date,PX_LAST,PX_MID
5/18/2021,68.3,68.3
5/17/2021,73.3,73.3
5/14/2021,81.5,81.5
5/13/2021,90.6,90.6
5/12/2021,95,95
5/11/2021,84,84
5/10/2021,83.6,83.6
5/7/2021,84.4,84.4
5/6/2021,86.9,86.9
5/5/2021,85.5,85.5
5/4/2021,85.2,85.2
5/3/2021,86,86
4/30/2021,95.6,95.6
4/29/2021,87.4,87.4
4/28/2021,77.9,77.9
4/27/2021,80.2,80.2
4/26/2021,78.5,78.5
4/23/2021,85.1,85.1
4/22/2021,73.8,73.8
4/21/2021,74.1,74.1
4/20/2021,76.6,76.6
4/19/2021,79.2,79.2
4/16/2021,77.6,77.6
4/15/2021,77.5,77.5
4/14/2021,77.1,77.1
4/13/2021,78.5,78.5
4/12/2021,77.3,77.3
4/9/2021,79.1,79.1
4/8/2021,84.6,84.6
4/7/2021,78.1,78.1
4/6/2021,77.4,77.4
4/5/2021,79.2,79.2
4/1/2021,78.8,78.8
3/31/2021,68.3,68.3
3/30/2021,70.3,70.3
3/29/2021,59.7,59.7
3/26/2021,61.9,61.9
3/25/2021,57.4,57.4
3/24/2021,56.1,56.1
3/23/2021,40.2,40.2
3/22/2021,44.5,44.5
3/19/2021,45.9,45.9
3/18/2021,45.6,45.6
3/17/2021,42,42
3/16/2021,52.6,52.6
3/15/2021,68.2,68.2
3/12/2021,76,76
3/11/2021,73.1,73.1
3/10/2021,74.8,74.8
3/9/2021,77.6,77.6
3/8/2021,78.5,78.5
3/5/2021,89.9,89.9
3/4/2021,91.1,91.1
3/3/2021,92.4,92.4
3/2/2021,94.2,94.2
3/1/2021,98.9,98.9
2/26/2021,97.8,97.8
2/25/2021,97.9,97.9
2/24/2021,94.5,94.5
2/23/2021,92.8,92.8
2/22/2021,92.6,92.6
2/19/2021,96.2,96.2
2/18/2021,91.3,91.3
2/17/2021,91.2,91.2
2/16/2021,79.7,79.7
2/15/2021,78.8,78.8
2/12/2021,82.4,82.4
2/11/2021,83.9,83.9
2/10/2021,85.8,85.8
2/9/2021,91.5,91.5
2/8/2021,91.6,91.6
2/5/2021,91.9,91.9
2/4/2021,93,93
2/3/2021,93.5,93.5
2/2/2021,82.2,82.2
2/1/2021,82.1,82.1
1/29/2021,85.2,85.2
1/28/2021,74.7,74.7
1/27/2021,75.2,75.2
1/26/2021,81.8,81.8
1/25/2021,85.8,85.8
1/22/2021,96,96
1/21/2021,90.7,90.7
1/20/2021,86.7,86.7
1/19/2021,90.2,90.2
1/18/2021,92.1,92.1
1/15/2021,96.1,96.1
1/14/2021,93.1,93.1
1/13/2021,95.1,95.1
1/12/2021,95.1,95.1
1/11/2021,95,95
1/8/2021,97.2,97.2
1/7/2021,96.1,96.1
1/6/2021,95.1,95.1
1/5/2021,98.1,98.1
1/4/2021,93.1,93.1
12/31/2020,96.8,96.8
12/30/2020,97.4,97.4
12/29/2020,97.5,97.5
12/28/2020,95.7,95.7
12/24/2020,103.2,103.2
12/23/2020,103.9,103.9
12/22/2020,109.2,109.2
12/21/2020,107.9,107.9
12/18/2020,111.2,111.2
12/17/2020,108.6,108.6
12/16/2020,107.6,107.6
12/15/2020,95.9,95.9
12/14/2020,94.7,94.7
12/11/2020,92.2,92.2
12/10/2020,88.7,88.7
12/9/2020,86.8,86.8
12/8/2020,87.3,87.3
12/7/2020,86,86
12/4/2020,86.8,86.8
12/3/2020,86,86
12/2/2020,83,83
12/1/2020,82.8,82.8
11/30/2020,81.7,81.7
11/27/2020,79.2,79.2
11/26/2020,77.3,77.3
11/25/2020,77.4,77.4
11/24/2020,76.3,76.3
11/23/2020,73.8,73.8
11/20/2020,70.3,70.3
11/19/2020,69.3,69.3
11/18/2020,67.1,67.1
11/17/2020,60.8,60.8
11/16/2020,59.3,59.3
11/13/2020,60.1,60.1
11/12/2020,63.7,63.7
11/11/2020,70.5,70.5
11/10/2020,71.9,71.9
11/9/2020,77.5,77.5
11/6/2020,84.9,84.9
11/5/2020,87,87
11/4/2020,89.9,89.9
11/3/2020,91.5,91.5
11/2/2020,94.4,94.4
10/30/2020,95.5,95.5
10/29/2020,65.4,65.4
10/28/2020,58.4,58.4
10/27/2020,62.4,62.4
10/26/2020,62,62
10/23/2020,71.9,71.9
10/22/2020,69.4,69.4
10/21/2020,69.3,69.3
10/20/2020,74.6,74.6
10/19/2020,77.9,77.9
10/16/2020,86.2,86.2
10/15/2020,89.2,89.2
10/14/2020,90.4,90.4
10/13/2020,91.2,91.2
10/12/2020,94.5,94.5
10/9/2020,101.1,101.1
10/8/2020,102.3,102.3
10/7/2020,102.3,102.3
10/6/2020,105,105
10/5/2020,105.4,105.4
10/2/2020,105.9,105.9
10/1/2020,110.2,110.2
9/30/2020,116.1,116.1
9/29/2020,111.6,111.6
9/28/2020,107.5,107.5
9/25/2020,111.5,111.5
9/24/2020,110.9,110.9
9/23/2020,108.1,108.1
9/22/2020,108.7,108.7
9/21/2020,109.6,109.6
9/18/2020,119.3,119.3
9/17/2020,120.6,120.6
9/16/2020,123.6,123.6
9/15/2020,123.7,123.7
9/14/2020,124.1,124.1
9/11/2020,128.3,128.3
9/10/2020,125.2,125.2
9/9/2020,126.1,126.1
9/8/2020,125.5,125.5
9/7/2020,126.7,126.7
9/4/2020,130.7,130.7
9/3/2020,132.9,132.9
9/2/2020,135.4,135.4
9/1/2020,141.9,141.9
8/31/2020,150.8,150.8
8/28/2020,164.9,164.9
8/27/2020,160.9,160.9
8/26/2020,158.6,158.6
8/25/2020,158.2,158.2
8/24/2020,154.7,154.7
8/21/2020,161.9,161.9
8/20/2020,169.5,169.5
8/19/2020,172.2,172.2
8/18/2020,172.4,172.4
8/17/2020,169.5,169.5
8/14/2020,181.8,181.8
8/13/2020,179.2,179.2
8/12/2020,178.7,178.7
8/11/2020,165.3,165.3
8/10/2020,163.2,163.2
8/7/2020,164.1,164.1
8/6/2020,161.1,161.1
8/5/2020,151.5,151.5
8/4/2020,156.9,156.9
8/3/2020,155.5,155.5
7/31/2020,159.5,159.5
7/30/2020,142.5,142.5
7/29/2020,140.7,140.7
7/28/2020,143,143
7/27/2020,141.6,141.6
7/24/2020,135.3,135.3
7/23/2020,116.3,116.3
7/22/2020,117.4,117.4
7/21/2020,117.2,117.2
7/20/2020,110.2,110.2
7/17/2020,103.3,103.3
7/16/2020,106.1,106.1
7/15/2020,96.6,96.6
7/14/2020,88.4,88.4
7/13/2020,89.3,89.3
7/10/2020,79.6,79.6
7/9/2020,74.7,74.7
7/8/2020,74.8,74.8
7/7/2020,71,71
7/6/2020,68.8,68.8
7/3/2020,54.6,54.6
7/2/2020,49.4,49.4
7/1/2020,47.4,47.4
6/30/2020,42,42
6/29/2020,36.1,36.1
6/26/2020,41.3,41.3
6/25/2020,42.5,42.5
6/24/2020,37.1,37.1
6/23/2020,35.4,35.4
6/22/2020,6.1,6.1
6/19/2020,-6.4,-6.4
6/18/2020,-5.2,-5.2
6/17/2020,-8.7,-8.7
6/16/2020,-3.9,-3.9
6/15/2020,-12.2,-12.2
6/12/2020,-22.3,-22.3
6/11/2020,-21.3,-21.3
6/10/2020,-23.3,-23.3
6/9/2020,-21.5,-21.5
6/8/2020,-21.4,-21.4
6/5/2020,-22.3,-22.3
6/4/2020,-47.7,-47.7
6/3/2020,-53,-53
6/2/2020,-89.3,-89.3
6/1/2020,-89.8,-89.8
5/29/2020,-92.6,-92.6
5/28/2020,-92.4,-92.4
5/27/2020,-92.2,-92.2
5/26/2020,-93.1,-93.1
5/22/2020,-96,-96
5/21/2020,-99.6,-99.6
5/20/2020,-118.6,-118.6
5/19/2020,-118.5,-118.5
5/18/2020,-122.2,-122.2
5/15/2020,-121.2,-121.2
5/14/2020,-110.9,-110.9
5/13/2020,-106.1,-106.1
5/12/2020,-109.9,-109.9
5/11/2020,-107.3,-107.3
5/8/2020,-105.9,-105.9
5/7/2020,-132.2,-132.2
5/6/2020,-126,-126
5/5/2020,-132.7,-132.7
5/4/2020,-137,-137
5/1/2020,-132.2,-132.2
4/30/2020,-138.6,-138.6
4/29/2020,-120.6,-120.6
4/28/2020,-106.1,-106.1
4/27/2020,-108.1,-108.1
4/24/2020,-108.8,-108.8
4/23/2020,-116.2,-116.2
4/22/2020,-59.6,-59.6
4/21/2020,-58.6,-58.6
4/20/2020,-67.3,-67.3
4/17/2020,-63.7,-63.7
4/16/2020,-64.5,-64.5
4/15/2020,-63.4,-63.4
4/14/2020,-46.3,-46.3
4/13/2020,-45.2,-45.2
4/9/2020,-40.2,-40.2
4/8/2020,-23.6,-23.6
4/7/2020,-24.6,-24.6
4/6/2020,-27.4,-27.4
4/3/2020,-24.8,-24.8
4/2/2020,-12.9,-12.9
4/1/2020,11.3,11.3
3/31/2020,-6.9,-6.9
3/30/2020,-4.7,-4.7
3/27/2020,-9.3,-9.3
3/26/2020,-8.7,-8.7
3/25/2020,17.5,17.5
3/24/2020,17.8,17.8
3/23/2020,29.9,29.9
3/20/2020,29.2,29.2
3/19/2020,28.4,28.4
3/18/2020,33.7,33.7
3/17/2020,29.6,29.6
3/16/2020,34.3,34.3
3/13/2020,39,39
3/12/2020,37.8,37.8
3/11/2020,36.5,36.5
3/10/2020,36.6,36.6
3/9/2020,34.6,34.6
3/6/2020,36.4,36.4
3/5/2020,30.4,30.4
3/4/2020,31.6,31.6
3/3/2020,29.5,29.5
3/2/2020,29,29
2/28/2020,27.2,27.2
2/27/2020,27.8,27.8
2/26/2020,24.1,24.1
2/25/2020,22.3,22.3
2/24/2020,22.4,22.4
2/21/2020,22.6,22.6
2/20/2020,19.6,19.6
2/19/2020,16.4,16.4
2/18/2020,8,8
2/17/2020,9.7,9.7
2/14/2020,12.6,12.6
2/13/2020,13.6,13.6
2/12/2020,13.8,13.8
2/11/2020,13.8,13.8
2/10/2020,12.3,12.3
2/7/2020,11.4,11.4
2/6/2020,14,14
2/5/2020,14.8,14.8
2/4/2020,8.2,8.2
2/3/2020,6.6,6.6
1/31/2020,3.5,3.5
1/30/2020,10.3,10.3
1/29/2020,8.9,8.9
1/28/2020,8.5,8.5
1/27/2020,7.8,7.8
1/24/2020,12.1,12.1
1/23/2020,9.8,9.8
1/22/2020,10,10
1/21/2020,10.7,10.7
1/20/2020,8.3,8.3
1/17/2020,8.2,8.2
1/16/2020,6.4,6.4
1/15/2020,0.9,0.9
1/14/2020,1.7,1.7
1/13/2020,5.1,5.1
1/10/2020,4.1,4.1
1/9/2020,3.9,3.9
1/8/2020,3.3,3.3
1/7/2020,1.6,1.6
1/6/2020,-0.4,-0.4
1/3/2020,-4.4,-4.4
1/2/2020,-1.6,-1.6
12/31/2019,-2.6,-2.6
12/30/2019,-3.3,-3.3
12/27/2019,-5,-5
12/26/2019,-5.9,-5.9
12/24/2019,-6.7,-6.7
12/23/2019,-6.9,-6.9
12/20/2019,-7.7,-7.7
12/19/2019,-9,-9
12/18/2019,-8.4,-8.4
12/17/2019,-11.2,-11.2
12/16/2019,-14.4,-14.4
12/13/2019,-8.5,-8.5
12/12/2019,-7.7,-7.7
12/11/2019,-3.7,-3.7
12/10/2019,-3.7,-3.7
12/9/2019,-5,-5
12/6/2019,-6,-6
12/5/2019,-6.2,-6.2
12/4/2019,-5.8,-5.8
12/3/2019,-2.2,-2.2
12/2/2019,-1.4,-1.4
11/29/2019,-0.8,-0.8
11/28/2019,0.8,0.8
11/27/2019,0.4,0.4
11/26/2019,-3.6,-3.6
11/25/2019,-4.5,-4.5
11/22/2019,-3.5,-3.5
11/21/2019,-5.3,-5.3
11/20/2019,-4.8,-4.8
11/19/2019,-3.5,-3.5
11/18/2019,-4.6,-4.6
11/15/2019,-3.3,-3.3
11/14/2019,1.1,1.1
11/13/2019,1.1,1.1
11/12/2019,1.1,1.1
11/11/2019,-0.4,-0.4
11/8/2019,3.6,3.6
11/7/2019,3.5,3.5
11/6/2019,2.9,2.9
11/5/2019,0.8,0.8
11/4/2019,0,0
11/1/2019,-0.7,-0.7
10/31/2019,-0.2,-0.2
10/30/2019,-2.3,-2.3
10/29/2019,-6.2,-6.2
10/28/2019,-5.6,-5.6
10/25/2019,-6.2,-6.2
10/24/2019,-6.2,-6.2
10/23/2019,-6.1,-6.1
10/22/2019,-5.2,-5.2
10/21/2019,-5.1,-5.1
10/18/2019,-6.5,-6.5
10/17/2019,-7,-7
10/16/2019,-5.4,-5.4
10/15/2019,-3.9,-3.9
10/14/2019,-4.5,-4.5
10/11/2019,-5.5,-5.5
10/10/2019,-8.5,-8.5
10/9/2019,-5.9,-5.9
10/8/2019,-5.6,-5.6
10/7/2019,-6,-6
10/4/2019,-4.6,-4.6
10/3/2019,-4.1,-4.1
10/2/2019,2,2
10/1/2019,3,3
9/30/2019,2.6,2.6
9/27/2019,2,2
9/26/2019,5.6,5.6
9/25/2019,5.5,5.5
9/24/2019,4,4
9/23/2019,5.1,5.1
9/20/2019,16.1,16.1
9/19/2019,16.3,16.3
9/18/2019,14.8,14.8
9/17/2019,8.9,8.9
9/16/2019,3.8,3.8
9/13/2019,3.3,3.3
9/12/2019,2.8,2.8
9/11/2019,-1.6,-1.6
9/10/2019,-1.8,-1.8
9/9/2019,-0.6,-0.6
9/6/2019,-3.2,-3.2
9/5/2019,-2.9,-2.9
9/4/2019,-8.2,-8.2
9/3/2019,-10.1,-10.1
9/2/2019,-7.9,-7.9
8/30/2019,-11.6,-11.6
8/29/2019,-10.7,-10.7
8/28/2019,-13,-13
8/27/2019,-13.6,-13.6
8/26/2019,-14.9,-14.9
8/23/2019,-14.2,-14.2
8/22/2019,-14.3,-14.3
8/21/2019,-17.6,-17.6
8/20/2019,-19.1,-19.1
8/19/2019,-20.7,-20.7
8/16/2019,-23,-23
8/15/2019,-20.8,-20.8
8/14/2019,-24.4,-24.4
8/13/2019,-25.9,-25.9
8/12/2019,-25.9,-25.9
8/9/2019,-28.3,-28.3
8/8/2019,-28.6,-28.6
8/7/2019,-29.7,-29.7
8/6/2019,-29.2,-29.2
8/5/2019,-31.9,-31.9
8/2/2019,-29.8,-29.8
8/1/2019,-29.7,-29.7
7/31/2019,-27.5,-27.5
7/30/2019,-25.3,-25.3
7/29/2019,-24.9,-24.9
7/26/2019,-23.9,-23.9
7/25/2019,-26,-26
7/24/2019,-27.3,-27.3
7/23/2019,-17.9,-17.9
7/22/2019,-16.5,-16.5
7/19/2019,-16.3,-16.3
7/18/2019,-15.2,-15.2
7/17/2019,-16.8,-16.8
7/16/2019,-15.4,-15.4
7/15/2019,-16.1,-16.1
7/12/2019,-16.9,-16.9
7/11/2019,-17.5,-17.5
7/10/2019,-21.3,-21.3
7/9/2019,-22.9,-22.9
7/8/2019,-22.5,-22.5
7/5/2019,-22.7,-22.7
7/4/2019,-24.3,-24.3
7/3/2019,-23.8,-23.8
7/2/2019,-21.8,-21.8
7/1/2019,-21.2,-21.2
6/28/2019,-24.8,-24.8
6/27/2019,-28.2,-28.2
6/26/2019,-23.7,-23.7
6/25/2019,-24.9,-24.9
6/24/2019,-21.7,-21.7
6/21/2019,-23,-23
6/20/2019,-26.4,-26.4
6/19/2019,-26.3,-26.3
6/18/2019,-29.5,-29.5
6/17/2019,-28.1,-28.1
6/14/2019,-26,-26
6/13/2019,-28.1,-28.1
6/12/2019,-29,-29
6/11/2019,-28.1,-28.1
6/10/2019,-29.2,-29.2
6/7/2019,-28.1,-28.1
6/6/2019,-22.8,-22.8
6/5/2019,-22.9,-22.9
6/4/2019,-18.2,-18.2
6/3/2019,-16.8,-16.8
5/31/2019,-13.6,-13.6
5/30/2019,-14.1,-14.1
5/29/2019,-14.1,-14.1
5/28/2019,-13.4,-13.4
5/24/2019,-18,-18
5/23/2019,-17.6,-17.6
5/22/2019,-12.1,-12.1
5/21/2019,-12.8,-12.8
5/20/2019,-12.4,-12.4
5/17/2019,-15.6,-15.6
5/16/2019,-19.3,-19.3
5/15/2019,-21.9,-21.9
5/14/2019,-16.6,-16.6
5/13/2019,-16.1,-16.1
5/10/2019,-20.8,-20.8
5/9/2019,-21.6,-21.6
5/8/2019,-21.9,-21.9
5/7/2019,-23.7,-23.7
5/6/2019,-24.8,-24.8
5/3/2019,-27.8,-27.8
5/2/2019,-32.4,-32.4
5/1/2019,-31.7,-31.7
4/30/2019,-32.4,-32.4
4/29/2019,-35.3,-35.3
4/26/2019,-34.1,-34.1
4/25/2019,-37.6,-37.6
4/24/2019,-36.5,-36.5
4/23/2019,-35.5,-35.5
4/22/2019,-37.1,-37.1
4/18/2019,-35.5,-35.5
4/17/2019,-37.7,-37.7
4/16/2019,-37.7,-37.7
4/15/2019,-35.6,-35.6
4/12/2019,-36.7,-36.7
4/11/2019,-36.6,-36.6
4/10/2019,-39.1,-39.1
4/9/2019,-37.9,-37.9
4/8/2019,-37.3,-37.3
4/5/2019,-38.3,-38.3
4/4/2019,-39.4,-39.4
4/3/2019,-38.1,-38.1
4/2/2019,-36.4,-36.4
4/1/2019,-37.3,-37.3
3/29/2019,-31.3,-31.3
3/28/2019,-33.3,-33.3
3/27/2019,-32.2,-32.2
3/26/2019,-31.6,-31.6
3/25/2019,-29.1,-29.1
3/22/2019,-31.3,-31.3
3/21/2019,-20.6,-20.6
3/20/2019,-22.3,-22.3
3/19/2019,-23.1,-23.1
3/18/2019,-25.1,-25.1
3/15/2019,-25.6,-25.6
3/14/2019,-25.2,-25.2
3/13/2019,-24.7,-24.7
3/12/2019,-29.2,-29.2
3/11/2019,-27.7,-27.7
3/8/2019,-32.6,-32.6
3/7/2019,-32.7,-32.7
3/6/2019,-34.2,-34.2
3/5/2019,-34.1,-34.1
3/4/2019,-41.1,-41.1
3/1/2019,-41.5,-41.5
2/28/2019,-34.6,-34.6
2/27/2019,-34.1,-34.1
2/26/2019,-33.5,-33.5
2/25/2019,-30.7,-30.7
2/22/2019,-31.5,-31.5
2/21/2019,-31.1,-31.1
2/20/2019,-32.3,-32.3
2/19/2019,-31.1,-31.1
2/18/2019,-32.3,-32.3
2/15/2019,-34.4,-34.4
2/14/2019,-32.2,-32.2
2/13/2019,-18,-18
2/12/2019,-17.4,-17.4
2/11/2019,-16.4,-16.4
2/8/2019,-15.7,-15.7
2/7/2019,-16.6,-16.6
2/6/2019,-13.8,-13.8
2/5/2019,-13.9,-13.9
2/4/2019,-15.6,-15.6
2/1/2019,-11.6,-11.6
1/31/2019,-22.5,-22.5
1/30/2019,-23.8,-23.8
1/29/2019,-24.3,-24.3
1/28/2019,-24,-24
1/25/2019,-25.6,-25.6
1/24/2019,-24.2,-24.2
1/23/2019,-23.6,-23.6
1/22/2019,-22.3,-22.3
1/21/2019,-23.3,-23.3
1/18/2019,-26.2,-26.2
1/17/2019,-25.7,-25.7
1/16/2019,-27.2,-27.2
1/15/2019,-28.4,-28.4
1/14/2019,-28.4,-28.4
1/11/2019,-30.3,-30.3
1/10/2019,-30.6,-30.6
1/9/2019,-30.9,-30.9
1/8/2019,-31.1,-31.1
1/7/2019,-28.5,-28.5
1/4/2019,-29.6,-29.6
1/3/2019,-33.6,-33.6
1/2/2019,-32.8,-32.8
12/31/2018,-33.5,-33.5
12/28/2018,-31.7,-31.7
12/27/2018,-32.2,-32.2
12/26/2018,-31.7,-31.7
12/24/2018,-33,-33
12/21/2018,-34,-34
12/20/2018,-31.2,-31.2
12/19/2018,-31.6,-31.6
12/18/2018,-31.1,-31.1
12/17/2018,-32.4,-32.4
12/14/2018,-29.7,-29.7
12/13/2018,-22,-22
12/12/2018,-23.4,-23.4
12/11/2018,-24,-24
12/10/2018,-24.6,-24.6
12/7/2018,-23.9,-23.9
12/6/2018,-23.6,-23.6
12/5/2018,-24.2,-24.2
12/4/2018,-24.9,-24.9
12/3/2018,-25.1,-25.1
11/30/2018,-28.3,-28.3
11/29/2018,-26,-26
11/28/2018,-27.8,-27.8
11/27/2018,-26.5,-26.5
11/26/2018,-26.5,-26.5
11/23/2018,-25.6,-25.6
11/22/2018,-22.3,-22.3
11/21/2018,-22.3,-22.3
11/20/2018,-20,-20
11/19/2018,-20.2,-20.2
11/16/2018,-17.8,-17.8
11/15/2018,-18.3,-18.3
11/14/2018,-19.4,-19.4
11/13/2018,-18.1,-18.1
11/12/2018,-18.7,-18.7
11/9/2018,-18.7,-18.7
11/8/2018,-17.7,-17.7
11/7/2018,-15.6,-15.6
11/6/2018,-15.1,-15.1
11/5/2018,-17.2,-17.2
11/2/2018,-18.9,-18.9
11/1/2018,-21.6,-21.6
10/31/2018,-19.4,-19.4
10/30/2018,-20.6,-20.6
10/29/2018,-16.6,-16.6
10/26/2018,-18.5,-18.5
10/25/2018,-19.3,-19.3
10/24/2018,-19,-19
10/23/2018,-12.7,-12.7
10/22/2018,-12.9,-12.9
10/19/2018,-14,-14
10/18/2018,-12.3,-12.3
10/17/2018,-9.8,-9.8
10/16/2018,-8.3,-8.3
10/15/2018,-8.2,-8.2
10/12/2018,-7.4,-7.4
10/11/2018,-8,-8
10/10/2018,-5.1,-5.1
10/9/2018,-7,-7
10/8/2018,-6.5,-6.5
10/5/2018,-6,-6
10/4/2018,-5.8,-5.8
10/3/2018,-6.7,-6.7
10/2/2018,-11.7,-11.7
10/1/2018,-11.3,-11.3
9/28/2018,-7.8,-7.8
9/27/2018,-4.4,-4.4
9/26/2018,-3.6,-3.6
9/25/2018,-2.7,-2.7
9/24/2018,-2.9,-2.9
9/21/2018,-2.8,-2.8
9/20/2018,-1.8,-1.8
9/19/2018,-3,-3
9/18/2018,-3.9,-3.9
9/17/2018,-4,-4
9/14/2018,-3,-3
9/13/2018,-3.1,-3.1
9/12/2018,-1.6,-1.6
9/11/2018,0.1,0.1
9/10/2018,0.8,0.8
9/7/2018,1.2,1.2
9/6/2018,3.1,3.1
9/5/2018,3.6,3.6
9/4/2018,3,3
9/3/2018,-2.4,-2.4
8/31/2018,-3.3,-3.3
8/30/2018,-3,-3
8/29/2018,-2.2,-2.2
8/28/2018,-3.1,-3.1
8/27/2018,-2.8,-2.8
8/24/2018,-5.2,-5.2
8/23/2018,-5.8,-5.8
8/22/2018,-5.6,-5.6
8/21/2018,-5.5,-5.5
8/20/2018,-5.4,-5.4
8/17/2018,-7.5,-7.5
8/16/2018,-8,-8
8/15/2018,-4,-4
8/14/2018,-6.1,-6.1
8/13/2018,-9.4,-9.4
8/10/2018,-11.1,-11.1
8/9/2018,-13.2,-13.2
8/8/2018,-12.7,-12.7
8/7/2018,-12.3,-12.3
8/6/2018,-12.7,-12.7
8/3/2018,-12.4,-12.4
8/2/2018,-5.3,-5.3
8/1/2018,-6.5,-6.5
7/31/2018,-6.4,-6.4
7/30/2018,-6.3,-6.3
7/27/2018,-8.1,-8.1
7/26/2018,-7,-7
7/25/2018,-8.2,-8.2
7/24/2018,-7,-7
7/23/2018,-7.7,-7.7
7/20/2018,-7.6,-7.6
7/19/2018,-8.6,-8.6
7/18/2018,-9.4,-9.4
7/17/2018,-2.5,-2.5
7/16/2018,-1.9,-1.9
7/13/2018,-3.5,-3.5
7/12/2018,-3.4,-3.4
7/11/2018,-4.3,-4.3
7/10/2018,-5.2,-5.2
7/9/2018,-4.5,-4.5
7/6/2018,-9.3,-9.3
7/5/2018,-12.9,-12.9
7/4/2018,-14.3,-14.3
7/3/2018,-15.8,-15.8
7/2/2018,-17.7,-17.7
6/29/2018,-25.7,-25.7
6/28/2018,-28.8,-28.8
6/27/2018,-28.2,-28.2
6/26/2018,-28.7,-28.7
6/25/2018,-29.4,-29.4
6/22/2018,-30.9,-30.9
6/21/2018,-32.7,-32.7
6/20/2018,-32.5,-32.5
6/19/2018,-32.4,-32.4
6/18/2018,-33.2,-33.2
6/15/2018,-34.6,-34.6
6/14/2018,-34.4,-34.4
6/13/2018,-38.3,-38.3
6/12/2018,-37.5,-37.5
6/11/2018,-38.3,-38.3
6/8/2018,-37.8,-37.8
6/7/2018,-33.8,-33.8
6/6/2018,-31.4,-31.4
6/5/2018,-32.1,-32.1
6/4/2018,-32.4,-32.4
6/1/2018,-30.7,-30.7
5/31/2018,-32.3,-32.3
5/30/2018,-35.1,-35.1
5/29/2018,-32.7,-32.7
5/25/2018,-34.2,-34.2
5/24/2018,-36.3,-36.3
5/23/2018,-36.5,-36.5
5/22/2018,-29.9,-29.9
5/21/2018,-30.6,-30.6
5/18/2018,-33.1,-33.1
5/17/2018,-32.8,-32.8
5/16/2018,-33.8,-33.8
5/15/2018,-30.4,-30.4
5/14/2018,-29.8,-29.8
5/11/2018,-30.6,-30.6
5/10/2018,-30.6,-30.6
5/9/2018,-29.3,-29.3
5/8/2018,-28.9,-28.9
5/7/2018,-28.6,-28.6
5/4/2018,-27.3,-27.3
5/3/2018,-23.3,-23.3
5/2/2018,-20.1,-20.1
5/1/2018,-20.4,-20.4
4/30/2018,-18.7,-18.7
4/27/2018,-19.1,-19.1
4/26/2018,-21.4,-21.4
4/25/2018,-20.9,-20.9
4/24/2018,-21.2,-21.2
4/23/2018,-24.3,-24.3
4/20/2018,-28.1,-28.1
4/19/2018,-27.5,-27.5
4/18/2018,-27.4,-27.4
4/17/2018,-24.7,-24.7
4/16/2018,-26.6,-26.6
4/13/2018,-25.2,-25.2
4/12/2018,-24,-24
4/11/2018,-22.3,-22.3
4/10/2018,-22.7,-22.7
4/9/2018,-20.5,-20.5
4/6/2018,-17.5,-17.5
4/5/2018,-12.5,-12.5
4/4/2018,-8.9,-8.9
4/3/2018,-7.1,-7.1
4/2/2018,-5.9,-5.9
3/29/2018,-1.3,-1.3
3/28/2018,-1,-1
3/27/2018,-1.8,-1.8
3/26/2018,-1.1,-1.1
3/23/2018,-1.5,-1.5
3/22/2018,-4.9,-4.9
3/21/2018,0.9,0.9
3/20/2018,1.5,1.5
3/19/2018,3.7,3.7
3/16/2018,5.6,5.6
3/15/2018,3.3,3.3
3/14/2018,3.2,3.2
3/13/2018,5.5,5.5
3/12/2018,7.2,7.2
3/9/2018,10.1,10.1
3/8/2018,8.6,8.6
3/7/2018,8.9,8.9
3/6/2018,9.1,9.1
3/5/2018,9.9,9.9
3/2/2018,12.3,12.3
3/1/2018,12.2,12.2
2/28/2018,9.9,9.9
2/27/2018,15.7,15.7
2/26/2018,16.2,16.2
2/23/2018,20.5,20.5
2/22/2018,20.2,20.2
2/21/2018,23.5,23.5
2/20/2018,30.2,30.2
2/19/2018,32.2,32.2
2/16/2018,32.9,32.9
2/15/2018,27.5,27.5
2/14/2018,32,32
2/13/2018,33.9,33.9
2/12/2018,34,34
2/9/2018,36.5,36.5
2/8/2018,38.6,38.6
2/7/2018,39.6,39.6
2/6/2018,39.7,39.7
2/5/2018,39.2,39.2
2/2/2018,36,36
2/1/2018,34.9,34.9
1/31/2018,34.4,34.4
1/30/2018,34.5,34.5
1/29/2018,38.5,38.5
1/26/2018,39.8,39.8
1/25/2018,42.6,42.6
1/24/2018,45.4,45.4
1/23/2018,43.8,43.8
1/22/2018,43.4,43.4
1/19/2018,48.9,48.9
1/18/2018,50.6,50.6
1/17/2018,52.6,52.6
1/16/2018,49.3,49.3
1/15/2018,49.7,49.7
1/12/2018,51.2,51.2
1/11/2018,50.7,50.7
1/10/2018,51.2,51.2
1/9/2018,51.7,51.7
1/8/2018,52.2,52.2
1/5/2018,51.3,51.3
1/4/2018,52.4,52.4
1/3/2018,51.2,51.2
1/2/2018,48.4,48.4
12/29/2017,51.6,51.6
12/28/2017,52.5,52.5
12/27/2017,52.9,52.9
12/26/2017,53.2,53.2
12/22/2017,56.1,56.1
12/21/2017,50.9,50.9
12/20/2017,52.2,52.2
12/19/2017,53.9,53.9
12/18/2017,53.6,53.6
12/15/2017,54.8,54.8
12/14/2017,56.5,56.5
12/13/2017,45.4,45.4
12/12/2017,47.5,47.5
12/11/2017,45.4,45.4
12/8/2017,48.3,48.3
12/7/2017,43.5,43.5
12/6/2017,45.9,45.9
12/5/2017,46.3,46.3
12/4/2017,48.4,48.4
12/1/2017,46.5,46.5
11/30/2017,43.5,43.5
11/29/2017,48.1,48.1
11/28/2017,49.1,49.1
11/27/2017,48.9,48.9
11/24/2017,48.2,48.2
11/23/2017,49.5,49.5
11/22/2017,39.5,39.5
11/21/2017,41.1,41.1
11/20/2017,40.9,40.9
11/17/2017,42.5,42.5
11/16/2017,37.9,37.9
11/15/2017,34.7,34.7
11/14/2017,36.3,36.3
11/13/2017,36.2,36.2
11/10/2017,37.5,37.5
11/9/2017,38.5,38.5
11/8/2017,41.4,41.4
11/7/2017,41.2,41.2
11/6/2017,41.2,41.2
11/3/2017,40.9,40.9
11/2/2017,40.3,40.3
11/1/2017,39.7,39.7
10/31/2017,39.3,39.3
10/30/2017,41.8,41.8
10/27/2017,39.2,39.2
10/26/2017,36.2,36.2
10/25/2017,35.4,35.4
10/24/2017,24.7,24.7
10/23/2017,23.7,23.7
10/20/2017,24.3,24.3
10/19/2017,26,26
10/18/2017,26.5,26.5
10/17/2017,28.8,28.8
10/16/2017,27.7,27.7
10/13/2017,28.4,28.4
10/12/2017,29.8,29.8
10/11/2017,29.1,29.1
10/10/2017,27.9,27.9
10/9/2017,26.3,26.3
10/6/2017,23.8,23.8
10/5/2017,26.5,26.5
10/4/2017,25.4,25.4
10/3/2017,23.1,23.1
10/2/2017,23.8,23.8
9/29/2017,19.2,19.2
9/28/2017,21.4,21.4
9/27/2017,18.7,18.7
9/26/2017,14.2,14.2
9/25/2017,17,17
9/22/2017,19.6,19.6
9/21/2017,11.7,11.7
9/20/2017,8.4,8.4
9/19/2017,5,5
9/18/2017,2.3,2.3
9/15/2017,4.2,4.2
9/14/2017,9.8,9.8
9/13/2017,8,8
9/12/2017,7.3,7.3
9/11/2017,5,5
9/8/2017,1.7,1.7
9/7/2017,-0.1,-0.1
9/6/2017,3.2,3.2
9/5/2017,3.7,3.7
9/4/2017,6.3,6.3
9/1/2017,5.1,5.1
8/31/2017,3.5,3.5
8/30/2017,4.9,4.9
8/29/2017,-0.1,-0.1
8/28/2017,-0.2,-0.2
8/25/2017,-2.6,-2.6
8/24/2017,-4.2,-4.2
8/23/2017,-4.5,-4.5
8/22/2017,-4,-4
8/21/2017,-4.5,-4.5
8/18/2017,-5.1,-5.1
8/17/2017,-5.9,-5.9
8/16/2017,-6.7,-6.7
8/15/2017,-4.6,-4.6
8/14/2017,-7.8,-7.8
8/11/2017,-10.9,-10.9
8/10/2017,-8.2,-8.2
8/9/2017,-6.3,-6.3
8/8/2017,-8,-8
8/7/2017,-10.6,-10.6
8/4/2017,-10,-10
8/3/2017,-11.8,-11.8
8/2/2017,-12.7,-12.7
8/1/2017,-12.3,-12.3
7/31/2017,-11.1,-11.1
7/28/2017,-12.8,-12.8
7/27/2017,-15.4,-15.4
7/26/2017,-16.6,-16.6
7/25/2017,-17.2,-17.2
7/24/2017,-18.3,-18.3
7/21/2017,-16.6,-16.6
7/20/2017,-16.2,-16.2
7/19/2017,-17.3,-17.3
7/18/2017,-20.6,-20.6
7/17/2017,-17.2,-17.2
7/14/2017,-18.3,-18.3
7/13/2017,-12.4,-12.4
7/12/2017,-13,-13
7/11/2017,-13.9,-13.9
7/10/2017,-12.6,-12.6
7/7/2017,-10.8,-10.8
7/6/2017,-13.7,-13.7
7/5/2017,-13.2,-13.2
7/4/2017,-15.7,-15.7
7/3/2017,-16,-16
6/30/2017,-20.5,-20.5
6/29/2017,-20.9,-20.9
6/28/2017,-25.8,-25.8
6/27/2017,-26.9,-26.9
6/26/2017,-27.8,-27.8
6/23/2017,-26.3,-26.3
6/22/2017,-22.2,-22.2
6/21/2017,-23.4,-23.4
6/20/2017,-23.2,-23.2
6/19/2017,-22.4,-22.4
6/16/2017,-19.7,-19.7
6/15/2017,-12.2,-12.2
6/14/2017,-10,-10
6/13/2017,-4.1,-4.1
6/12/2017,-4.2,-4.2
6/9/2017,-1.5,-1.5
6/8/2017,-1.9,-1.9
6/7/2017,-0.5,-0.5
6/6/2017,1.2,1.2
6/5/2017,0.4,0.4
6/2/2017,2,2
6/1/2017,3.5,3.5
5/31/2017,2,2
5/30/2017,3.9,3.9
5/26/2017,6.1,6.1
5/25/2017,6.6,6.6
5/24/2017,7.4,7.4
5/23/2017,7.5,7.5
5/22/2017,8.4,8.4
5/19/2017,10.2,10.2
5/18/2017,11.5,11.5
5/17/2017,9.2,9.2
5/16/2017,9.6,9.6
5/15/2017,12.1,12.1
5/12/2017,13.9,13.9
5/11/2017,18.1,18.1
5/10/2017,18.5,18.5
5/9/2017,19.1,19.1
5/8/2017,19.5,19.5
5/5/2017,20.5,20.5
5/4/2017,20.2,20.2
5/3/2017,19.4,19.4
5/2/2017,18.2,18.2
5/1/2017,18.9,18.9
4/28/2017,26.1,26.1
4/27/2017,28.5,28.5
4/26/2017,26.4,26.4
4/25/2017,26.1,26.1
4/24/2017,23.8,23.8
4/21/2017,25,25
4/20/2017,24.6,24.6
4/19/2017,21,21
4/18/2017,21.1,21.1
4/17/2017,22.7,22.7
4/13/2017,34.5,34.5
4/12/2017,33.2,33.2
4/11/2017,33.5,33.5
4/10/2017,33.2,33.2
4/7/2017,33,33
4/6/2017,35.2,35.2
4/5/2017,35,35
4/4/2017,36.9,36.9
4/3/2017,37.3,37.3
3/31/2017,41.8,41.8
3/30/2017,44.1,44.1
3/29/2017,45.8,45.8
3/28/2017,45.8,45.8
3/27/2017,46,46
3/24/2017,47.4,47.4
3/23/2017,39.8,39.8
3/22/2017,39.2,39.2
3/21/2017,38.8,38.8
3/20/2017,38.2,38.2
3/17/2017,39.4,39.4
3/16/2017,40.2,40.2
3/15/2017,41.3,41.3
3/14/2017,36.8,36.8
3/13/2017,38.1,38.1
3/10/2017,41.3,41.3
3/9/2017,40.2,40.2
3/8/2017,40.7,40.7
3/7/2017,38.9,38.9
3/6/2017,42,42
3/3/2017,41.8,41.8
3/2/2017,41.1,41.1
3/1/2017,40.9,40.9
2/28/2017,41.9,41.9
2/27/2017,43.6,43.6
2/24/2017,46.5,46.5
2/23/2017,45.3,45.3
2/22/2017,46.5,46.5
2/21/2017,45.1,45.1
2/20/2017,38,38
2/17/2017,42.6,42.6
2/16/2017,43.6,43.6
2/15/2017,40.1,40.1
2/14/2017,35,35
2/13/2017,37.4,37.4
2/10/2017,40.5,40.5
2/9/2017,38.5,38.5
2/8/2017,38.2,38.2
2/7/2017,39.3,39.3
2/6/2017,43.1,43.1
2/3/2017,42,42
2/2/2017,40.4,40.4
2/1/2017,40.3,40.3
1/31/2017,36.9,36.9
1/30/2017,36.1,36.1
1/27/2017,36.6,36.6
1/26/2017,38,38
1/25/2017,40.7,40.7
1/24/2017,40.7,40.7
1/23/2017,40.2,40.2
1/20/2017,43.4,43.4
1/19/2017,46.2,46.2
1/18/2017,44.6,44.6
1/17/2017,44.8,44.8
1/16/2017,45.1,45.1
1/13/2017,45.7,45.7
1/12/2017,47.5,47.5
1/11/2017,45.8,45.8
1/10/2017,45.6,45.6
1/9/2017,40.8,40.8
1/6/2017,40.9,40.9
1/5/2017,36.9,36.9
1/4/2017,35.7,35.7
1/3/2017,32.4,32.4
12/30/2016,33,33
12/29/2016,33.6,33.6
12/28/2016,33.5,33.5
12/27/2016,31.7,31.7
12/23/2016,36.3,36.3
12/22/2016,35.1,35.1
12/21/2016,35.8,35.8
12/20/2016,36.5,36.5
12/19/2016,36.5,36.5
12/16/2016,35,35
12/15/2016,40.9,40.9
12/14/2016,34.4,34.4
12/13/2016,37,37
12/12/2016,35.7,35.7
12/9/2016,35.8,35.8
12/8/2016,35.7,35.7
12/7/2016,36.4,36.4
12/6/2016,38.3,38.3
12/5/2016,36,36
12/2/2016,35.5,35.5
12/1/2016,32.5,32.5
11/30/2016,31.4,31.4
11/29/2016,32.3,32.3
11/28/2016,30.5,30.5
11/25/2016,29,29
11/24/2016,28.8,28.8
11/23/2016,28.3,28.3
11/22/2016,22.2,22.2
11/21/2016,21.7,21.7
11/18/2016,23.4,23.4
11/17/2016,23.4,23.4
11/16/2016,17.3,17.3
11/15/2016,18.2,18.2
11/14/2016,16.1,16.1
11/11/2016,14.2,14.2
11/10/2016,13.3,13.3
11/9/2016,12.6,12.6
11/8/2016,13.2,13.2
11/7/2016,13.3,13.3
11/4/2016,13.5,13.5
11/3/2016,14.3,14.3
11/2/2016,15.6,15.6
11/1/2016,14.7,14.7
10/31/2016,14.5,14.5
10/28/2016,15.5,15.5
10/27/2016,11.4,11.4
10/26/2016,11.2,11.2
10/25/2016,10.6,10.6
10/24/2016,9.7,9.7
10/21/2016,-0.6,-0.6
10/20/2016,0.6,0.6
10/19/2016,1.5,1.5
10/18/2016,5.2,5.2
10/17/2016,8.3,8.3
10/14/2016,10,10
10/13/2016,10.8,10.8
10/12/2016,10.4,10.4
10/11/2016,11,11
10/10/2016,9.9,9.9
10/7/2016,8.5,8.5
10/6/2016,7.5,7.5
10/5/2016,6.7,6.7
10/4/2016,3.4,3.4
10/3/2016,3.3,3.3
9/30/2016,3,3
9/29/2016,2.2,2.2
9/28/2016,-2.8,-2.8
9/27/2016,-2.7,-2.7
9/26/2016,-2.5,-2.5
9/23/2016,-4.7,-4.7
9/22/2016,-5.7,-5.7
9/21/2016,-3.8,-3.8
9/20/2016,-0.4,-0.4
9/19/2016,1.9,1.9
9/16/2016,0.4,0.4
9/15/2016,-1.9,-1.9
9/14/2016,0.1,0.1
9/13/2016,-0.2,-0.2
9/12/2016,0.9,0.9
9/9/2016,-0.2,-0.2
9/8/2016,1.2,1.2
9/7/2016,0.2,0.2
9/6/2016,1.5,1.5
9/5/2016,4.2,4.2
9/2/2016,4.6,4.6
9/1/2016,6,6
8/31/2016,9.8,9.8
8/30/2016,11.8,11.8
8/29/2016,14.3,14.3
8/26/2016,16.8,16.8
8/25/2016,17.3,17.3
8/24/2016,19.5,19.5
8/23/2016,19.6,19.6
8/22/2016,15.8,15.8
8/19/2016,17.1,17.1
8/18/2016,18.5,18.5
8/17/2016,17.8,17.8
8/16/2016,17.4,17.4
8/15/2016,18.4,18.4
8/12/2016,22.3,22.3
8/11/2016,24.5,24.5
8/10/2016,24.8,24.8
8/9/2016,24.1,24.1
8/8/2016,24.9,24.9
8/5/2016,25.3,25.3
8/4/2016,26.4,26.4
8/3/2016,25.9,25.9
8/2/2016,25.2,25.2
8/1/2016,24.7,24.7
7/29/2016,25.6,25.6
7/28/2016,31.7,31.7
7/27/2016,28.9,28.9
7/26/2016,29.5,29.5
7/25/2016,28.4,28.4
7/22/2016,24.7,24.7
7/21/2016,19.5,19.5
7/20/2016,17.5,17.5
7/19/2016,17.2,17.2
7/18/2016,18.3,18.3
7/15/2016,16.9,16.9
7/14/2016,14.1,14.1
7/13/2016,13.1,13.1
7/12/2016,13.1,13.1
7/11/2016,12.3,12.3
7/8/2016,11.6,11.6
7/7/2016,9.6,9.6
7/6/2016,8.7,8.7
7/5/2016,6.8,6.8
7/4/2016,6.1,6.1
7/1/2016,5.7,5.7
6/30/2016,0.3,0.3
6/29/2016,0.7,0.7
6/28/2016,-0.5,-0.5
6/27/2016,-0.6,-0.6
6/24/2016,-0.8,-0.8
6/23/2016,-0.2,-0.2
6/22/2016,0.7,0.7
6/21/2016,0.1,0.1
6/20/2016,-2.8,-2.8
6/17/2016,-2.1,-2.1
6/16/2016,-2.3,-2.3
6/15/2016,-3.2,-3.2
6/14/2016,-3.2,-3.2
6/13/2016,-3.4,-3.4
6/10/2016,-2.2,-2.2
6/9/2016,-3,-3
6/8/2016,-2.3,-2.3
6/7/2016,-1.3,-1.3
6/6/2016,-0.9,-0.9
6/3/2016,0.7,0.7
6/2/2016,4.5,4.5
6/1/2016,4.5,4.5
5/31/2016,4.7,4.7
5/27/2016,-0.3,-0.3
5/26/2016,1.6,1.6
5/25/2016,0.8,0.8
5/24/2016,-0.1,-0.1
5/23/2016,-3.8,-3.8
5/20/2016,-3.2,-3.2
5/19/2016,-3.8,-3.8
5/18/2016,-6.7,-6.7
5/17/2016,-9.3,-9.3
5/16/2016,-11.7,-11.7
5/13/2016,-11.1,-11.1
5/12/2016,-13.8,-13.8
5/11/2016,-11.9,-11.9
5/10/2016,-11.9,-11.9
5/9/2016,-12.4,-12.4
5/6/2016,-14.4,-14.4
5/5/2016,-12.2,-12.2
5/4/2016,-11.5,-11.5
5/3/2016,-11.8,-11.8
5/2/2016,-11.9,-11.9
4/29/2016,-12.4,-12.4
4/28/2016,-11.8,-11.8
4/27/2016,-14.9,-14.9
4/26/2016,-14.4,-14.4
4/25/2016,-13.8,-13.8
4/22/2016,-14.4,-14.4
4/21/2016,-13.7,-13.7
4/20/2016,-13,-13
4/19/2016,-12.7,-12.7
4/18/2016,-8.8,-8.8
4/15/2016,-11.3,-11.3
4/14/2016,-9.6,-9.6
4/13/2016,-8.6,-8.6
4/12/2016,-8.1,-8.1
4/11/2016,-8.8,-8.8
4/8/2016,-11.6,-11.6
4/7/2016,-13.1,-13.1
4/6/2016,-14.2,-14.2
4/5/2016,-15.2,-15.2
4/4/2016,-10.6,-10.6
4/1/2016,-10,-10
3/31/2016,-8.2,-8.2
3/30/2016,-12.8,-12.8
3/29/2016,-11.9,-11.9
3/28/2016,-12,-12
3/25/2016,-14.4,-14.4
3/24/2016,-14.7,-14.7
3/23/2016,-12.3,-12.3
3/22/2016,-12.6,-12.6
3/21/2016,-15.5,-15.5
3/18/2016,-15.4,-15.4
3/17/2016,-15.8,-15.8
3/16/2016,-17.5,-17.5
3/15/2016,-19.3,-19.3
3/14/2016,-20.5,-20.5
3/11/2016,-24.9,-24.9
3/10/2016,-25,-25
3/9/2016,-26.5,-26.5
3/8/2016,-26.2,-26.2
3/7/2016,-28.3,-28.3
3/4/2016,-27.2,-27.2
3/3/2016,-26.4,-26.4
3/2/2016,-26.2,-26.2
3/1/2016,-27.3,-27.3
2/29/2016,-31.5,-31.5
2/26/2016,-30,-30
2/25/2016,-31.6,-31.6
2/24/2016,-35.2,-35.2
2/23/2016,-34.7,-34.7
2/22/2016,-32.6,-32.6
2/19/2016,-28.2,-28.2
2/18/2016,-30.2,-30.2
2/17/2016,-31,-31
2/16/2016,-31.2,-31.2
2/15/2016,-30.4,-30.4
2/12/2016,-30.6,-30.6
2/11/2016,-31.7,-31.7
2/10/2016,-32.7,-32.7
2/9/2016,-31.6,-31.6
2/8/2016,-30,-30
2/5/2016,-31.5,-31.5
2/4/2016,-32.2,-32.2
2/3/2016,-31.7,-31.7
2/2/2016,-30.8,-30.8
2/1/2016,-31.3,-31.3
1/29/2016,-31,-31
1/28/2016,-30.2,-30.2
1/27/2016,-21,-21
1/26/2016,-23.4,-23.4
1/25/2016,-23.2,-23.2
1/22/2016,-21.9,-21.9
1/21/2016,-17.9,-17.9
1/20/2016,-16.7,-16.7
1/19/2016,-12.1,-12.1
1/18/2016,-11.5,-11.5
1/15/2016,-10.2,-10.2
1/14/2016,-6.9,-6.9
1/13/2016,-3.8,-3.8
1/12/2016,-3.3,-3.3
1/11/2016,-1.7,-1.7
1/8/2016,-0.5,-0.5
1/7/2016,-2.8,-2.8
1/6/2016,-5.7,-5.7
1/5/2016,-8,-8
1/4/2016,-7,-7
1/1/2016,-7.5,-7.5
12/31/2015,-8,-8
12/30/2015,-6.5,-6.5
12/29/2015,-7.3,-7.3
12/28/2015,-7.8,-7.8
12/24/2015,-6.4,-6.4
12/23/2015,-6.4,-6.4
12/22/2015,-2.8,-2.8
12/21/2015,-2.9,-2.9
12/18/2015,-0.5,-0.5
12/17/2015,0.4,0.4
12/16/2015,0.3,0.3
12/15/2015,0.5,0.5
12/14/2015,1,1
12/11/2015,-2.4,-2.4
12/10/2015,-3.3,-3.3
12/9/2015,-3.8,-3.8
12/8/2015,-7.5,-7.5
12/7/2015,-10,-10
12/4/2015,-9.9,-9.9
12/3/2015,-8.8,-8.8
12/2/2015,-6.1,-6.1
12/1/2015,-4.4,-4.4
11/30/2015,-2.4,-2.4
11/27/2015,-1,-1
11/26/2015,0.9,0.9
11/25/2015,0.5,0.5
11/24/2015,1,1
11/23/2015,2.1,2.1
11/20/2015,1.1,1.1
11/19/2015,1.8,1.8
11/18/2015,3,3
11/17/2015,6,6
11/16/2015,7.3,7.3
11/13/2015,7.4,7.4
11/12/2015,7.9,7.9
11/11/2015,6.2,6.2
11/10/2015,6.4,6.4
11/9/2015,10.2,10.2
11/6/2015,9.5,9.5
11/5/2015,6.7,6.7
11/4/2015,8.9,8.9
11/3/2015,6,6
11/2/2015,6.2,6.2
10/30/2015,5.6,5.6
10/29/2015,5,5
10/28/2015,1.4,1.4
10/27/2015,1.5,1.5
10/26/2015,3.7,3.7
10/23/2015,7.7,7.7
10/22/2015,1.9,1.9
10/21/2015,1.3,1.3
10/20/2015,0.2,0.2
10/19/2015,-1.7,-1.7
10/16/2015,-3.3,-3.3
10/15/2015,-5.1,-5.1
10/14/2015,-8.2,-8.2
10/13/2015,-6.7,-6.7
10/12/2015,-5.8,-5.8
10/9/2015,-6.8,-6.8
10/8/2015,-7.1,-7.1
10/7/2015,-7.7,-7.7
10/6/2015,-6.1,-6.1
10/5/2015,-4.4,-4.4
10/2/2015,0.5,0.5
10/1/2015,2.6,2.6
9/30/2015,0.8,0.8
9/29/2015,3.7,3.7
9/28/2015,-2.1,-2.1
9/25/2015,-3.6,-3.6
9/24/2015,-4.3,-4.3
9/23/2015,-6,-6
9/22/2015,-6.1,-6.1
9/21/2015,-5.6,-5.6
9/18/2015,-4.4,-4.4
9/17/2015,-4.1,-4.1
9/16/2015,-2.2,-2.2
9/15/2015,-1.6,-1.6
9/14/2015,1.4,1.4
9/11/2015,0.7,0.7
9/10/2015,2.3,2.3
9/9/2015,3.4,3.4
9/8/2015,4.5,4.5
9/7/2015,3.2,3.2
9/4/2015,5.2,5.2
9/3/2015,5.9,5.9
9/2/2015,5.3,5.3
9/1/2015,7.4,7.4
8/31/2015,6.4,6.4
8/28/2015,7.8,7.8
8/27/2015,9.4,9.4
8/26/2015,6.7,6.7
8/25/2015,4.4,4.4
8/24/2015,2.2,2.2
8/21/2015,2.8,2.8
8/20/2015,1,1
8/19/2015,1.4,1.4
8/18/2015,4.9,4.9
8/17/2015,3.7,3.7
8/14/2015,4.7,4.7
8/13/2015,5.7,5.7
8/12/2015,6.8,6.8
8/11/2015,6.3,6.3
8/10/2015,7.4,7.4
8/7/2015,8.2,8.2
8/6/2015,10,10
8/5/2015,8.4,8.4
8/4/2015,3.1,3.1
8/3/2015,3,3
7/31/2015,3.3,3.3
7/30/2015,2.9,2.9
7/29/2015,0.1,0.1
7/28/2015,-0.3,-0.3
7/27/2015,2.7,2.7
7/24/2015,1.1,1.1
7/23/2015,8.5,8.5
7/22/2015,6.6,6.6
7/21/2015,6.6,6.6
7/20/2015,5.1,5.1
7/17/2015,3.1,3.1
7/16/2015,1.9,1.9
7/15/2015,1.6,1.6
7/14/2015,2,2
7/13/2015,4.5,4.5
7/10/2015,2.9,2.9
7/9/2015,0.8,0.8
7/8/2015,0,0
7/7/2015,-1.5,-1.5
7/6/2015,-1.6,-1.6
7/3/2015,-3,-3
7/2/2015,-1.4,-1.4
7/1/2015,-0.7,-0.7
6/30/2015,-5.1,-5.1
6/29/2015,-2.4,-2.4
6/26/2015,0.8,0.8
6/25/2015,-0.4,-0.4
6/24/2015,-1.5,-1.5
6/23/2015,-0.9,-0.9
6/22/2015,-7.3,-7.3
6/19/2015,-5.3,-5.3
6/18/2015,-4.1,-4.1
6/17/2015,-2.7,-2.7
6/16/2015,-3,-3
6/15/2015,-0.9,-0.9
6/12/2015,-1.3,-1.3
6/11/2015,-3,-3
6/10/2015,-5.5,-5.5
6/9/2015,-7.1,-7.1
6/8/2015,-8.2,-8.2
6/5/2015,-11.3,-11.3
6/4/2015,-13.9,-13.9
6/3/2015,-14.3,-14.3
6/2/2015,-17.9,-17.9
6/1/2015,-20.5,-20.5
5/29/2015,-21,-21
5/28/2015,-21,-21
5/27/2015,-19.5,-19.5
5/26/2015,-20.2,-20.2
5/22/2015,-22.2,-22.2
5/21/2015,-23.3,-23.3
5/20/2015,-19.5,-19.5
5/19/2015,-20.9,-20.9
5/18/2015,-22.4,-22.4
5/15/2015,-22.3,-22.3
5/14/2015,-18.5,-18.5
5/13/2015,-19.6,-19.6
5/12/2015,-20.1,-20.1
5/11/2015,-19.9,-19.9
5/8/2015,-19.8,-19.8
5/7/2015,-18.6,-18.6
5/6/2015,-19.3,-19.3
5/5/2015,-23.1,-23.1
5/4/2015,-18.3,-18.3
5/1/2015,-19.7,-19.7
4/30/2015,-19.3,-19.3
4/29/2015,-22.5,-22.5
4/28/2015,-19.8,-19.8
4/27/2015,-16.6,-16.6
4/24/2015,-16.3,-16.3
4/23/2015,-18.9,-18.9
4/22/2015,-8.7,-8.7
4/21/2015,-8.7,-8.7
4/20/2015,-8.5,-8.5
4/17/2015,-7.4,-7.4
4/16/2015,-9.5,-9.5
4/15/2015,-6.6,-6.6
4/14/2015,-5.7,-5.7
4/13/2015,-4.5,-4.5
4/10/2015,-7.4,-7.4
4/9/2015,-8.4,-8.4
4/8/2015,-8.4,-8.4
4/7/2015,-7.6,-7.6
4/6/2015,-8.1,-8.1
4/3/2015,-8.8,-8.8
4/2/2015,-4.5,-4.5
4/1/2015,-10.5,-10.5
3/31/2015,-10.3,-10.3
3/30/2015,-10,-10
3/27/2015,-12.9,-12.9
3/26/2015,-11.6,-11.6
3/25/2015,-12.3,-12.3
3/24/2015,-11.2,-11.2
3/23/2015,-20.8,-20.8
3/20/2015,-20.1,-20.1
3/19/2015,-19.1,-19.1
3/18/2015,-18.9,-18.9
3/17/2015,-18.4,-18.4
3/16/2015,-15.2,-15.2
3/13/2015,-12.2,-12.2
3/12/2015,-9.8,-9.8
3/11/2015,-8.1,-8.1
3/10/2015,-7.8,-7.8
3/9/2015,-6.5,-6.5
3/6/2015,-4.5,-4.5
3/5/2015,-7,-7
3/4/2015,-3.1,-3.1
3/3/2015,-1,-1
3/2/2015,-2.9,-2.9
2/27/2015,-3.8,-3.8
2/26/2015,-1.9,-1.9
2/25/2015,-4.6,-4.6
2/24/2015,-5.1,-5.1
2/23/2015,-3.8,-3.8
2/20/2015,-2.3,-2.3
2/19/2015,-3.7,-3.7
2/18/2015,-3.6,-3.6
2/17/2015,-3.2,-3.2
2/16/2015,-1.1,-1.1
2/13/2015,2,2
2/12/2015,-2.7,-2.7
2/11/2015,-1.6,-1.6
2/10/2015,-1.6,-1.6
2/9/2015,-1.3,-1.3
2/6/2015,-2.3,-2.3
2/5/2015,-3.3,-3.3
2/4/2015,0.9,0.9
2/3/2015,-1,-1
2/2/2015,0.3,0.3
1/30/2015,1.6,1.6
1/29/2015,-0.7,-0.7
1/28/2015,-1.3,-1.3
1/27/2015,-2.2,-2.2
1/26/2015,-1.4,-1.4
1/23/2015,-0.5,-0.5
1/22/2015,-0.1,-0.1
1/21/2015,0.8,0.8
1/20/2015,0.4,0.4
1/19/2015,0.2,0.2
1/16/2015,1,1
1/15/2015,3.8,3.8
1/14/2015,7.2,7.2
1/13/2015,12.2,12.2
1/12/2015,11.7,11.7
1/9/2015,11.4,11.4
1/8/2015,11.7,11.7
1/7/2015,14,14
1/6/2015,11.4,11.4
1/5/2015,14.2,14.2
1/2/2015,13.4,13.4
12/31/2014,16.2,16.2
12/30/2014,17.3,17.3
12/29/2014,16.7,16.7
12/26/2014,15,15
12/24/2014,15.5,15.5
12/23/2014,14.6,14.6
12/22/2014,12.2,12.2
12/19/2014,10.5,10.5
12/18/2014,10.7,10.7
12/17/2014,9.1,9.1
12/16/2014,8.4,8.4
12/15/2014,5.1,5.1
12/12/2014,1.7,1.7
12/11/2014,-0.4,-0.4
12/10/2014,-2.2,-2.2
12/9/2014,-1.7,-1.7
12/8/2014,-1.8,-1.8
12/5/2014,-2.2,-2.2
12/4/2014,-4.3,-4.3
12/3/2014,-5,-5
12/2/2014,-5.4,-5.4
12/1/2014,-5.3,-5.3
11/28/2014,-6.3,-6.3
11/27/2014,-5.6,-5.6
11/26/2014,-8.6,-8.6
11/25/2014,-5.2,-5.2
11/24/2014,-6.7,-6.7
11/21/2014,-7.7,-7.7
11/20/2014,-8.5,-8.5
11/19/2014,-7.1,-7.1
11/18/2014,-7.3,-7.3
11/17/2014,-10.8,-10.8
11/14/2014,-2.3,-2.3
11/13/2014,-4.3,-4.3
11/12/2014,-4.5,-4.5
11/11/2014,-4.9,-4.9
11/10/2014,-6.8,-6.8
11/7/2014,-7.4,-7.4
11/6/2014,-7.4,-7.4
11/5/2014,-7.1,-7.1
11/4/2014,-6,-6
11/3/2014,-3.9,-3.9
10/31/2014,-7,-7
10/30/2014,-5,-5
10/29/2014,-10,-10
10/28/2014,-10.7,-10.7
10/27/2014,-12.5,-12.5
10/24/2014,-10.3,-10.3
10/23/2014,-9.8,-9.8
10/22/2014,-13.6,-13.6
10/21/2014,-13,-13
10/20/2014,-13.2,-13.2
10/17/2014,-13.8,-13.8
10/16/2014,-14.8,-14.8
10/15/2014,-18,-18
10/14/2014,-14.4,-14.4
10/13/2014,-12.8,-12.8
10/10/2014,-12.7,-12.7
10/9/2014,-13.6,-13.6
10/8/2014,-14.5,-14.5
10/7/2014,-14.3,-14.3
10/6/2014,-12.4,-12.4
10/3/2014,-12.6,-12.6
10/2/2014,-14.8,-14.8
10/1/2014,-14.9,-14.9
9/30/2014,-11.9,-11.9
9/29/2014,-7.9,-7.9
9/26/2014,-9.2,-9.2
9/25/2014,-8.9,-8.9
9/24/2014,-9.2,-9.2
9/23/2014,-10.8,-10.8
9/22/2014,-9.8,-9.8
9/19/2014,-10.9,-10.9
9/18/2014,-10.8,-10.8
9/17/2014,-10.7,-10.7
9/16/2014,-6.7,-6.7
9/15/2014,-7.5,-7.5
9/12/2014,-6.7,-6.7
9/11/2014,-6.8,-6.8
9/10/2014,-7.6,-7.6
9/9/2014,-7.7,-7.7
9/8/2014,-7.6,-7.6
9/5/2014,-7.3,-7.3
9/4/2014,-4.3,-4.3
9/3/2014,-8.6,-8.6
9/2/2014,-5.5,-5.5
9/1/2014,-7.9,-7.9
8/29/2014,-9.3,-9.3
8/28/2014,-7.2,-7.2
8/27/2014,-7.8,-7.8
8/26/2014,-7.9,-7.9
8/25/2014,-16.7,-16.7
8/22/2014,-17.7,-17.7
8/21/2014,-19.1,-19.1
8/20/2014,-20.9,-20.9
8/19/2014,-21.5,-21.5
8/18/2014,-21.4,-21.4
8/15/2014,-23.3,-23.3
8/14/2014,-22.8,-22.8
8/13/2014,-20.2,-20.2
8/12/2014,-19.3,-19.3
8/11/2014,-16.5,-16.5
8/8/2014,-17.3,-17.3
8/7/2014,-17.5,-17.5
8/6/2014,-18.1,-18.1
8/5/2014,-18.9,-18.9
8/4/2014,-21.2,-21.2
8/1/2014,-21.8,-21.8
7/31/2014,-20.6,-20.6
7/30/2014,-19.1,-19.1
7/29/2014,-22.4,-22.4
7/28/2014,-23.3,-23.3
7/25/2014,-25.8,-25.8
7/24/2014,-25.1,-25.1
7/23/2014,-26.7,-26.7
7/22/2014,-27.5,-27.5
7/21/2014,-24.6,-24.6
7/18/2014,-24.5,-24.5
7/17/2014,-24.4,-24.4
7/16/2014,-23.1,-23.1
7/15/2014,-24.6,-24.6
7/14/2014,-25.3,-25.3
7/11/2014,-24.8,-24.8
7/10/2014,-24.2,-24.2
7/9/2014,-17.5,-17.5
7/8/2014,-17.6,-17.6
7/7/2014,-16.5,-16.5
7/4/2014,-15.6,-15.6
7/3/2014,-15,-15
7/2/2014,-18.5,-18.5
7/1/2014,-20.6,-20.6
6/30/2014,-17.4,-17.4
6/27/2014,-20.9,-20.9
6/26/2014,-19.6,-19.6
6/25/2014,-19.1,-19.1
6/24/2014,-14.5,-14.5
6/23/2014,-16.3,-16.3
6/20/2014,-15.7,-15.7
6/19/2014,-17.1,-17.1
6/18/2014,-17.8,-17.8
6/17/2014,-18.1,-18.1
6/16/2014,-17.8,-17.8
6/13/2014,-20.1,-20.1
6/12/2014,-19.5,-19.5
6/11/2014,-18,-18
6/10/2014,-18,-18
6/9/2014,-16.8,-16.8
6/6/2014,-16.7,-16.7
6/5/2014,-17.2,-17.2
6/4/2014,-17.2,-17.2
6/3/2014,-12.2,-12.2
6/2/2014,-11.6,-11.6
5/30/2014,-10,-10
5/29/2014,-9.4,-9.4
5/28/2014,-6.5,-6.5
5/27/2014,-5.4,-5.4
5/23/2014,-4.2,-4.2
5/22/2014,-3.4,-3.4
5/21/2014,-1.4,-1.4
5/20/2014,-2.4,-2.4
5/19/2014,-2.8,-2.8
5/16/2014,-10.2,-10.2
5/15/2014,-12.6,-12.6
5/14/2014,-19.2,-19.2
5/13/2014,-19,-19
5/12/2014,-15.2,-15.2
5/9/2014,-16.5,-16.5
5/8/2014,-16.2,-16.2
5/7/2014,-16.6,-16.6
5/6/2014,-14.7,-14.7
5/5/2014,-14.8,-14.8
5/2/2014,-17,-17
5/1/2014,-22.9,-22.9
4/30/2014,-25,-25
4/29/2014,-20.2,-20.2
4/28/2014,-16.3,-16.3
4/25/2014,-18.7,-18.7
4/24/2014,-18.4,-18.4
4/23/2014,-19.9,-19.9
4/22/2014,-22.1,-22.1
4/21/2014,-21.9,-21.9
4/17/2014,-21.6,-21.6
4/16/2014,-24,-24
4/15/2014,-23,-23
4/14/2014,-24.1,-24.1
4/11/2014,-24.6,-24.6
4/10/2014,-25.2,-25.2
4/9/2014,-24.6,-24.6
4/8/2014,-25,-25
4/7/2014,-24.7,-24.7
4/4/2014,-24.3,-24.3
4/3/2014,-24.1,-24.1
4/2/2014,-19,-19
4/1/2014,-19.3,-19.3
3/31/2014,-16.8,-16.8
3/28/2014,-12.7,-12.7
3/27/2014,-13.5,-13.5
3/26/2014,-15.5,-15.5
3/25/2014,-15,-15
3/24/2014,-15,-15
3/21/2014,-11.1,-11.1
3/20/2014,-12,-12
3/19/2014,-12.8,-12.8
3/18/2014,-12.8,-12.8
3/17/2014,-12.6,-12.6
3/14/2014,-10.2,-10.2
3/13/2014,-8.2,-8.2
3/12/2014,-11.7,-11.7
3/11/2014,-11.4,-11.4
3/10/2014,-10.1,-10.1
3/7/2014,-9.4,-9.4
3/6/2014,-7.7,-7.7
3/5/2014,-8.9,-8.9
3/4/2014,-6.7,-6.7
3/3/2014,-5.3,-5.3
2/28/2014,-4,-4
2/27/2014,-6.9,-6.9
2/26/2014,-6.9,-6.9
2/25/2014,-8.3,-8.3
2/24/2014,-5.9,-5.9
2/21/2014,-5.5,-5.5
2/20/2014,-3.8,-3.8
2/19/2014,-1.3,-1.3
2/18/2014,0.7,0.7
2/17/2014,13.5,13.5
2/14/2014,14.9,14.9
2/13/2014,14.7,14.7
2/12/2014,16.4,16.4
2/11/2014,19.1,19.1
2/10/2014,18.5,18.5
2/7/2014,18,18
2/6/2014,19.2,19.2
2/5/2014,21.1,21.1
2/4/2014,22.6,22.6
2/3/2014,22.4,22.4
1/31/2014,29.9,29.9
1/30/2014,29,29
1/29/2014,31.1,31.1
1/28/2014,33.4,33.4
1/27/2014,35.9,35.9
1/24/2014,37,37
1/23/2014,37.2,37.2
1/22/2014,34,34
1/21/2014,34.1,34.1
1/20/2014,34.4,34.4
1/17/2014,35.1,35.1
1/16/2014,34.3,34.3
1/15/2014,34.5,34.5
1/14/2014,33.6,33.6
1/13/2014,32.2,32.2
1/10/2014,32.5,32.5
1/9/2014,33.5,33.5
1/8/2014,32.6,32.6
1/7/2014,31.8,31.8
1/6/2014,28.1,28.1
1/3/2014,29.6,29.6
1/2/2014,29.3,29.3
12/31/2013,28.3,28.3
12/30/2013,27.3,27.3
12/27/2013,26.6,26.6
12/26/2013,27,27
12/24/2013,26.1,26.1
12/23/2013,23.8,23.8
12/20/2013,24.1,24.1
12/19/2013,21.3,21.3
12/18/2013,22.7,22.7
12/17/2013,22.6,22.6
12/16/2013,18.1,18.1
12/13/2013,12.7,12.7
12/12/2013,12.6,12.6
12/11/2013,13.2,13.2
12/10/2013,12.8,12.8
12/9/2013,12.7,12.7
12/6/2013,16.2,16.2
12/5/2013,10,10
12/4/2013,5.6,5.6
12/3/2013,4.3,4.3
12/2/2013,4.8,4.8
11/29/2013,3.4,3.4
11/28/2013,4.8,4.8
11/27/2013,4.1,4.1
11/26/2013,2.3,2.3
11/25/2013,3.2,3.2
11/22/2013,4.8,4.8
11/21/2013,5.1,5.1
11/20/2013,3,3
11/19/2013,2.4,2.4
11/18/2013,2.6,2.6
11/15/2013,4.1,4.1
11/14/2013,6.1,6.1
11/13/2013,10.2,10.2
11/12/2013,9.5,9.5
11/11/2013,11.5,11.5
11/8/2013,11.4,11.4
11/7/2013,8.7,8.7
11/6/2013,4.5,4.5
11/5/2013,0.9,0.9
11/4/2013,-0.8,-0.8
11/1/2013,2.3,2.3
10/31/2013,1.9,1.9
10/30/2013,2.1,2.1
10/29/2013,5.3,5.3
10/28/2013,6.4,6.4
10/25/2013,7.8,7.8
10/24/2013,9.2,9.2
10/23/2013,11.8,11.8
10/22/2013,11.7,11.7
10/21/2013,11.9,11.9
10/18/2013,15.8,15.8
10/17/2013,16.3,16.3
10/16/2013,17.5,17.5
10/15/2013,18.8,18.8
10/14/2013,19.1,19.1
10/11/2013,20.5,20.5
10/10/2013,20.8,20.8
10/9/2013,24.5,24.5
10/8/2013,25.7,25.7
10/7/2013,27.8,27.8
10/4/2013,29.7,29.7
10/3/2013,29.9,29.9
10/2/2013,33.6,33.6
10/1/2013,34.5,34.5
9/30/2013,33,33
9/27/2013,33.6,33.6
9/26/2013,32.1,32.1
9/25/2013,33,33
9/24/2013,33.5,33.5
9/23/2013,34.1,34.1
9/20/2013,34.2,34.2
9/19/2013,34.7,34.7
9/18/2013,32.8,32.8
9/17/2013,33.5,33.5
9/16/2013,34.6,34.6
9/13/2013,36.9,36.9
9/12/2013,40.1,40.1
9/11/2013,39.9,39.9
9/10/2013,39.6,39.6
9/9/2013,41.1,41.1
9/6/2013,40.3,40.3
9/5/2013,40.2,40.2
9/4/2013,34.1,34.1
9/3/2013,35,35
9/2/2013,33.1,33.1
8/30/2013,33.7,33.7
8/29/2013,31.6,31.6
8/28/2013,30,30
8/27/2013,31.7,31.7
8/26/2013,30.5,30.5
8/23/2013,33.8,33.8
8/22/2013,36.8,36.8
8/21/2013,34.2,34.2
8/20/2013,34.6,34.6
8/19/2013,35.5,35.5
8/16/2013,36.6,36.6
8/15/2013,38.6,38.6
8/14/2013,37.7,37.7
8/13/2013,37.3,37.3
8/12/2013,36.8,36.8
8/9/2013,39.2,39.2
8/8/2013,40.2,40.2
8/7/2013,41,41
8/6/2013,39.9,39.9
8/5/2013,31.1,31.1
8/2/2013,28.6,28.6
8/1/2013,28.8,28.8
7/31/2013,23.8,23.8
7/30/2013,21.6,21.6
7/29/2013,24.6,24.6
7/26/2013,26.4,26.4
7/25/2013,25.4,25.4
7/24/2013,22.4,22.4
7/23/2013,15.4,15.4
7/22/2013,14.6,14.6
7/19/2013,12.2,12.2
7/18/2013,12.4,12.4
7/17/2013,11.3,11.3
7/16/2013,12.4,12.4
7/15/2013,9.5,9.5
7/12/2013,10.6,10.6
7/11/2013,10.4,10.4
7/10/2013,8.9,8.9
7/9/2013,7.8,7.8
7/8/2013,8.5,8.5
7/5/2013,8.5,8.5
7/4/2013,9.7,9.7
7/3/2013,9.5,9.5
7/2/2013,15.2,15.2
7/1/2013,14.4,14.4
6/28/2013,10.4,10.4
6/27/2013,8.2,8.2
6/26/2013,7,7
6/25/2013,10,10
6/24/2013,5.1,5.1
6/21/2013,1.8,1.8
6/20/2013,1.8,1.8
6/19/2013,-0.4,-0.4
6/18/2013,-1.4,-1.4
6/17/2013,-3.1,-3.1
6/14/2013,-12.3,-12.3
6/13/2013,-11.4,-11.4
6/12/2013,-12.8,-12.8
6/11/2013,-14.8,-14.8
6/10/2013,-15.8,-15.8
6/7/2013,-21.5,-21.5
6/6/2013,-24.2,-24.2
6/5/2013,-24.6,-24.6
6/4/2013,-22.2,-22.2
6/3/2013,-23.5,-23.5
5/31/2013,-22.9,-22.9
5/30/2013,-28,-28
5/29/2013,-27,-27
5/28/2013,-27.5,-27.5
5/27/2013,-28.2,-28.2
5/24/2013,-27.4,-27.4
5/23/2013,-30.5,-30.5
5/22/2013,-32,-32
5/21/2013,-29.3,-29.3
5/20/2013,-29.1,-29.1
5/17/2013,-28.5,-28.5
5/16/2013,-32.6,-32.6
5/15/2013,-30.2,-30.2
5/14/2013,-27.3,-27.3
5/13/2013,-26.8,-26.8
5/10/2013,-27.3,-27.3
5/9/2013,-27.1,-27.1
5/8/2013,-29.6,-29.6
5/7/2013,-29.3,-29.3
5/6/2013,-29.4,-29.4
5/3/2013,-28.6,-28.6
5/2/2013,-27.1,-27.1
5/1/2013,-31.3,-31.3
4/30/2013,-30.2,-30.2
4/29/2013,-33.8,-33.8
4/26/2013,-36.3,-36.3
4/25/2013,-33.6,-33.6
4/24/2013,-32.8,-32.8
4/23/2013,-27.7,-27.7
4/22/2013,-22.3,-22.3
4/19/2013,-20.1,-20.1
4/18/2013,-19.3,-19.3
4/17/2013,-18.3,-18.3
4/16/2013,-18,-18
4/15/2013,-15.7,-15.7
4/12/2013,-13,-13
4/11/2013,-9.2,-9.2
4/10/2013,-9.4,-9.4
4/9/2013,-10.8,-10.8
4/8/2013,-11.4,-11.4
4/5/2013,-11.3,-11.3
4/4/2013,-10.2,-10.2
4/3/2013,-8.5,-8.5
4/2/2013,-6.2,-6.2
4/1/2013,-7,-7
3/28/2013,-0.3,-0.3
3/27/2013,3.1,3.1
3/26/2013,5,5
3/25/2013,7.6,7.6
3/22/2013,7.7,7.7
3/21/2013,9.4,9.4
3/20/2013,16.9,16.9
3/19/2013,17.1,17.1
3/18/2013,13.8,13.8
3/15/2013,15.2,15.2
3/14/2013,16,16
3/13/2013,13.9,13.9
3/12/2013,11.6,11.6
3/11/2013,11.8,11.8
3/8/2013,15.6,15.6
3/7/2013,8.6,8.6
3/6/2013,10.9,10.9
3/5/2013,10.7,10.7
3/4/2013,8.5,8.5
3/1/2013,12.7,12.7
2/28/2013,10.3,10.3
2/27/2013,15.1,15.1
2/26/2013,14.5,14.5
2/25/2013,10.4,10.4
2/22/2013,12.5,12.5
2/21/2013,6.2,6.2
2/20/2013,12.5,12.5
2/19/2013,13,13
2/18/2013,10.5,10.5
2/15/2013,12.1,12.1
2/14/2013,12.8,12.8
2/13/2013,14.6,14.6
2/12/2013,13.6,13.6
2/11/2013,13.6,13.6
2/8/2013,13,13
2/7/2013,7.5,7.5
2/6/2013,6.3,6.3
2/5/2013,6.1,6.1
2/4/2013,4.8,4.8
2/1/2013,4.7,4.7
1/31/2013,2.4,2.4
1/30/2013,4.2,4.2
1/29/2013,14.5,14.5
1/28/2013,17.3,17.3
1/25/2013,15.8,15.8
1/24/2013,16,16
1/23/2013,7.1,7.1
1/22/2013,7.4,7.4
1/21/2013,4.4,4.4
1/18/2013,3,3
1/17/2013,4.3,4.3
1/16/2013,3.6,3.6
1/15/2013,4.2,4.2
1/14/2013,4.4,4.4
1/11/2013,4.8,4.8
1/10/2013,12.3,12.3
1/9/2013,13.1,13.1
1/8/2013,14.3,14.3
1/7/2013,14.1,14.1
1/4/2013,13.1,13.1
1/3/2013,12.7,12.7
1/2/2013,12.1,12.1
12/31/2012,13.7,13.7
12/28/2012,16.8,16.8
12/27/2012,18.8,18.8
12/26/2012,21.5,21.5
12/24/2012,21,21
12/21/2012,20.6,20.6
12/20/2012,22.4,22.4
12/19/2012,24,24
12/18/2012,23.6,23.6
12/17/2012,24.4,24.4
12/14/2012,26.6,26.6
12/13/2012,28,28
12/12/2012,27.3,27.3
12/11/2012,26.2,26.2
12/10/2012,22.1,22.1
12/7/2012,23.5,23.5
12/6/2012,18.8,18.8
12/5/2012,17.5,17.5
12/4/2012,14,14
12/3/2012,15.3,15.3
11/30/2012,19.2,19.2
11/29/2012,13.9,13.9
11/28/2012,12.6,12.6
11/27/2012,11.4,11.4
11/26/2012,10.2,10.2
11/23/2012,11.1,11.1
11/22/2012,6.6,6.6
11/21/2012,6.5,6.5
11/20/2012,7.1,7.1
11/19/2012,6.2,6.2
11/16/2012,6.1,6.1
11/15/2012,7.3,7.3
11/14/2012,9.5,9.5
11/13/2012,11.7,11.7
11/12/2012,12.6,12.6
11/9/2012,12.4,12.4
11/8/2012,12.2,12.2
11/7/2012,10.5,10.5
11/6/2012,11.3,11.3
11/5/2012,14.7,14.7
11/2/2012,15.7,15.7
11/1/2012,13.2,13.2
10/31/2012,11.7,11.7
10/30/2012,13.8,13.8
10/29/2012,16.8,16.8
10/26/2012,17.6,17.6
10/25/2012,15.8,15.8
10/24/2012,9.9,9.9
10/23/2012,18.2,18.2
10/22/2012,19.5,19.5
10/19/2012,18.3,18.3
10/18/2012,18.4,18.4
10/17/2012,18.3,18.3
10/16/2012,16.2,16.2
10/15/2012,17.2,17.2
10/12/2012,13.2,13.2
10/11/2012,11.4,11.4
10/10/2012,9.9,9.9
10/9/2012,8.5,8.5
10/8/2012,8.2,8.2
10/5/2012,7.5,7.5
10/4/2012,-4.4,-4.4
10/3/2012,-5,-5
10/2/2012,-6.4,-6.4
10/1/2012,-6.4,-6.4
9/28/2012,-10.9,-10.9
9/27/2012,-9.6,-9.6
9/26/2012,-0.4,-0.4
9/25/2012,1.4,1.4
9/24/2012,-2.2,-2.2
9/21/2012,-0.9,-0.9
9/20/2012,-0.9,-0.9
9/19/2012,-6.1,-6.1
9/18/2012,-6.7,-6.7
9/17/2012,-8,-8
9/14/2012,-9.7,-9.7
9/13/2012,-5.5,-5.5
9/12/2012,-5.2,-5.2
9/11/2012,-7.4,-7.4
9/10/2012,-11.3,-11.3
9/7/2012,-14.3,-14.3
9/6/2012,-21,-21
9/5/2012,-24.2,-24.2
9/4/2012,-24.7,-24.7
9/3/2012,-24.1,-24.1
8/31/2012,-22.8,-22.8
8/30/2012,-19.8,-19.8
8/29/2012,-19.3,-19.3
8/28/2012,-24.4,-24.4
8/27/2012,-24,-24
8/24/2012,-26.8,-26.8
8/23/2012,-28.7,-28.7
8/22/2012,-29.2,-29.2
8/21/2012,-29.1,-29.1
8/20/2012,-30.7,-30.7
8/17/2012,-34.2,-34.2
8/16/2012,-34.6,-34.6
8/15/2012,-34.9,-34.9
8/14/2012,-32.9,-32.9
8/13/2012,-37.4,-37.4
8/10/2012,-35,-35
8/9/2012,-34.4,-34.4
8/8/2012,-36.9,-36.9
8/7/2012,-37,-37
8/6/2012,-38.3,-38.3
8/3/2012,-38.7,-38.7
8/2/2012,-41.1,-41.1
8/1/2012,-41.8,-41.8
7/31/2012,-41.9,-41.9
7/30/2012,-43.1,-43.1
7/27/2012,-42.8,-42.8
7/26/2012,-43.6,-43.6
7/25/2012,-47.6,-47.6
7/24/2012,-44.3,-44.3
7/23/2012,-42.6,-42.6
7/20/2012,-47.3,-47.3
7/19/2012,-48.1,-48.1
7/18/2012,-47.1,-47.1
7/17/2012,-48.2,-48.2
7/16/2012,-47.3,-47.3
7/13/2012,-47,-47
7/12/2012,-47.1,-47.1
7/11/2012,-48.1,-48.1
7/10/2012,-48.8,-48.8
7/9/2012,-48.6,-48.6
7/6/2012,-45.8,-45.8
7/5/2012,-45.7,-45.7
7/4/2012,-47.2,-47.2
7/3/2012,-47.5,-47.5
7/2/2012,-47.9,-47.9
6/29/2012,-50.9,-50.9
6/28/2012,-53.7,-53.7
6/27/2012,-53.7,-53.7
6/26/2012,-56.2,-56.2
6/25/2012,-50.5,-50.5
6/22/2012,-52,-52
6/21/2012,-51.2,-51.2
6/20/2012,-47.3,-47.3
6/19/2012,-46.7,-46.7
6/18/2012,-42.2,-42.2
6/15/2012,-43.9,-43.9
6/14/2012,-41.1,-41.1
6/13/2012,-40.9,-40.9
6/12/2012,-40.1,-40.1
6/11/2012,-40.1,-40.1
6/8/2012,-41.5,-41.5
6/7/2012,-40.2,-40.2
6/6/2012,-41.6,-41.6
6/5/2012,-42.4,-42.4
6/4/2012,-42.4,-42.4
6/1/2012,-44.6,-44.6
5/31/2012,-37,-37
5/30/2012,-35.3,-35.3
5/29/2012,-33.9,-33.9
5/28/2012,-32.5,-32.5
5/25/2012,-32.4,-32.4
5/24/2012,-33,-33
5/23/2012,-24.7,-24.7
5/22/2012,-24.1,-24.1
5/21/2012,-23.4,-23.4
5/18/2012,-23.1,-23.1
5/17/2012,-23.5,-23.5
5/16/2012,-21.9,-21.9
5/15/2012,-25.2,-25.2
5/14/2012,-29.3,-29.3
5/11/2012,-27.6,-27.6
5/10/2012,-29.1,-29.1
5/9/2012,-27.8,-27.8
5/8/2012,-27.8,-27.8
5/7/2012,-30,-30
5/4/2012,-28.7,-28.7
5/3/2012,-26.3,-26.3
5/2/2012,-24,-24
5/1/2012,-14.8,-14.8
4/30/2012,-15.1,-15.1
4/27/2012,-12.5,-12.5
4/26/2012,-10.8,-10.8
4/25/2012,-7.4,-7.4
4/24/2012,-3.8,-3.8
4/23/2012,-3.4,-3.4
4/20/2012,3.6,3.6
4/19/2012,2.6,2.6
4/18/2012,4,4
4/17/2012,3.8,3.8
4/16/2012,2.5,2.5
4/13/2012,5.7,5.7
4/12/2012,6.8,6.8
4/11/2012,3.1,3.1
4/10/2012,1.6,1.6
4/9/2012,4.1,4.1
4/5/2012,5.2,5.2
4/4/2012,4.6,4.6
4/3/2012,6,6
4/2/2012,7.4,7.4
3/30/2012,10,10
3/29/2012,11.2,11.2
3/28/2012,12.4,12.4
3/27/2012,13,13
3/26/2012,13,13
3/23/2012,12.8,12.8
3/22/2012,7.5,7.5
3/21/2012,17.2,17.2
3/20/2012,17.8,17.8
3/19/2012,17.7,17.7
3/16/2012,19.2,19.2
3/15/2012,22.9,22.9
3/14/2012,22.5,22.5
3/13/2012,24.9,24.9
3/12/2012,22,22
3/9/2012,22.9,22.9
3/8/2012,26.5,26.5
3/7/2012,26.8,26.8
3/6/2012,29.9,29.9
3/5/2012,29.8,29.8
3/2/2012,31.7,31.7
3/1/2012,31.9,31.9
2/29/2012,33.9,33.9
2/28/2012,37.4,37.4
2/27/2012,35.8,35.8
2/24/2012,39,39
2/23/2012,39.2,39.2
2/22/2012,37.8,37.8
2/21/2012,38.6,38.6
2/20/2012,40,40
2/17/2012,41.7,41.7
2/16/2012,40.1,40.1
2/15/2012,39.3,39.3
2/14/2012,41.1,41.1
2/13/2012,33.9,33.9
2/10/2012,37.8,37.8
2/9/2012,39.8,39.8
2/8/2012,38.8,38.8
2/7/2012,38.8,38.8
2/6/2012,42.4,42.4
2/3/2012,42.5,42.5
2/2/2012,28,28
2/1/2012,27.9,27.9
1/31/2012,27.5,27.5
1/30/2012,32,32
1/27/2012,32.1,32.1
1/26/2012,36.5,36.5
1/25/2012,36.3,36.3
1/24/2012,34.2,34.2
1/23/2012,33.9,33.9
1/20/2012,34.3,34.3
1/19/2012,35.4,35.4
1/18/2012,35.4,35.4
1/17/2012,34.6,34.6
1/16/2012,24.1,24.1
1/13/2012,22.5,22.5
1/12/2012,24.5,24.5
1/11/2012,28.5,28.5
1/10/2012,29.2,29.2
1/9/2012,28.7,28.7
1/6/2012,31,31
1/5/2012,26.3,26.3
1/4/2012,21.5,21.5
1/3/2012,23.3,23.3
12/30/2011,25,25
12/29/2011,25.6,25.6
12/28/2011,27.9,27.9
12/27/2011,32.8,32.8
12/23/2011,33,33
12/22/2011,32.8,32.8
12/21/2011,32.9,32.9
12/20/2011,34,34
12/19/2011,30.7,30.7
12/16/2011,32,32
12/15/2011,30.2,30.2
12/14/2011,30.7,30.7
12/13/2011,30.4,30.4
12/12/2011,30.7,30.7
12/9/2011,31.1,31.1
12/8/2011,29.9,29.9
12/7/2011,31.7,31.7
12/6/2011,31.5,31.5
12/5/2011,27.6,27.6
12/2/2011,31,31
12/1/2011,22.3,22.3
11/30/2011,22.8,22.8
11/29/2011,17.5,17.5
11/28/2011,13.7,13.7
11/25/2011,14.8,14.8
11/24/2011,14.7,14.7
11/23/2011,11.3,11.3
11/22/2011,11,11
11/21/2011,13.7,13.7
11/18/2011,9.9,9.9
11/17/2011,9,9
11/16/2011,7.5,7.5
11/15/2011,4.3,4.3
11/14/2011,3.7,3.7
11/11/2011,-2.7,-2.7
11/10/2011,-4.5,-4.5
11/9/2011,-5.6,-5.6
11/8/2011,-6.9,-6.9
11/7/2011,-8.3,-8.3
11/4/2011,-8.6,-8.6
11/3/2011,-4.8,-4.8
11/2/2011,-4.7,-4.7
11/1/2011,-5.2,-5.2
10/31/2011,-4.6,-4.6
10/28/2011,-3.5,-3.5
10/27/2011,-0.8,-0.8
10/26/2011,-2.8,-2.8
10/25/2011,-4.4,-4.4
10/24/2011,-2.6,-2.6
10/21/2011,-4.8,-4.8
10/20/2011,-5.3,-5.3
10/19/2011,-8.8,-8.8
10/18/2011,-8.8,-8.8
10/17/2011,-13.1,-13.1
10/14/2011,-12.2,-12.2
10/13/2011,-16.5,-16.5
10/12/2011,-17.7,-17.7
10/11/2011,-20.6,-20.6
10/10/2011,-21.3,-21.3
10/7/2011,-28.1,-28.1
10/6/2011,-33.9,-33.9
10/5/2011,-33.4,-33.4
10/4/2011,-35.9,-35.9
10/3/2011,-36.8,-36.8
9/30/2011,-38.3,-38.3
9/29/2011,-44.3,-44.3
9/28/2011,-44.6,-44.6
9/27/2011,-42.3,-42.3
9/26/2011,-44.1,-44.1
9/23/2011,-46.5,-46.5
9/22/2011,-46.2,-46.2
9/21/2011,-45.1,-45.1
9/20/2011,-45.8,-45.8
9/19/2011,-46.2,-46.2
9/16/2011,-46.7,-46.7
9/15/2011,-46.5,-46.5
9/14/2011,-45.9,-45.9
9/13/2011,-46.4,-46.4
9/12/2011,-47.5,-47.5
9/9/2011,-48,-48
9/8/2011,-48.5,-48.5
9/7/2011,-50.7,-50.7
9/6/2011,-56.5,-56.5
9/5/2011,-57,-57
9/2/2011,-57,-57
9/1/2011,-53.3,-53.3
8/31/2011,-55.4,-55.4
8/30/2011,-58.1,-58.1
8/29/2011,-55.3,-55.3
8/26/2011,-61.8,-61.8
8/25/2011,-61.8,-61.8
8/24/2011,-62.6,-62.6
8/23/2011,-59.5,-59.5
8/22/2011,-53.3,-53.3
8/19/2011,-56.6,-56.6
8/18/2011,-57.5,-57.5
8/17/2011,-53,-53
8/16/2011,-43.3,-43.3
8/15/2011,-41.2,-41.2
8/12/2011,-43.2,-43.2
8/11/2011,-42.7,-42.7
8/10/2011,-40.4,-40.4
8/9/2011,-39.2,-39.2
8/8/2011,-38.1,-38.1
8/5/2011,-38.6,-38.6
8/4/2011,-40.6,-40.6
8/3/2011,-43.3,-43.3
8/2/2011,-43.8,-43.8
8/1/2011,-45.2,-45.2
7/29/2011,-45.1,-45.1
7/28/2011,-40.7,-40.7
7/27/2011,-41.7,-41.7
7/26/2011,-40.4,-40.4
7/25/2011,-44.4,-44.4
7/22/2011,-48.8,-48.8
7/21/2011,-45.9,-45.9
7/20/2011,-47,-47
7/19/2011,-46.8,-46.8
7/18/2011,-47.4,-47.4
7/15/2011,-48.7,-48.7
7/14/2011,-47.2,-47.2
7/13/2011,-51.1,-51.1
7/12/2011,-50.7,-50.7
7/11/2011,-43.6,-43.6
7/8/2011,-47.2,-47.2
7/7/2011,-41.4,-41.4
7/6/2011,-45.9,-45.9
7/5/2011,-48.9,-48.9
7/1/2011,-49.6,-49.6
6/30/2011,-52.5,-52.5
6/29/2011,-54.9,-54.9
6/28/2011,-56,-56
6/27/2011,-54.6,-54.6
6/24/2011,-53.5,-53.5
6/23/2011,-56.4,-56.4
6/22/2011,-56,-56
6/21/2011,-57,-57
6/20/2011,-53.7,-53.7
6/17/2011,-53.6,-53.6
6/16/2011,-53,-53
6/15/2011,-47.6,-47.6
6/14/2011,-45.4,-45.4
6/13/2011,-45.6,-45.6
6/10/2011,-44.1,-44.1
6/9/2011,-42.2,-42.2
6/8/2011,-43.1,-43.1
6/7/2011,-43.5,-43.5
6/6/2011,-45.5,-45.5
6/3/2011,-46.9,-46.9
6/2/2011,-35.9,-35.9
6/1/2011,-36.1,-36.1
5/31/2011,-27.1,-27.1
5/30/2011,-21.3,-21.3
5/27/2011,-20.8,-20.8
5/26/2011,-19.9,-19.9
5/25/2011,-15.4,-15.4
5/24/2011,-15.4,-15.4
5/23/2011,-16.6,-16.6
5/20/2011,-16.2,-16.2
5/19/2011,-16.1,-16.1
5/18/2011,-11.2,-11.2
5/17/2011,-10.6,-10.6
5/16/2011,-9.8,-9.8
5/13/2011,-14.6,-14.6
5/12/2011,-23.7,-23.7
5/11/2011,-22.2,-22.2
5/10/2011,-20.5,-20.5
5/9/2011,-19.3,-19.3
5/6/2011,-20.3,-20.3
5/5/2011,-20.3,-20.3
5/4/2011,-13.4,-13.4
5/3/2011,-7.4,-7.4
5/2/2011,-5.9,-5.9
4/29/2011,-3.8,-3.8
4/28/2011,2.6,2.6
4/27/2011,14.4,14.4
4/26/2011,14.7,14.7
4/25/2011,14,14
4/21/2011,13.1,13.1
4/20/2011,15.4,15.4
4/19/2011,15,15
4/18/2011,14.1,14.1
4/15/2011,16.3,16.3
4/14/2011,12.5,12.5
4/13/2011,14.5,14.5
4/12/2011,15.2,15.2
4/11/2011,19.2,19.2
4/8/2011,20.5,20.5
4/7/2011,21.8,21.8
4/6/2011,20,20
4/5/2011,18.7,18.7
4/4/2011,20.8,20.8
4/1/2011,25,25
3/31/2011,21.1,21.1
3/30/2011,21.6,21.6
3/29/2011,21.1,21.1
3/28/2011,19.6,19.6
3/25/2011,22,22
3/24/2011,19.6,19.6
3/23/2011,20.1,20.1
3/22/2011,21.1,21.1
3/21/2011,21.6,21.6
3/18/2011,22.4,22.4
3/17/2011,22.7,22.7
3/16/2011,20.7,20.7
3/15/2011,23,23
3/14/2011,24.3,24.3
3/11/2011,28,28
3/10/2011,31.2,31.2
3/9/2011,37.2,37.2
3/8/2011,36.7,36.7
3/7/2011,37.3,37.3
3/4/2011,39.8,39.8
3/3/2011,34.1,34.1
3/2/2011,33.3,33.3
3/1/2011,30.8,30.8
2/28/2011,27.3,27.3
2/25/2011,31.8,31.8
2/24/2011,36.5,36.5
2/23/2011,36.4,36.4
2/22/2011,36,36
2/21/2011,34.2,34.2
2/18/2011,33.7,33.7
2/17/2011,33.8,33.8
2/16/2011,30.7,30.7
2/15/2011,33.8,33.8
2/14/2011,37.5,37.5
2/11/2011,38.3,38.3
2/10/2011,39,39
2/9/2011,39.4,39.4
2/8/2011,40.4,40.4
2/7/2011,42.8,42.8
2/4/2011,46.2,46.2
2/3/2011,38.5,38.5
2/2/2011,35.8,35.8
2/1/2011,34.7,34.7
1/31/2011,34.3,34.3
1/28/2011,34.9,34.9
1/27/2011,38.2,38.2
1/26/2011,41.9,41.9
1/25/2011,41.4,41.4
1/24/2011,43.1,43.1
1/21/2011,45.3,45.3
1/20/2011,43.7,43.7
1/19/2011,44.4,44.4
1/18/2011,45.9,45.9
1/17/2011,38.9,38.9
1/14/2011,40.6,40.6
1/13/2011,42.6,42.6
1/12/2011,42.7,42.7
1/11/2011,43.3,43.3
1/10/2011,43.4,43.4
1/7/2011,45.2,45.2
1/6/2011,39.7,39.7
1/5/2011,36.7,36.7
1/4/2011,35.2,35.2
1/3/2011,35.3,35.3
12/31/2010,37.4,37.4
12/30/2010,37.6,37.6
12/29/2010,33.8,33.8
12/28/2010,33.4,33.4
12/27/2010,35.4,35.4
12/23/2010,38.7,38.7
12/22/2010,38.2,38.2
12/21/2010,40.8,40.8
12/20/2010,41.4,41.4
12/17/2010,43.5,43.5
12/16/2010,40.2,40.2
12/15/2010,38.9,38.9
12/14/2010,34.8,34.8
12/13/2010,30.8,30.8
12/10/2010,30.7,30.7
12/9/2010,24.5,24.5
12/8/2010,23,23
12/7/2010,21,21
12/6/2010,21.9,21.9
12/3/2010,23,23
12/2/2010,32.7,32.7
12/1/2010,33.2,33.2
11/30/2010,34,34
11/29/2010,30.9,30.9
11/26/2010,32.5,32.5
11/25/2010,34.2,34.2
11/24/2010,33.1,33.1
11/23/2010,28.7,28.7
11/22/2010,28.8,28.8
11/19/2010,29.3,29.3
11/18/2010,29.8,29.8
11/17/2010,27.5,27.5
11/16/2010,29.4,29.4
11/15/2010,22,22
11/12/2010,24.4,24.4
11/11/2010,25.3,25.3
11/10/2010,25.1,25.1
11/9/2010,25.5,25.5
11/8/2010,25.5,25.5
11/5/2010,25.7,25.7
11/4/2010,24.5,24.5
11/3/2010,25.3,25.3
11/2/2010,24.1,24.1
11/1/2010,24,24
10/29/2010,21.3,21.3
10/28/2010,23,23
10/27/2010,21.9,21.9
10/26/2010,19.8,19.8
10/25/2010,18.4,18.4
10/22/2010,18.9,18.9
10/21/2010,15,15
10/20/2010,13.8,13.8
10/19/2010,16.6,16.6
10/18/2010,18.5,18.5
10/15/2010,23.3,23.3
10/14/2010,23.5,23.5
10/13/2010,27.2,27.2
10/12/2010,24.2,24.2
10/11/2010,24.4,24.4
10/8/2010,24,24
10/7/2010,26.3,26.3
10/6/2010,24.4,24.4
10/5/2010,21.8,21.8
10/4/2010,20.5,20.5
10/1/2010,20.4,20.4
9/30/2010,20.6,20.6
9/29/2010,19.6,19.6
9/28/2010,14.1,14.1
9/27/2010,18.4,18.4
9/24/2010,16.6,16.6
9/23/2010,15.6,15.6
9/22/2010,16.3,16.3
9/21/2010,17.8,17.8
9/20/2010,17.6,17.6
9/17/2010,17.3,17.3
9/16/2010,20,20
9/15/2010,19.4,19.4
9/14/2010,17.5,17.5
9/13/2010,22,22
9/10/2010,20.4,20.4
9/9/2010,19.8,19.8
9/8/2010,14.7,14.7
9/7/2010,11.5,11.5
9/6/2010,13.5,13.5
9/3/2010,13,13
9/2/2010,12.4,12.4
9/1/2010,12.6,12.6
8/31/2010,9.6,9.6
8/30/2010,5.3,5.3
8/27/2010,3.5,3.5
8/26/2010,1.7,1.7
8/25/2010,1.3,1.3
8/24/2010,0.2,0.2
8/23/2010,1.3,1.3
8/20/2010,1.2,1.2
8/19/2010,1.7,1.7
8/18/2010,3.4,3.4
8/17/2010,3.6,3.6
8/16/2010,4.5,4.5
8/13/2010,9.1,9.1
8/12/2010,-2.5,-2.5
8/11/2010,-2.2,-2.2
8/10/2010,7.9,7.9
8/9/2010,8.2,8.2
8/6/2010,11.1,11.1
8/5/2010,14.1,14.1
8/4/2010,13.4,13.4
8/3/2010,13.2,13.2
8/2/2010,14.8,14.8
7/30/2010,16,16
7/29/2010,17,17
7/28/2010,14.2,14.2
7/27/2010,16.3,16.3
7/26/2010,16.4,16.4
7/23/2010,18.2,18.2
7/22/2010,1.7,1.7
7/21/2010,-1,-1
7/20/2010,0.9,0.9
7/19/2010,2.7,2.7
7/16/2010,7.1,7.1
7/15/2010,10.4,10.4
7/14/2010,12.6,12.6
7/13/2010,14.1,14.1
7/12/2010,20.2,20.2
7/9/2010,21.4,21.4
7/8/2010,20,20
7/7/2010,19.6,19.6
7/6/2010,21,21
7/5/2010,22.2,22.2
7/2/2010,22.6,22.6
7/1/2010,13.1,13.1
6/30/2010,12.1,12.1
6/29/2010,13.4,13.4
6/28/2010,18,18
6/25/2010,21,21
6/24/2010,23.2,23.2
6/23/2010,22.9,22.9
6/22/2010,27.5,27.5
6/21/2010,23.8,23.8
6/18/2010,26.8,26.8
6/17/2010,27.4,27.4
6/16/2010,29.5,29.5
6/15/2010,30.1,30.1
6/14/2010,37.1,37.1
6/11/2010,39,39
6/10/2010,47.2,47.2
6/9/2010,44.8,44.8
6/8/2010,45.5,45.5
6/7/2010,46.9,46.9
6/4/2010,45.8,45.8
6/3/2010,48.1,48.1
6/2/2010,48.5,48.5
6/1/2010,50.1,50.1
5/28/2010,57.6,57.6
5/27/2010,59,59
5/26/2010,54.6,54.6
5/25/2010,53.6,53.6
5/24/2010,52.3,52.3
5/21/2010,51.4,51.4
5/20/2010,51,51
5/19/2010,54.3,54.3
5/18/2010,54.9,54.9
5/17/2010,55.1,55.1
5/14/2010,52.1,52.1
5/13/2010,52.3,52.3
5/12/2010,52.2,52.2
5/11/2010,45,45
5/10/2010,44.4,44.4
5/7/2010,44,44
5/6/2010,39.3,39.3
5/5/2010,35.1,35.1
5/4/2010,36.3,36.3
4/30/2010,34.5,34.5
4/29/2010,34.1,34.1
4/28/2010,32.4,32.4
4/27/2010,33.3,33.3
4/26/2010,32.5,32.5
4/23/2010,35.4,35.4
4/22/2010,26,26
4/21/2010,25.1,25.1
4/20/2010,24.5,24.5
4/19/2010,19,19
4/16/2010,20.9,20.9
4/15/2010,20.5,20.5
4/14/2010,21.9,21.9
4/13/2010,23.6,23.6
4/12/2010,24.7,24.7
4/9/2010,24.7,24.7
4/8/2010,25.5,25.5
4/7/2010,29.3,29.3
4/6/2010,28.4,28.4
4/1/2010,27.8,27.8
3/31/2010,21.4,21.4
3/30/2010,23.3,23.3
3/29/2010,22.8,22.8
3/26/2010,22.7,22.7
3/25/2010,24.8,24.8
3/24/2010,26.3,26.3
3/23/2010,18.1,18.1
3/22/2010,17.9,17.9
3/19/2010,16.4,16.4
3/18/2010,14.3,14.3
3/17/2010,13.8,13.8
3/16/2010,12.3,12.3
3/15/2010,11.1,11.1
3/12/2010,10.1,10.1
3/11/2010,5.8,5.8
3/10/2010,2.2,2.2
3/9/2010,3.8,3.8
3/8/2010,6.2,6.2
3/5/2010,4.2,4.2
3/4/2010,-3.8,-3.8
3/3/2010,-3.8,-3.8
3/2/2010,-3.5,-3.5
3/1/2010,-3.4,-3.4
2/26/2010,-0.8,-0.8
2/25/2010,-2.6,-2.6
2/24/2010,-2.7,-2.7
2/23/2010,-1.3,-1.3
2/22/2010,8.2,8.2
2/19/2010,10.3,10.3
2/18/2010,15.2,15.2
2/17/2010,17.2,17.2
2/16/2010,19.1,19.1
2/15/2010,15.3,15.3
2/12/2010,15.1,15.1
2/11/2010,17.7,17.7
2/10/2010,17.1,17.1
2/9/2010,18.4,18.4
2/8/2010,18.4,18.4
2/5/2010,16.5,16.5
2/4/2010,10.8,10.8
2/3/2010,14.9,14.9
2/2/2010,14.9,14.9
2/1/2010,14.1,14.1
1/29/2010,9.4,9.4
1/28/2010,-0.7,-0.7
1/27/2010,-0.9,-0.9
1/26/2010,-0.1,-0.1
1/25/2010,-3.7,-3.7
1/22/2010,-3.2,-3.2
1/21/2010,-2.7,-2.7
1/20/2010,-0.5,-0.5
1/19/2010,0.1,0.1
1/18/2010,-5.3,-5.3
1/15/2010,-5.5,-5.5
1/14/2010,-9.2,-9.2
1/13/2010,-3.5,-3.5
1/12/2010,-3.4,-3.4
1/11/2010,-1.1,-1.1
1/8/2010,-0.4,-0.4
1/7/2010,5.4,5.4
1/6/2010,6.6,6.6
1/5/2010,7.6,7.6
1/4/2010,8.3,8.3
12/31/2009,7.1,7.1
12/30/2009,6.2,6.2
12/29/2009,6.2,6.2
12/24/2009,2.2,2.2
12/23/2009,1.5,1.5
12/22/2009,4.2,4.2
12/21/2009,8,8
12/18/2009,7.4,7.4
12/17/2009,7.3,7.3
12/16/2009,7.5,7.5
12/15/2009,15.3,15.3
12/14/2009,17.4,17.4
12/11/2009,17.1,17.1
12/10/2009,11.1,11.1
12/9/2009,7.2,7.2
12/8/2009,10.8,10.8
12/7/2009,13.5,13.5
12/4/2009,14,14
12/3/2009,0.4,0.4
12/2/2009,1.9,1.9
12/1/2009,1,1
11/30/2009,2.8,2.8
11/27/2009,1.1,1.1
11/26/2009,0.8,0.8
11/25/2009,0.2,0.2
11/24/2009,-0.9,-0.9
11/23/2009,-4.7,-4.7
11/20/2009,-1.6,-1.6
11/19/2009,-0.8,-0.8
11/18/2009,-1.2,-1.2
11/17/2009,-1.3,-1.3
11/16/2009,0.5,0.5
11/13/2009,-1.4,-1.4
11/12/2009,7.6,7.6
11/11/2009,7.6,7.6
11/10/2009,7,7
11/9/2009,10.5,10.5
11/6/2009,10.6,10.6
11/5/2009,22.4,22.4
11/4/2009,22,22
11/3/2009,24,24
11/2/2009,26,26
10/30/2009,25.4,25.4
10/29/2009,23.7,23.7
10/28/2009,21.3,21.3
10/27/2009,21.6,21.6
10/26/2009,27,27
10/23/2009,29.3,29.3
10/22/2009,30.2,30.2
10/21/2009,31.1,31.1
10/20/2009,31.8,31.8
10/19/2009,32.8,32.8
10/16/2009,35.2,35.2
10/15/2009,36.1,36.1
10/14/2009,32.6,32.6
10/13/2009,31,31
10/12/2009,33.3,33.3
10/9/2009,33.3,33.3
10/8/2009,28.9,28.9
10/7/2009,27.6,27.6
10/6/2009,28.1,28.1
10/5/2009,30.1,30.1
10/2/2009,32.1,32.1
10/1/2009,36.2,36.2
9/30/2009,38.9,38.9
9/29/2009,39.2,39.2
9/28/2009,41.7,41.7
9/25/2009,40.2,40.2
9/24/2009,42,42
9/23/2009,43.6,43.6
9/22/2009,42.9,42.9
9/21/2009,44,44
9/18/2009,45.4,45.4
9/17/2009,45.8,45.8
9/16/2009,44.7,44.7
9/15/2009,45,45
9/14/2009,40.8,40.8
9/11/2009,42.3,42.3
9/10/2009,41.8,41.8
9/9/2009,49.2,49.2
9/8/2009,50.2,50.2
9/7/2009,54.1,54.1
9/4/2009,54.1,54.1
9/3/2009,58.4,58.4
9/2/2009,57.4,57.4
9/1/2009,57.9,57.9
8/28/2009,55.3,55.3
8/27/2009,52.6,52.6
8/26/2009,50,50
8/25/2009,43.4,43.4
8/24/2009,41,41
8/21/2009,42.7,42.7
8/20/2009,43.2,43.2
8/19/2009,43.5,43.5
8/18/2009,44.2,44.2
8/17/2009,36.8,36.8
8/14/2009,32.7,32.7
8/13/2009,32.5,32.5
8/12/2009,33.9,33.9
8/11/2009,33,33
8/10/2009,33.8,33.8
8/7/2009,32.7,32.7
8/6/2009,24.7,24.7
8/5/2009,19.5,19.5
8/4/2009,21.1,21.1
8/3/2009,23.3,23.3
7/31/2009,24.9,24.9
7/30/2009,23,23
7/29/2009,22.2,22.2
7/28/2009,23.1,23.1
7/27/2009,26.2,26.2
7/24/2009,27.6,27.6
7/23/2009,27.7,27.7
7/22/2009,26.2,26.2
7/21/2009,26,26
7/20/2009,27.3,27.3
7/17/2009,30.7,30.7
7/16/2009,31.2,31.2
7/15/2009,34.5,34.5
7/14/2009,36.5,36.5
7/13/2009,43.5,43.5
7/10/2009,46.1,46.1
7/9/2009,42,42
7/8/2009,40.2,40.2
7/7/2009,38.6,38.6
7/6/2009,37.5,37.5
7/3/2009,41.1,41.1
7/2/2009,41.9,41.9
7/1/2009,45,45
6/30/2009,50.5,50.5
6/29/2009,57.8,57.8
6/26/2009,53.6,53.6
6/25/2009,53,53
6/24/2009,53.4,53.4
6/23/2009,52.1,52.1
6/22/2009,51.9,51.9
6/19/2009,50.9,50.9
6/18/2009,51.8,51.8
6/17/2009,50.5,50.5
6/16/2009,49.8,49.8
6/15/2009,48.1,48.1
6/12/2009,54.3,54.3
6/11/2009,54.8,54.8
6/10/2009,50.6,50.6
6/9/2009,53.1,53.1
6/8/2009,56.8,56.8
6/5/2009,56,56
6/4/2009,53.4,53.4
6/3/2009,54.5,54.5
6/2/2009,52.4,52.4
6/1/2009,52.1,52.1
5/29/2009,51.1,51.1
5/28/2009,51.1,51.1
5/27/2009,48.9,48.9
5/26/2009,47.8,47.8
5/22/2009,32.5,32.5
5/21/2009,31.4,31.4
5/20/2009,38.8,38.8
5/19/2009,35.2,35.2
5/18/2009,29.8,29.8
5/15/2009,29.3,29.3
5/14/2009,23.9,23.9
5/13/2009,25.1,25.1
5/12/2009,28.1,28.1
5/11/2009,25.8,25.8
5/8/2009,25.3,25.3
5/7/2009,18.5,18.5
5/6/2009,11.4,11.4
5/5/2009,6.2,6.2
5/1/2009,1.4,1.4
4/30/2009,-1,-1
4/29/2009,-5.3,-5.3
4/28/2009,3.8,3.8
4/27/2009,-3.1,-3.1
4/24/2009,-1.7,-1.7
4/23/2009,-6.7,-6.7
4/22/2009,-8.2,-8.2
4/21/2009,-7.2,-7.2
4/20/2009,-12.7,-12.7
4/17/2009,-10.6,-10.6
4/16/2009,-10.9,-10.9
4/15/2009,-17.4,-17.4
4/14/2009,-21.3,-21.3
4/9/2009,-18.3,-18.3
4/8/2009,-32.7,-32.7
4/7/2009,-33.6,-33.6
4/6/2009,-36.3,-36.3
4/3/2009,-38.4,-38.4
4/2/2009,-38.6,-38.6
4/1/2009,-33.5,-33.5
3/31/2009,-34,-34
3/30/2009,-30.5,-30.5
3/27/2009,-30.6,-30.6
3/26/2009,-31.5,-31.5
3/25/2009,-30.9,-30.9
3/24/2009,-35.6,-35.6
3/23/2009,-38,-38
3/20/2009,-39.5,-39.5
3/19/2009,-41,-41
3/18/2009,-43.4,-43.4
3/17/2009,-45.1,-45.1
3/16/2009,-49.4,-49.4
3/13/2009,-49.3,-49.3
3/12/2009,-51.9,-51.9
3/11/2009,-53.5,-53.5
3/10/2009,-47.2,-47.2
3/9/2009,-48.2,-48.2
3/6/2009,-49.5,-49.5
3/5/2009,-44,-44
3/4/2009,-45,-45
3/3/2009,-47.8,-47.8
3/2/2009,-49.5,-49.5
2/27/2009,-56.5,-56.5
2/26/2009,-47.2,-47.2
2/25/2009,-34.4,-34.4
2/24/2009,-36.1,-36.1
2/23/2009,-32.6,-32.6
2/20/2009,-36.9,-36.9
2/19/2009,-38.5,-38.5
2/18/2009,-36.9,-36.9
2/17/2009,-36.7,-36.7
2/16/2009,-48,-48
2/13/2009,-50.5,-50.5
2/12/2009,-47.3,-47.3
2/11/2009,-57,-57
2/10/2009,-53.8,-53.8
2/9/2009,-55.8,-55.8
2/6/2009,-59.2,-59.2
2/5/2009,-48,-48
2/4/2009,-41.9,-41.9
2/3/2009,-47.9,-47.9
2/2/2009,-49.5,-49.5
1/30/2009,-59.4,-59.4
1/29/2009,-68.5,-68.5
1/28/2009,-66.1,-66.1
1/27/2009,-66.8,-66.8
1/26/2009,-76,-76
1/23/2009,-81.7,-81.7
1/22/2009,-86.8,-86.8
1/21/2009,-85.7,-85.7
1/20/2009,-88,-88
1/19/2009,-98.4,-98.4
1/16/2009,-102.1,-102.1
1/15/2009,-96.3,-96.3
1/14/2009,-92.1,-92.1
1/13/2009,-81.3,-81.3
1/12/2009,-97.6,-97.6
1/9/2009,-104.9,-104.9
1/8/2009,-101.5,-101.5
1/7/2009,-96.9,-96.9
1/6/2009,-97.8,-97.8
1/5/2009,-102.9,-102.9
1/2/2009,-103.3,-103.3
12/30/2008,-101.8,-101.8
12/29/2008,-95.6,-95.6
12/23/2008,-97.1,-97.1
12/22/2008,-99.4,-99.4
12/19/2008,-106.5,-106.5
12/18/2008,-104.9,-104.9
12/17/2008,-103.4,-103.4
12/16/2008,-103.8,-103.8
12/15/2008,-103,-103
12/12/2008,-101.3,-101.3
12/11/2008,-105,-105
12/10/2008,-99.6,-99.6
12/9/2008,-99.3,-99.3
12/8/2008,-105.3,-105.3
12/5/2008,-107.2,-107.2
12/4/2008,-89.6,-89.6
12/3/2008,-91.5,-91.5
12/2/2008,-88.2,-88.2
12/1/2008,-89.5,-89.5
11/28/2008,-89.7,-89.7
11/27/2008,-90,-90
11/26/2008,-91.8,-91.8
11/25/2008,-82.9,-82.9
11/24/2008,-82.3,-82.3
11/21/2008,-71.5,-71.5
11/20/2008,-71.2,-71.2
11/19/2008,-71.7,-71.7
11/18/2008,-68.8,-68.8
11/17/2008,-70.3,-70.3
11/14/2008,-73.1,-73.1
11/13/2008,-66.4,-66.4
11/12/2008,-65.4,-65.4
11/11/2008,-64.2,-64.2
11/10/2008,-69.9,-69.9
11/7/2008,-67.9,-67.9
11/6/2008,-61.1,-61.1
11/5/2008,-53.3,-53.3
11/4/2008,-50,-50
11/3/2008,-49.9,-49.9
10/31/2008,-48.9,-48.9
10/30/2008,-45.1,-45.1
10/29/2008,-40.2,-40.2
10/28/2008,-42.8,-42.8
10/27/2008,-34.8,-34.8
10/24/2008,-33.8,-33.8
10/23/2008,-28.4,-28.4
10/22/2008,-29.5,-29.5
10/21/2008,-29.5,-29.5
10/20/2008,-32.5,-32.5
10/17/2008,-36.4,-36.4
10/16/2008,-33,-33
10/15/2008,-28.2,-28.2
10/14/2008,-25,-25
10/13/2008,-19.4,-19.4
10/10/2008,-20.7,-20.7
10/9/2008,-24.2,-24.2
10/8/2008,-20.6,-20.6
10/7/2008,-27.5,-27.5
10/6/2008,-32,-32
10/3/2008,-32.3,-32.3
10/2/2008,-29.6,-29.6
10/1/2008,-30.5,-30.5
9/30/2008,-21.9,-21.9
9/29/2008,-26.2,-26.2
9/26/2008,-27,-27
9/25/2008,-23.6,-23.6
9/24/2008,-19.8,-19.8
9/23/2008,-9.4,-9.4
9/22/2008,-9.7,-9.7
9/19/2008,-11.9,-11.9
9/18/2008,-12.8,-12.8
9/17/2008,-19.8,-19.8
9/16/2008,-19.5,-19.5
9/15/2008,-23.8,-23.8
9/12/2008,-20.5,-20.5
9/11/2008,-21,-21
9/10/2008,-15,-15
9/9/2008,-15.6,-15.6
9/8/2008,-15.7,-15.7
9/5/2008,-16.2,-16.2
9/4/2008,-10.5,-10.5
9/3/2008,-6.8,-6.8
9/2/2008,-8,-8
9/1/2008,-8.4,-8.4
8/29/2008,-12.5,-12.5
8/28/2008,-17.6,-17.6
8/27/2008,-23.4,-23.4
8/26/2008,-24.3,-24.3
8/25/2008,-17.1,-17.1
8/22/2008,-18.7,-18.7
8/21/2008,-18.5,-18.5
8/20/2008,-20.1,-20.1
8/19/2008,-21.7,-21.7
8/18/2008,-26.5,-26.5
8/15/2008,-26.1,-26.1
8/14/2008,-27.5,-27.5
8/13/2008,-30.6,-30.6
8/12/2008,-29.9,-29.9
8/11/2008,-39,-39
8/8/2008,-37.2,-37.2
8/7/2008,-35,-35
8/6/2008,-35.7,-35.7
8/5/2008,-30.1,-30.1
8/4/2008,-30.2,-30.2
8/1/2008,-29.6,-29.6
7/31/2008,-30.7,-30.7
7/30/2008,-27,-27
7/29/2008,-22.8,-22.8
7/28/2008,-22.9,-22.9
7/25/2008,-24.1,-24.1
7/24/2008,-24,-24
7/23/2008,-6,-6
7/22/2008,-7.2,-7.2
7/21/2008,-8.9,-8.9
7/18/2008,-12.5,-12.5
7/17/2008,-13.4,-13.4
7/16/2008,-15,-15
7/15/2008,-19,-19
7/14/2008,-14.6,-14.6
7/11/2008,-16.5,-16.5
7/10/2008,-21.2,-21.2
7/9/2008,-22.2,-22.2
7/8/2008,-25.9,-25.9
7/7/2008,-27.7,-27.7
7/4/2008,-24.8,-24.8
7/3/2008,-23.2,-23.2
7/2/2008,-19.1,-19.1
7/1/2008,-20.4,-20.4
6/30/2008,-23.7,-23.7
6/27/2008,-25.4,-25.4
6/26/2008,-22.9,-22.9
6/25/2008,-21.9,-21.9
6/24/2008,-22.1,-22.1
6/23/2008,-22.1,-22.1
6/20/2008,-16.8,-16.8
6/19/2008,-17.7,-17.7
6/18/2008,-22.3,-22.3
6/17/2008,-22.3,-22.3
6/16/2008,-16.9,-16.9
6/13/2008,-20.5,-20.5
6/12/2008,-20.7,-20.7
6/11/2008,-24.2,-24.2
6/10/2008,-23.6,-23.6
6/9/2008,-23.8,-23.8
6/6/2008,-21.9,-21.9
6/5/2008,-17.2,-17.2
6/4/2008,-14.4,-14.4
6/3/2008,-14.4,-14.4
6/2/2008,-14.9,-14.9
5/30/2008,-15,-15
5/29/2008,-14,-14
5/28/2008,-11,-11
5/27/2008,-11.5,-11.5
5/23/2008,-10.7,-10.7
5/22/2008,-8.7,-8.7
5/21/2008,-8.8,-8.8
5/20/2008,-16.7,-16.7
5/19/2008,-14.6,-14.6
5/16/2008,-15.3,-15.3
5/15/2008,-16,-16
5/14/2008,-19.3,-19.3
5/13/2008,-19.6,-19.6
5/12/2008,-24.1,-24.1
5/9/2008,-23.5,-23.5
5/8/2008,-28.1,-28.1
5/7/2008,-28,-28
5/6/2008,-26.1,-26.1
5/2/2008,-29.6,-29.6
5/1/2008,-34.1,-34.1
4/30/2008,-35.3,-35.3
4/29/2008,-28.8,-28.8
4/28/2008,-30,-30
4/25/2008,-31.3,-31.3
4/24/2008,-30.4,-30.4
4/23/2008,-19,-19
4/22/2008,-16.8,-16.8
4/21/2008,-16.4,-16.4
4/18/2008,-14,-14
4/17/2008,-13.8,-13.8
4/16/2008,-11.2,-11.2
4/15/2008,-12.3,-12.3
4/14/2008,-8.8,-8.8
4/11/2008,-9,-9
4/10/2008,-6.7,-6.7
4/9/2008,0.6,0.6
4/8/2008,-0.8,-0.8
4/7/2008,-1.8,-1.8
4/4/2008,-3.2,-3.2
4/3/2008,1.2,1.2
4/2/2008,0.6,0.6
4/1/2008,-0.3,-0.3
3/31/2008,-0.5,-0.5
3/28/2008,-3.2,-3.2
3/27/2008,-2.7,-2.7
3/26/2008,-3,-3
3/25/2008,-11.9,-11.9
3/20/2008,-8.9,-8.9
3/19/2008,-11.2,-11.2
3/18/2008,-11,-11
3/17/2008,-12.4,-12.4
3/14/2008,-10.6,-10.6
3/13/2008,-7.6,-7.6
3/12/2008,-4.8,-4.8
3/11/2008,-6.9,-6.9
3/10/2008,-12.2,-12.2
3/7/2008,-17.2,-17.2
3/6/2008,-18,-18
3/5/2008,-16,-16
3/4/2008,-18.4,-18.4
3/3/2008,-17.4,-17.4
2/29/2008,-15.4,-15.4
2/28/2008,-13,-13
2/27/2008,-8.8,-8.8
2/26/2008,-8.3,-8.3
2/25/2008,-9,-9
2/22/2008,-6.5,-6.5
2/21/2008,-2.9,-2.9
2/20/2008,0.1,0.1
2/19/2008,-1.8,-1.8
2/18/2008,-0.9,-0.9
2/15/2008,-0.4,-0.4
2/14/2008,7.1,7.1
2/13/2008,-0.6,-0.6
2/12/2008,-1.9,-1.9
2/11/2008,-5.1,-5.1
2/8/2008,-7,-7
2/7/2008,-8.5,-8.5
2/6/2008,-8.9,-8.9
2/5/2008,-9.7,-9.7
2/4/2008,-0.6,-0.6
2/1/2008,-1.9,-1.9
1/31/2008,0.7,0.7
1/30/2008,1.8,1.8
1/29/2008,9.1,9.1
1/28/2008,6.4,6.4
1/25/2008,11.4,11.4
1/24/2008,11.6,11.6
1/23/2008,7,7
1/22/2008,4.3,4.3
1/21/2008,2.5,2.5
1/18/2008,2.9,2.9
1/17/2008,1.7,1.7
1/16/2008,7.8,7.8
1/15/2008,2.5,2.5
1/14/2008,5.8,5.8
1/11/2008,4.3,4.3
1/10/2008,11.8,11.8
1/9/2008,11.1,11.1
1/8/2008,14.1,14.1
1/7/2008,5,5
1/4/2008,6.2,6.2
1/3/2008,8.7,8.7
1/2/2008,8.2,8.2
12/31/2007,12.4,12.4
12/28/2007,12.6,12.6
12/27/2007,11.1,11.1
12/26/2007,10.3,10.3
12/24/2007,10.1,10.1
12/21/2007,9.1,9.1
12/20/2007,7.6,7.6
12/19/2007,10.1,10.1
12/18/2007,13.3,13.3
12/17/2007,13.7,13.7
12/14/2007,6.7,6.7
12/13/2007,7.8,7.8
12/12/2007,-3.5,-3.5
12/11/2007,-4.3,-4.3
12/10/2007,-3.9,-3.9
12/7/2007,-7.3,-7.3
12/6/2007,-9.3,-9.3
12/5/2007,-15.5,-15.5
12/4/2007,-15.4,-15.4
12/3/2007,-17.3,-17.3
11/30/2007,-20.1,-20.1
11/29/2007,-21.1,-21.1
11/28/2007,-20.3,-20.3
11/27/2007,-23.9,-23.9
11/26/2007,-30.6,-30.6
11/23/2007,-30.4,-30.4
11/22/2007,-28.1,-28.1
11/21/2007,-27.7,-27.7
11/20/2007,-27.4,-27.4
11/19/2007,-27,-27
11/16/2007,-27.8,-27.8
11/15/2007,-21.3,-21.3
11/14/2007,-22.3,-22.3
11/13/2007,-22.9,-22.9
11/12/2007,-16.9,-16.9
11/9/2007,-15.3,-15.3
11/8/2007,-15.8,-15.8
11/7/2007,-13.4,-13.4
11/6/2007,-15.1,-15.1
11/5/2007,-11,-11
11/2/2007,-9.9,-9.9
11/1/2007,-15,-15
10/31/2007,-13.3,-13.3
10/30/2007,-19,-19
10/29/2007,-16.3,-16.3
10/26/2007,-16.4,-16.4
10/25/2007,-15,-15
10/24/2007,-14.4,-14.4
10/23/2007,-14.8,-14.8
10/22/2007,-15.7,-15.7
10/19/2007,-15.5,-15.5
10/18/2007,-16.2,-16.2
10/17/2007,-17.1,-17.1
10/16/2007,-16.7,-16.7
10/15/2007,-6.7,-6.7
10/12/2007,-8.3,-8.3
10/11/2007,-8.3,-8.3
10/10/2007,-9.9,-9.9
10/9/2007,-10.2,-10.2
10/8/2007,-13.4,-13.4
10/5/2007,-11.4,-11.4
10/4/2007,-12.7,-12.7
10/3/2007,-12.6,-12.6
10/2/2007,-11.7,-11.7
10/1/2007,-10.6,-10.6
9/28/2007,-8,-8
9/27/2007,-6.8,-6.8
9/26/2007,-5.7,-5.7
9/25/2007,-7.1,-7.1
9/24/2007,-1.2,-1.2
9/21/2007,-0.8,-0.8
9/20/2007,0.3,0.3
9/19/2007,-2.7,-2.7
9/18/2007,-2.6,-2.6
9/17/2007,6,6
9/14/2007,4.6,4.6
9/13/2007,8.9,8.9
9/12/2007,8.6,8.6
9/11/2007,8.6,8.6
9/10/2007,6.8,6.8
9/7/2007,7.6,7.6
9/6/2007,14.3,14.3
9/5/2007,21.5,21.5
9/4/2007,21.3,21.3
9/3/2007,20.9,20.9
8/31/2007,22,22
8/30/2007,20.6,20.6
8/29/2007,21.8,21.8
8/28/2007,22.4,22.4
8/27/2007,17.5,17.5
8/24/2007,18.6,18.6
8/22/2007,16.3,16.3
8/21/2007,16.6,16.6
8/20/2007,19.4,19.4
8/17/2007,19.3,19.3
8/16/2007,20.5,20.5
8/15/2007,21.6,21.6
8/14/2007,13.4,13.4
8/13/2007,10.1,10.1
8/10/2007,11.5,11.5
8/9/2007,12,12
8/8/2007,11.2,11.2
8/7/2007,13.4,13.4
8/6/2007,14.1,14.1
8/3/2007,3.6,3.6
8/2/2007,9.3,9.3
8/1/2007,9.2,9.2
7/31/2007,10.6,10.6
7/30/2007,7.3,7.3
7/27/2007,8.7,8.7
7/26/2007,7.7,7.7
7/25/2007,8.8,8.8
7/24/2007,11.6,11.6
7/23/2007,9.3,9.3
7/20/2007,11.2,11.2
7/19/2007,10.8,10.8
7/18/2007,12.4,12.4
7/17/2007,13.1,13.1
7/16/2007,11.5,11.5
7/13/2007,12.3,12.3
7/12/2007,15.7,15.7
7/11/2007,16.1,16.1
7/10/2007,16.3,16.3
7/9/2007,16.1,16.1
7/6/2007,15.3,15.3
7/5/2007,9.6,9.6
7/4/2007,6.7,6.7
7/3/2007,6.8,6.8
7/2/2007,8.2,8.2
6/29/2007,9.2,9.2
6/28/2007,9.1,9.1
6/27/2007,11.4,11.4
6/26/2007,12,12
6/25/2007,14.4,14.4
6/22/2007,17.8,17.8
6/21/2007,24.7,24.7
6/20/2007,26.9,26.9
6/19/2007,27.4,27.4
6/18/2007,33.5,33.5
6/15/2007,36,36
6/14/2007,36.4,36.4
6/13/2007,36.8,36.8
6/12/2007,33.8,33.8
6/11/2007,35.4,35.4
6/8/2007,37.1,37.1
6/7/2007,35.6,35.6
6/6/2007,35.5,35.5
6/5/2007,36.3,36.3
6/4/2007,33.7,33.7
6/1/2007,34.8,34.8
5/31/2007,33.6,33.6
5/30/2007,30.9,30.9
5/29/2007,33.9,33.9
5/28/2007,31.9,31.9
5/25/2007,32.8,32.8
5/24/2007,34,34
5/23/2007,38.2,38.2
5/22/2007,38.4,38.4
5/21/2007,38.5,38.5
5/18/2007,40.7,40.7
5/17/2007,42,42
5/16/2007,42.7,42.7
5/15/2007,40.3,40.3
5/14/2007,39.9,39.9
5/11/2007,36.9,36.9
5/10/2007,41.4,41.4
5/9/2007,47.5,47.5
5/8/2007,47.5,47.5
5/7/2007,47.7,47.7
5/4/2007,41.1,41.1
5/3/2007,41.8,41.8
5/2/2007,39.1,39.1
5/1/2007,38.6,38.6
4/30/2007,33.3,33.3
4/27/2007,28.5,28.5
4/26/2007,31.7,31.7
4/25/2007,27.4,27.4
4/24/2007,24.4,24.4
4/23/2007,25.1,25.1
4/20/2007,24.8,24.8
4/19/2007,24.1,24.1
4/18/2007,22.9,22.9
4/17/2007,22.4,22.4
4/16/2007,19.7,19.7
4/13/2007,22.8,22.8
4/12/2007,20.9,20.9
4/11/2007,21.6,21.6
4/10/2007,24.4,24.4
4/9/2007,24.5,24.5
4/6/2007,26.9,26.9
4/5/2007,23.6,23.6
4/4/2007,19.9,19.9
4/3/2007,17.4,17.4
4/2/2007,18.1,18.1
3/30/2007,22.8,22.8
3/29/2007,16.2,16.2
3/28/2007,13.8,13.8
3/27/2007,15.6,15.6
3/26/2007,12.9,12.9
3/23/2007,14.7,14.7
3/22/2007,15,15
3/21/2007,14,14
3/20/2007,14.6,14.6
3/19/2007,12.5,12.5
3/16/2007,14.6,14.6
3/15/2007,11.9,11.9
3/14/2007,12,12
3/13/2007,13.1,13.1
3/12/2007,14.8,14.8
3/9/2007,22.4,22.4
3/8/2007,21.1,21.1
3/7/2007,19.5,19.5
3/6/2007,21.8,21.8
3/5/2007,22.3,22.3
3/2/2007,26.7,26.7
3/1/2007,27.9,27.9
2/28/2007,24.8,24.8
2/27/2007,27.8,27.8
2/26/2007,25.8,25.8
2/23/2007,27,27
2/22/2007,27.7,27.7
2/21/2007,25.4,25.4
2/20/2007,22.4,22.4
2/19/2007,23.7,23.7
2/16/2007,25.6,25.6
2/15/2007,28,28
2/14/2007,37.9,37.9
2/13/2007,38.7,38.7
2/12/2007,42.5,42.5
2/9/2007,42.1,42.1
2/8/2007,40.2,40.2
2/7/2007,40.3,40.3
2/6/2007,42,42
2/5/2007,43.6,43.6
2/2/2007,42.1,42.1
2/1/2007,44.9,44.9
1/31/2007,47.8,47.8
1/30/2007,46.7,46.7
1/29/2007,46.3,46.3
1/26/2007,47.8,47.8
1/25/2007,44.2,44.2
1/24/2007,49,49
1/23/2007,48.5,48.5
1/22/2007,47.4,47.4
1/19/2007,49.1,49.1
1/18/2007,46.8,46.8
1/17/2007,44.7,44.7
1/16/2007,45.3,45.3
1/15/2007,42.1,42.1
1/12/2007,42.8,42.8
1/11/2007,39,39
1/10/2007,38.9,38.9
1/9/2007,34.8,34.8
1/8/2007,34,34
1/5/2007,33,33
1/4/2007,27.5,27.5
1/3/2007,26.8,26.8
1/2/2007,25.8,25.8
1/1/2007,26.4,26.4
12/29/2006,26.7,26.7
12/28/2006,23.6,23.6
12/27/2006,17.8,17.8
12/26/2006,17.8,17.8
12/25/2006,17.6,17.6
12/22/2006,20,20
12/21/2006,20.3,20.3
12/20/2006,24.9,24.9
12/19/2006,25.8,25.8
12/18/2006,17.8,17.8
12/15/2006,15.4,15.4
12/14/2006,11.6,11.6
12/13/2006,9.5,9.5
12/12/2006,0.4,0.4
12/11/2006,-11.7,-11.7
12/8/2006,-14.8,-14.8
12/7/2006,-11.1,-11.1
12/6/2006,-12.4,-12.4
12/5/2006,-8.2,-8.2
12/4/2006,-12.3,-12.3
12/1/2006,-12.9,-12.9
11/30/2006,-10.4,-10.4
11/29/2006,-8.8,-8.8
11/28/2006,-15.2,-15.2
11/27/2006,-11.7,-11.7
11/24/2006,-14.2,-14.2
11/23/2006,-14.9,-14.9
11/22/2006,-22.4,-22.4
11/21/2006,-22.3,-22.3
11/20/2006,-22.4,-22.4
11/17/2006,-25.2,-25.2
11/16/2006,-24.2,-24.2
11/15/2006,-23.1,-23.1
11/14/2006,-23.7,-23.7
11/13/2006,-20.7,-20.7
11/10/2006,-21.1,-21.1
11/9/2006,-18.9,-18.9
11/8/2006,-21.5,-21.5
11/7/2006,-21.3,-21.3
11/6/2006,-20.9,-20.9
11/3/2006,-17.9,-17.9
11/2/2006,-23,-23
11/1/2006,-22.6,-22.6
10/31/2006,-21.4,-21.4
10/30/2006,-18.2,-18.2
10/27/2006,-20.1,-20.1
10/26/2006,-19.1,-19.1
10/25/2006,-22.4,-22.4
10/24/2006,-28.6,-28.6
10/23/2006,-26.7,-26.7
10/20/2006,-28.8,-28.8
10/19/2006,-29.8,-29.8
10/18/2006,-27,-27
10/17/2006,-27.6,-27.6
10/16/2006,-29.7,-29.7
10/13/2006,-33.2,-33.2
10/12/2006,-31.2,-31.2
10/11/2006,-26.1,-26.1
10/10/2006,-26.8,-26.8
10/9/2006,-25.6,-25.6
10/6/2006,-29.5,-29.5
10/5/2006,-34.9,-34.9
10/4/2006,-35.2,-35.2
10/3/2006,-33.3,-33.3
10/2/2006,-33.9,-33.9
9/29/2006,-37.2,-37.2
9/28/2006,-40.2,-40.2
9/27/2006,-38.3,-38.3
9/26/2006,-43.9,-43.9
9/25/2006,-46.6,-46.6
9/22/2006,-41.6,-41.6
9/21/2006,-45.2,-45.2
9/20/2006,-41.8,-41.8
9/19/2006,-41.3,-41.3
9/18/2006,-32.4,-32.4
9/15/2006,-24.5,-24.5
9/14/2006,-22.5,-22.5
9/13/2006,-21.8,-21.8
9/12/2006,-21.7,-21.7
9/11/2006,-17.3,-17.3
9/8/2006,-11.1,-11.1
9/7/2006,-10.1,-10.1
9/6/2006,-11.5,-11.5
9/5/2006,-13.2,-13.2
9/4/2006,-12.1,-12.1
9/1/2006,-10.8,-10.8
8/31/2006,-11.5,-11.5
8/30/2006,-6,-6
8/29/2006,-5.4,-5.4
8/28/2006,-3.5,-3.5
8/25/2006,-0.2,-0.2
8/24/2006,-0.9,-0.9
8/23/2006,-0.3,-0.3
8/22/2006,0,0
8/21/2006,8.3,8.3
8/18/2006,7.4,7.4
8/17/2006,8.9,8.9
8/16/2006,7.7,7.7
8/15/2006,8,8
8/14/2006,7.9,7.9
8/11/2006,6.7,6.7
8/10/2006,3.1,3.1
8/9/2006,3.2,3.2
8/8/2006,1.8,1.8
8/7/2006,3.7,3.7
8/4/2006,2.8,2.8
8/3/2006,9.2,9.2
8/2/2006,11.3,11.3
8/1/2006,10.5,10.5
7/31/2006,8.5,8.5
7/28/2006,5.4,5.4
7/27/2006,10.6,10.6
7/26/2006,10.8,10.8
7/25/2006,12.4,12.4
7/24/2006,14.5,14.5
7/21/2006,21.3,21.3
7/20/2006,20.8,20.8
7/19/2006,21,21
7/18/2006,22.5,22.5
7/17/2006,31.4,31.4
7/14/2006,33.6,33.6
7/13/2006,36.3,36.3
7/12/2006,36.5,36.5
7/11/2006,35.1,35.1
7/10/2006,36.1,36.1
7/7/2006,36.8,36.8
7/6/2006,38.3,38.3
7/5/2006,42.6,42.6
7/4/2006,43.7,43.7
7/3/2006,44.4,44.4
6/30/2006,45.7,45.7
6/29/2006,45.1,45.1
6/28/2006,39.3,39.3
6/27/2006,39.6,39.6
6/26/2006,28.5,28.5
6/23/2006,35.2,35.2
6/22/2006,37.4,37.4
6/21/2006,39.1,39.1
6/20/2006,37.3,37.3
6/19/2006,37.2,37.2
6/16/2006,40.3,40.3
6/15/2006,40.2,40.2
6/14/2006,41.8,41.8
6/13/2006,41.7,41.7
6/12/2006,46.2,46.2
6/9/2006,47.9,47.9
6/8/2006,42.2,42.2
6/7/2006,42.2,42.2
6/6/2006,42.5,42.5
6/5/2006,40.9,40.9
6/2/2006,40,40
6/1/2006,43.7,43.7
5/31/2006,44.9,44.9
5/30/2006,42.6,42.6
5/29/2006,39.6,39.6
5/26/2006,39.8,39.8
5/25/2006,39.8,39.8
5/24/2006,42.6,42.6
5/23/2006,38.5,38.5
5/22/2006,39,39
5/19/2006,42.5,42.5
5/18/2006,40.4,40.4
5/17/2006,40.1,40.1
5/16/2006,39.5,39.5
5/15/2006,45.6,45.6
5/12/2006,51.3,51.3
5/11/2006,45.1,45.1
5/10/2006,46.8,46.8
5/9/2006,47.5,47.5
5/8/2006,53.7,53.7
5/5/2006,53.7,53.7
5/4/2006,56.2,56.2
5/3/2006,56.2,56.2
5/2/2006,52.3,52.3
5/1/2006,52,52
4/28/2006,48.6,48.6
4/27/2006,45.3,45.3
4/26/2006,42.4,42.4
4/25/2006,36.7,36.7
4/24/2006,25.6,25.6
4/21/2006,20.5,20.5
4/20/2006,21,21
4/19/2006,22,22
4/18/2006,20.4,20.4
4/17/2006,20.4,20.4
4/14/2006,14.9,14.9
4/13/2006,14.2,14.2
4/12/2006,15.9,15.9
4/11/2006,11.8,11.8
4/10/2006,14.2,14.2
4/7/2006,14.5,14.5
4/6/2006,11.9,11.9
4/5/2006,11.1,11.1
4/4/2006,10.1,10.1
4/3/2006,10.9,10.9
3/31/2006,14.6,14.6
3/30/2006,12.5,12.5
3/29/2006,12,12
3/28/2006,12.2,12.2
3/27/2006,-11.2,-11.2
3/24/2006,-15.5,-15.5
3/23/2006,-15.2,-15.2
3/22/2006,-15.2,-15.2
3/21/2006,-15.8,-15.8
3/20/2006,-18.5,-18.5
3/17/2006,-19.1,-19.1
3/16/2006,-18.4,-18.4
3/15/2006,-17.7,-17.7
3/14/2006,-17.1,-17.1
3/13/2006,-11.8,-11.8
3/10/2006,-11.4,-11.4
3/9/2006,-11.7,-11.7
3/8/2006,-4.6,-4.6
3/7/2006,-4.6,-4.6
3/6/2006,-2.6,-2.6
3/3/2006,-1.7,-1.7
3/2/2006,-3.2,-3.2
3/1/2006,-3,-3
2/28/2006,-4.4,-4.4
2/27/2006,-0.1,-0.1
2/24/2006,2.4,2.4
2/23/2006,7.6,7.6
2/22/2006,0.4,0.4
2/21/2006,-0.5,-0.5
2/20/2006,-0.6,-0.6
2/17/2006,-0.4,-0.4
2/16/2006,-0.4,-0.4
2/15/2006,-1.2,-1.2
2/14/2006,2.9,2.9
2/13/2006,-6,-6
2/10/2006,-5.3,-5.3
2/9/2006,-4.5,-4.5
2/8/2006,-3.3,-3.3
2/7/2006,-3.1,-3.1
2/6/2006,-1.7,-1.7
2/3/2006,1.1,1.1
2/2/2006,5.5,5.5
2/1/2006,5.5,5.5
1/31/2006,6.7,6.7
1/30/2006,6.3,6.3
1/27/2006,9.6,9.6
1/26/2006,22.8,22.8
1/25/2006,22.9,22.9
1/24/2006,13.1,13.1
1/23/2006,13.9,13.9
1/20/2006,16.9,16.9
1/19/2006,19.6,19.6
1/18/2006,23.6,23.6
1/17/2006,24.8,24.8
1/16/2006,25.6,25.6
1/13/2006,29.1,29.1
1/12/2006,32.5,32.5
1/11/2006,29.9,29.9
1/10/2006,31,31
1/9/2006,28.7,28.7
1/6/2006,29.8,29.8
1/5/2006,34.5,34.5
1/4/2006,28.2,28.2
1/3/2006,28.6,28.6
1/2/2006,32.8,32.8
12/30/2005,32.6,32.6
12/29/2005,32.9,32.9
12/28/2005,34.7,34.7
12/27/2005,36.2,36.2
12/26/2005,37.4,37.4
12/23/2005,40,40
12/22/2005,43.1,43.1
12/21/2005,42.3,42.3
12/20/2005,43.3,43.3
12/19/2005,42.8,42.8
12/16/2005,43.5,43.5
12/15/2005,37.5,37.5
12/14/2005,30,30
12/13/2005,43,43
12/12/2005,32.7,32.7
12/9/2005,34.3,34.3
12/8/2005,36,36
12/7/2005,35.4,35.4
12/6/2005,36.3,36.3
12/5/2005,34.5,34.5
12/2/2005,40.8,40.8
12/1/2005,41.6,41.6
11/30/2005,42,42
11/29/2005,39.3,39.3
11/28/2005,37.8,37.8
11/25/2005,33.4,33.4
11/24/2005,32.9,32.9
11/23/2005,36.7,36.7
11/22/2005,37.1,37.1
11/21/2005,38.7,38.7
11/18/2005,39.8,39.8
11/17/2005,40.4,40.4
11/16/2005,42.9,42.9
11/15/2005,39.3,39.3
11/14/2005,37.9,37.9
11/11/2005,38.6,38.6
11/10/2005,37.9,37.9
11/9/2005,47.8,47.8
11/8/2005,46.5,46.5
11/7/2005,46.2,46.2
11/4/2005,46.4,46.4
11/3/2005,43.4,43.4
11/2/2005,40.3,40.3
11/1/2005,41,41
10/31/2005,38.9,38.9
10/28/2005,38,38
10/27/2005,38.2,38.2
10/26/2005,39.2,39.2
10/25/2005,41.1,41.1
10/24/2005,32.5,32.5
10/21/2005,35.2,35.2
10/20/2005,35.3,35.3
10/19/2005,33.4,33.4
10/18/2005,32.6,32.6
10/17/2005,30.3,30.3
10/14/2005,34.9,34.9
10/13/2005,39.2,39.2
10/12/2005,40.4,40.4
10/11/2005,41.9,41.9
10/10/2005,42.5,42.5
10/7/2005,45.2,45.2
10/6/2005,44.7,44.7
10/5/2005,47.4,47.4
10/4/2005,53.4,53.4
10/3/2005,54.1,54.1
9/30/2005,50.8,50.8
9/29/2005,49.1,49.1
9/28/2005,50.2,50.2
9/27/2005,48.3,48.3
9/26/2005,48.1,48.1
9/23/2005,52.5,52.5
9/22/2005,53.7,53.7
9/21/2005,55,55
9/20/2005,53.5,53.5
9/19/2005,58.6,58.6
9/16/2005,61.1,61.1
9/15/2005,59.4,59.4
9/14/2005,64,64
9/13/2005,62.1,62.1
9/12/2005,58.9,58.9
9/9/2005,56.1,56.1
9/8/2005,56.2,56.2
9/7/2005,53.6,53.6
9/6/2005,50.6,50.6
9/5/2005,38,38
9/2/2005,39,39
9/1/2005,39.3,39.3
8/31/2005,43.9,43.9
8/30/2005,50.4,50.4
8/29/2005,47.6,47.6
8/26/2005,47,47
8/25/2005,45.4,45.4
8/24/2005,48.2,48.2
8/23/2005,47.8,47.8
8/22/2005,40.6,40.6
8/19/2005,39.1,39.1
8/18/2005,38.6,38.6
8/17/2005,36.9,36.9
8/16/2005,36.6,36.6
8/15/2005,38.2,38.2
8/12/2005,34.4,34.4
8/11/2005,38.6,38.6
8/10/2005,40.1,40.1
8/9/2005,39.9,39.9
8/8/2005,37.5,37.5
8/5/2005,41.9,41.9
8/4/2005,39.6,39.6
8/3/2005,35.5,35.5
8/2/2005,37.5,37.5
8/1/2005,38.5,38.5
7/29/2005,37.5,37.5
7/28/2005,32.7,32.7
7/27/2005,31.4,31.4
7/26/2005,28.3,28.3
7/25/2005,23.9,23.9
7/22/2005,23.3,23.3
7/21/2005,24.4,24.4
7/20/2005,23.6,23.6
7/19/2005,23.7,23.7
7/18/2005,15.3,15.3
7/15/2005,14.4,14.4
7/14/2005,9.8,9.8
7/13/2005,10.2,10.2
7/12/2005,7.9,7.9
7/11/2005,7.5,7.5
7/8/2005,5,5
7/7/2005,7.3,7.3
7/6/2005,6.2,6.2
7/5/2005,-0.3,-0.3
7/4/2005,-0.7,-0.7
7/1/2005,-3.1,-3.1
6/30/2005,-11.5,-11.5
6/29/2005,-10.9,-10.9
6/28/2005,-13,-13
6/27/2005,-19.5,-19.5
6/24/2005,-23.6,-23.6
6/23/2005,-25.7,-25.7
6/22/2005,-26.7,-26.7
6/21/2005,-27.6,-27.6
6/20/2005,-28.8,-28.8
6/17/2005,-31.9,-31.9
6/16/2005,-34.3,-34.3
6/15/2005,-32.1,-32.1
6/14/2005,-29.4,-29.4
6/13/2005,-27.7,-27.7
6/10/2005,-26.3,-26.3
6/9/2005,-29.2,-29.2
6/8/2005,-29.5,-29.5
6/7/2005,-29.8,-29.8
6/6/2005,-31.6,-31.6
6/3/2005,-27.6,-27.6
6/2/2005,-22.3,-22.3
6/1/2005,-22.7,-22.7
5/31/2005,-21,-21
5/30/2005,-22,-22
5/27/2005,-23.6,-23.6
5/26/2005,-20.5,-20.5
5/25/2005,-19.5,-19.5
5/24/2005,-17.6,-17.6
5/23/2005,-13.7,-13.7
5/20/2005,-16.2,-16.2
5/19/2005,-17.4,-17.4
5/18/2005,-16.5,-16.5
5/17/2005,-13.9,-13.9
5/16/2005,-16.3,-16.3
5/13/2005,-8.3,-8.3
5/12/2005,-7.2,-7.2
5/11/2005,-13.9,-13.9
5/10/2005,-27.7,-27.7
5/9/2005,-28.1,-28.1
5/6/2005,-25.3,-25.3
5/5/2005,-34,-34
5/4/2005,-33.9,-33.9
5/3/2005,-33.1,-33.1
5/2/2005,-32.2,-32.2
4/29/2005,-29.9,-29.9
4/28/2005,-32.1,-32.1
4/27/2005,-27.7,-27.7
4/26/2005,-22.4,-22.4
4/25/2005,-26.9,-26.9
4/22/2005,-24.5,-24.5
4/21/2005,-24.8,-24.8
4/20/2005,-26.8,-26.8
4/19/2005,-29.5,-29.5
4/18/2005,-20.1,-20.1
4/15/2005,-19.5,-19.5
4/14/2005,-19.6,-19.6
4/13/2005,-19.1,-19.1
4/12/2005,-14,-14
4/11/2005,-9.5,-9.5
4/8/2005,-12.3,-12.3
4/7/2005,-12.8,-12.8
4/6/2005,-11.4,-11.4
4/5/2005,-7.3,-7.3
4/4/2005,-9.3,-9.3
4/1/2005,-9.6,-9.6
3/31/2005,-4.1,-4.1
3/30/2005,-7.2,-7.2
3/29/2005,-2.2,-2.2
3/28/2005,3.3,3.3
3/25/2005,2.6,2.6
3/24/2005,2.5,2.5
3/23/2005,2.4,2.4
3/22/2005,8.9,8.9
3/21/2005,7.8,7.8
3/18/2005,8,8
3/17/2005,8.6,8.6
3/16/2005,10.7,10.7
3/15/2005,11.4,11.4
3/14/2005,8.6,8.6
3/11/2005,8.8,8.8
3/10/2005,11.4,11.4
3/9/2005,12.8,12.8
3/8/2005,9.1,9.1
3/7/2005,9.4,9.4
3/4/2005,10.9,10.9
3/3/2005,8.5,8.5
3/2/2005,9.9,9.9
3/1/2005,10.5,10.5
2/28/2005,13.8,13.8
2/25/2005,11,11
2/24/2005,12.1,12.1
2/23/2005,12.5,12.5
2/22/2005,20.7,20.7
2/21/2005,17.3,17.3
2/18/2005,18.3,18.3
2/17/2005,18.5,18.5
2/16/2005,17.2,17.2
2/15/2005,17.4,17.4
2/14/2005,12.2,12.2
2/11/2005,12.2,12.2
2/10/2005,12.3,12.3
2/9/2005,11.5,11.5
2/8/2005,10.4,10.4
2/7/2005,10.2,10.2
2/4/2005,9.4,9.4
2/3/2005,0.9,0.9
2/2/2005,2.6,2.6
2/1/2005,3.1,3.1
1/31/2005,3.8,3.8
1/28/2005,4.4,4.4
1/27/2005,4.1,4.1
1/26/2005,4.3,4.3
1/25/2005,1.3,1.3
1/24/2005,0,0
1/21/2005,0.1,0.1
1/20/2005,1.7,1.7
1/19/2005,4.2,4.2
1/18/2005,4.3,4.3
1/17/2005,0.8,0.8
1/14/2005,1.7,1.7
1/13/2005,-5.2,-5.2
1/12/2005,-4.1,-4.1
1/11/2005,7.8,7.8
1/10/2005,4.7,4.7
1/7/2005,2.9,2.9
1/6/2005,6.3,6.3
1/5/2005,6.8,6.8
1/4/2005,4.2,4.2
1/3/2005,4,4
12/31/2004,1.3,1.3
12/30/2004,1.1,1.1
12/29/2004,1.8,1.8
12/28/2004,1.6,1.6
12/27/2004,2.5,2.5
12/24/2004,2.3,2.3
12/23/2004,2.2,2.2
12/22/2004,3.6,3.6
12/21/2004,2.7,2.7
12/20/2004,-0.2,-0.2
12/17/2004,-0.8,-0.8
12/16/2004,-12,-12
12/15/2004,-13,-13
12/14/2004,-15.6,-15.6
12/13/2004,-11.6,-11.6
12/10/2004,-16.6,-16.6
12/9/2004,-17.8,-17.8
12/8/2004,-17,-17
12/7/2004,-17.2,-17.2
12/6/2004,-21.2,-21.2
12/3/2004,-23.5,-23.5
12/2/2004,-21.9,-21.9
12/1/2004,-22.7,-22.7
11/30/2004,-24,-24
11/29/2004,-19,-19
11/26/2004,-23.2,-23.2
11/25/2004,-24.9,-24.9
11/24/2004,-21.6,-21.6
11/23/2004,-21.7,-21.7
11/22/2004,-21.7,-21.7
11/19/2004,-24,-24
11/18/2004,-24.6,-24.6
11/17/2004,-24.1,-24.1
11/16/2004,-27.6,-27.6
11/15/2004,-28,-28
11/12/2004,-30,-30
11/11/2004,-32.3,-32.3
11/10/2004,-31.9,-31.9
11/9/2004,-40.4,-40.4
11/8/2004,-33.6,-33.6
11/5/2004,-38.8,-38.8
11/4/2004,-42.7,-42.7
11/3/2004,-41,-41
11/2/2004,-46.3,-46.3
11/1/2004,-49.5,-49.5
10/29/2004,-52.8,-52.8
10/28/2004,-55.6,-55.6
10/27/2004,-60.5,-60.5
10/26/2004,-57.9,-57.9
10/25/2004,-58.7,-58.7
10/22/2004,-61,-61
10/21/2004,-60.4,-60.4
10/20/2004,-63.8,-63.8
10/19/2004,-64.3,-64.3
10/18/2004,-64.4,-64.4
10/15/2004,-64.5,-64.5
10/14/2004,-63.6,-63.6
10/13/2004,-58.4,-58.4
10/12/2004,-59.4,-59.4
10/11/2004,-55,-55
10/8/2004,-55.2,-55.2
10/7/2004,-51.9,-51.9
10/6/2004,-52.6,-52.6
10/5/2004,-49.7,-49.7
10/4/2004,-46.7,-46.7
10/1/2004,-46.5,-46.5
9/30/2004,-46.8,-46.8
9/29/2004,-47.9,-47.9
9/28/2004,-51.5,-51.5
9/27/2004,-50,-50
9/24/2004,-53,-53
9/23/2004,-52.7,-52.7
9/22/2004,-53.3,-53.3
9/21/2004,-54.7,-54.7
9/20/2004,-56.5,-56.5
9/17/2004,-58.8,-58.8
9/16/2004,-58.7,-58.7
9/15/2004,-57,-57
9/14/2004,-55.6,-55.6
9/13/2004,-50.9,-50.9
9/10/2004,-52.1,-52.1
9/9/2004,-51.5,-51.5
9/8/2004,-48,-48
9/7/2004,-52,-52
9/6/2004,-53.6,-53.6
9/3/2004,-56.5,-56.5
9/2/2004,-53.8,-53.8
9/1/2004,-54,-54
8/31/2004,-50.9,-50.9
8/30/2004,-43,-43
8/27/2004,-42.5,-42.5
8/26/2004,-41.6,-41.6
8/25/2004,-44.7,-44.7
8/24/2004,-41.7,-41.7
8/23/2004,-41.6,-41.6
8/20/2004,-40.7,-40.7
8/19/2004,-41.3,-41.3
8/18/2004,-41.1,-41.1
8/17/2004,-41.3,-41.3
8/16/2004,-38.8,-38.8
8/13/2004,-37.3,-37.3
8/12/2004,-16.6,-16.6
8/11/2004,-14.8,-14.8
8/10/2004,-14,-14
8/9/2004,-12.4,-12.4
8/6/2004,-15.5,-15.5
8/5/2004,-2.7,-2.7
8/4/2004,4.5,4.5
8/3/2004,1.6,1.6
8/2/2004,1.3,1.3
7/30/2004,0.9,0.9
7/29/2004,3.4,3.4
7/28/2004,4.8,4.8
7/27/2004,0.7,0.7
7/26/2004,-7.4,-7.4
7/23/2004,-6.4,-6.4
7/22/2004,-4.2,-4.2
7/21/2004,-10.6,-10.6
7/20/2004,-10,-10
7/19/2004,-8.8,-8.8
7/16/2004,-9.7,-9.7
7/15/2004,-8.2,-8.2
7/14/2004,-10.1,-10.1
7/13/2004,-7.3,-7.3
7/12/2004,-12.7,-12.7
7/9/2004,-9.6,-9.6
7/8/2004,-7.9,-7.9
7/7/2004,-9.3,-9.3
7/6/2004,-12.2,-12.2
7/5/2004,-9.7,-9.7
7/2/2004,-8.6,-8.6
7/1/2004,-2.3,-2.3
6/30/2004,-4.5,-4.5
6/29/2004,1.1,1.1
6/28/2004,1.8,1.8
6/25/2004,7.5,7.5
6/24/2004,21,21
6/23/2004,18.9,18.9
6/22/2004,19.9,19.9
6/21/2004,19.9,19.9
6/18/2004,22.9,22.9
6/17/2004,23.6,23.6
6/16/2004,23.1,23.1
6/15/2004,21.6,21.6
6/14/2004,20.9,20.9
6/11/2004,27.7,27.7
6/10/2004,27.4,27.4
6/9/2004,25.6,25.6
6/8/2004,25.3,25.3
6/7/2004,21.9,21.9
6/4/2004,19,19
6/3/2004,15.9,15.9
6/2/2004,13.9,13.9
6/1/2004,13.2,13.2
5/31/2004,10.6,10.6
5/28/2004,7.7,7.7
5/27/2004,7.6,7.6
5/26/2004,7.9,7.9
5/25/2004,13,13
5/24/2004,10.7,10.7
5/21/2004,8.6,8.6
5/20/2004,8,8
5/19/2004,9.3,9.3
5/18/2004,8.9,8.9
5/17/2004,8.2,8.2
5/14/2004,8.7,8.7
5/13/2004,5.7,5.7
5/12/2004,6,6
5/11/2004,10.4,10.4
5/10/2004,10.8,10.8
5/7/2004,10.3,10.3
5/6/2004,9.1,9.1
5/5/2004,12.1,12.1
5/4/2004,8.7,8.7
5/3/2004,8.9,8.9
4/30/2004,10.4,10.4
4/29/2004,8.9,8.9
4/28/2004,12.3,12.3
4/27/2004,12.2,12.2
4/26/2004,9.3,9.3
4/23/2004,-4.3,-4.3
4/22/2004,-4,-4
4/21/2004,-2.3,-2.3
4/20/2004,-2.2,-2.2
4/19/2004,3.3,3.3
4/16/2004,3.6,3.6
4/15/2004,6,6
4/14/2004,3.6,3.6
4/13/2004,0.1,0.1
4/12/2004,-9,-9
4/9/2004,-6.3,-6.3
4/8/2004,-4.9,-4.9
4/7/2004,-2.8,-2.8
4/6/2004,-2.7,-2.7
4/5/2004,-3.1,-3.1
4/2/2004,-6.1,-6.1
4/1/2004,-13.9,-13.9
3/31/2004,-20.1,-20.1
3/30/2004,-16.7,-16.7
3/29/2004,-18.1,-18.1
3/26/2004,-18.1,-18.1
3/25/2004,-21.1,-21.1
3/24/2004,-21.3,-21.3
3/23/2004,-24.8,-24.8
3/22/2004,-26.8,-26.8
3/19/2004,-28.8,-28.8
3/18/2004,-29.4,-29.4
3/17/2004,-28.4,-28.4
3/16/2004,-31.6,-31.6
3/15/2004,-25.8,-25.8
3/12/2004,-25.9,-25.9
3/11/2004,-24.5,-24.5
3/10/2004,-19.2,-19.2
3/9/2004,-16.7,-16.7
3/8/2004,-10.6,-10.6
3/5/2004,-9.7,-9.7
3/4/2004,-4.5,-4.5
3/3/2004,-0.3,-0.3
3/2/2004,1.7,1.7
3/1/2004,2.3,2.3
2/27/2004,3.6,3.6
2/26/2004,-1.4,-1.4
2/25/2004,-0.5,-0.5
2/24/2004,0.2,0.2
2/23/2004,9,9
2/20/2004,16.1,16.1
2/19/2004,16.5,16.5
2/18/2004,17.8,17.8
2/17/2004,17,17
2/16/2004,18.8,18.8
2/13/2004,22.3,22.3
2/12/2004,31.2,31.2
2/11/2004,28,28
2/10/2004,29,29
2/9/2004,29.1,29.1
2/6/2004,31.2,31.2
2/5/2004,32.3,32.3
2/4/2004,31.2,31.2
2/3/2004,26.7,26.7
2/2/2004,27.1,27.1
1/30/2004,29.1,29.1
1/29/2004,35.2,35.2
1/28/2004,37.6,37.6
1/27/2004,37.2,37.2
1/26/2004,36.8,36.8
1/23/2004,43.3,43.3
1/22/2004,43.3,43.3
1/21/2004,45.7,45.7
1/20/2004,45.5,45.5
1/19/2004,46.2,46.2
1/16/2004,49.8,49.8
1/15/2004,49.5,49.5
1/14/2004,50,50
1/13/2004,42.4,42.4
1/12/2004,44.4,44.4
1/9/2004,45,45
1/8/2004,50.1,50.1
1/7/2004,50.7,50.7
1/6/2004,52.7,52.7
1/5/2004,55.5,55.5
1/2/2004,57.1,57.1
1/1/2004,51.2,51.2
12/31/2003,51.6,51.6
12/30/2003,52.5,52.5
12/29/2003,57.1,57.1
12/26/2003,57.4,57.4
12/25/2003,59.5,59.5
12/24/2003,59.7,59.7
12/23/2003,62.9,62.9
12/22/2003,64.6,64.6
12/19/2003,67.3,67.3
12/18/2003,67.1,67.1
12/17/2003,63.9,63.9
12/16/2003,64,64
12/15/2003,64.3,64.3
12/12/2003,64.5,64.5
12/11/2003,63.4,63.4
12/10/2003,63,63
12/9/2003,63.8,63.8
12/8/2003,60,60
12/5/2003,62,62
12/4/2003,62.6,62.6
12/3/2003,60.6,60.6
12/2/2003,64.4,64.4
12/1/2003,64.8,64.8
11/28/2003,60.4,60.4
11/27/2003,61.8,61.8
11/26/2003,53.8,53.8
11/25/2003,49.8,49.8
11/24/2003,36,36
11/21/2003,39.7,39.7
11/20/2003,39.1,39.1
11/19/2003,39,39
11/18/2003,38.6,38.6
11/17/2003,38.8,38.8
11/14/2003,40.5,40.5
11/13/2003,39.8,39.8
11/12/2003,42.7,42.7
11/11/2003,41.4,41.4
11/10/2003,45.6,45.6
11/7/2003,49.6,49.6
11/6/2003,52,52
11/5/2003,51.3,51.3
11/4/2003,51.4,51.4
11/3/2003,51.6,51.6
10/31/2003,53.8,53.8
10/30/2003,55.9,55.9
10/29/2003,45.9,45.9
10/28/2003,42.9,42.9
10/27/2003,35.4,35.4
10/24/2003,35.7,35.7
10/23/2003,35.4,35.4
10/22/2003,35.8,35.8
10/21/2003,32.7,32.7
10/20/2003,32.7,32.7
10/17/2003,32.7,32.7
10/16/2003,31.7,31.7
10/15/2003,28.9,28.9
10/14/2003,29.3,29.3
10/13/2003,30.7,30.7
10/10/2003,33.8,33.8
10/9/2003,28.9,28.9
10/8/2003,31.7,31.7
10/7/2003,34.1,34.1
10/6/2003,34,34
10/3/2003,35.6,35.6
10/2/2003,31.6,31.6
10/1/2003,32.1,32.1
9/30/2003,32.9,32.9
9/29/2003,38.6,38.6
9/26/2003,40.9,40.9
9/25/2003,40,40
9/24/2003,39.2,39.2
9/23/2003,41.5,41.5
9/22/2003,44.6,44.6
9/19/2003,46.8,46.8
9/18/2003,47.1,47.1
9/17/2003,47.4,47.4
9/16/2003,47.3,47.3
9/15/2003,47.2,47.2
9/12/2003,49.5,49.5
9/11/2003,51.5,51.5
9/10/2003,51.1,51.1
9/9/2003,50.9,50.9
9/8/2003,43.7,43.7
9/5/2003,44.6,44.6
9/4/2003,46.6,46.6
9/3/2003,45.9,45.9
9/2/2003,46.1,46.1
9/1/2003,45.3,45.3
8/29/2003,46.8,46.8
8/28/2003,45.6,45.6
8/27/2003,42.5,42.5
8/26/2003,43,43
8/25/2003,37.9,37.9
8/22/2003,40.8,40.8
8/21/2003,40.9,40.9
8/20/2003,37.7,37.7
8/19/2003,38.4,38.4
8/18/2003,35.6,35.6
8/15/2003,36.6,36.6
8/14/2003,35.1,35.1
8/13/2003,30.2,30.2
8/12/2003,28.4,28.4
8/11/2003,25.8,25.8
8/8/2003,24.9,24.9
8/7/2003,23.5,23.5
8/6/2003,25.8,25.8
8/5/2003,22.4,22.4
8/4/2003,14.8,14.8
8/1/2003,11.7,11.7
7/31/2003,13.3,13.3
7/30/2003,4.4,4.4
7/29/2003,7.2,7.2
7/28/2003,11.8,11.8
7/25/2003,11,11
7/24/2003,9.3,9.3
7/23/2003,10.5,10.5
7/22/2003,11.7,11.7
7/21/2003,11.4,11.4
7/18/2003,11.9,11.9
7/17/2003,12,12
7/16/2003,11,11
7/15/2003,12.1,12.1
7/14/2003,0.2,0.2
7/11/2003,-2,-2
7/10/2003,-4.2,-4.2
7/9/2003,-3.8,-3.8
7/8/2003,-2.1,-2.1
7/7/2003,-1.9,-1.9
7/4/2003,-2.1,-2.1
7/3/2003,2.1,2.1
7/2/2003,-1.2,-1.2
7/1/2003,-1.6,-1.6
6/30/2003,-5.3,-5.3
6/27/2003,-9.8,-9.8
6/26/2003,-12.6,-12.6
6/25/2003,-3.1,-3.1
6/24/2003,-7.9,-7.9
6/23/2003,-9.5,-9.5
6/20/2003,-11.9,-11.9
6/19/2003,-12.8,-12.8
6/18/2003,-12.1,-12.1
6/17/2003,-12,-12
6/16/2003,-16,-16
6/13/2003,-17.6,-17.6
6/12/2003,-17.5,-17.5
6/11/2003,-16.4,-16.4
6/10/2003,-15.9,-15.9
6/9/2003,-19.6,-19.6
6/6/2003,-18.6,-18.6
6/5/2003,-18.2,-18.2
6/4/2003,-19.1,-19.1
6/3/2003,-23.4,-23.4
6/2/2003,-24.4,-24.4
5/30/2003,-26.8,-26.8
5/29/2003,-29,-29
5/28/2003,-29.7,-29.7
5/27/2003,-33.9,-33.9
5/26/2003,-32.7,-32.7
5/23/2003,-37.8,-37.8
5/22/2003,-39,-39
5/21/2003,-38,-38
5/20/2003,-38.1,-38.1
5/19/2003,-40.2,-40.2
5/16/2003,-43.4,-43.4
5/15/2003,-43.4,-43.4
5/14/2003,-44.8,-44.8
5/13/2003,-37.3,-37.3
5/12/2003,-31.1,-31.1
5/9/2003,-30.6,-30.6
5/8/2003,-27.9,-27.9
5/7/2003,-27.3,-27.3
5/6/2003,-20.6,-20.6
5/5/2003,-21.1,-21.1
5/2/2003,-22.9,-22.9
5/1/2003,-22.8,-22.8
4/30/2003,-21.3,-21.3
4/29/2003,-17.8,-17.8
4/28/2003,-21.2,-21.2
4/25/2003,-12.9,-12.9
4/24/2003,-18.8,-18.8
4/23/2003,-16.7,-16.7
4/22/2003,-18.4,-18.4
4/21/2003,-18,-18
4/18/2003,-15.9,-15.9
4/17/2003,-15.6,-15.6
4/16/2003,-15.2,-15.2
4/15/2003,-13.8,-13.8
4/14/2003,-10.1,-10.1
4/11/2003,-10.7,-10.7
4/10/2003,-17.8,-17.8
4/9/2003,-19.9,-19.9
4/8/2003,-19.2,-19.2
4/7/2003,-19.8,-19.8
4/4/2003,-21.6,-21.6
4/3/2003,-18.4,-18.4
4/2/2003,-15.1,-15.1
4/1/2003,-15.6,-15.6
3/31/2003,-10.8,-10.8
3/28/2003,-7.4,-7.4
3/27/2003,-11.1,-11.1
3/26/2003,-8.3,-8.3
3/25/2003,-1.9,-1.9
3/24/2003,-1,-1
3/21/2003,-2.7,-2.7
3/20/2003,-5.8,-5.8
3/19/2003,-3.2,-3.2
3/18/2003,-3.4,-3.4
3/17/2003,-6.7,-6.7
3/14/2003,-5.4,-5.4
3/13/2003,-5.6,-5.6
3/12/2003,1.5,1.5
3/11/2003,-6.1,-6.1
3/10/2003,-6.5,-6.5
3/7/2003,-6.8,-6.8
3/6/2003,5.4,5.4
3/5/2003,5.2,5.2
3/4/2003,5.3,5.3
3/3/2003,6,6
2/28/2003,7.3,7.3
2/27/2003,1.8,1.8
2/26/2003,0.2,0.2
2/25/2003,-0.5,-0.5
2/24/2003,-0.2,-0.2
2/21/2003,2.1,2.1
2/20/2003,4.5,4.5
2/19/2003,19.8,19.8
2/18/2003,19,19
2/17/2003,18.8,18.8
2/14/2003,19.4,19.4
2/13/2003,14.7,14.7
2/12/2003,5.9,5.9
2/11/2003,4.9,4.9
2/10/2003,5.8,5.8
2/7/2003,6.9,6.9
2/6/2003,2.4,2.4
2/5/2003,8.2,8.2
2/4/2003,7.9,7.9
2/3/2003,8.1,8.1
1/31/2003,7.2,7.2
1/30/2003,7.1,7.1
1/29/2003,11.5,11.5
1/28/2003,11.8,11.8
1/27/2003,11.4,11.4
1/24/2003,8,8
1/23/2003,7.4,7.4
1/22/2003,4.1,4.1
1/21/2003,4,4
1/20/2003,-5.2,-5.2
1/17/2003,-6.5,-6.5
1/16/2003,3.1,3.1
1/15/2003,1.5,1.5
1/14/2003,-1.4,-1.4
1/13/2003,0.4,0.4
1/10/2003,-6.8,-6.8
1/9/2003,-6.1,-6.1
1/8/2003,-6.7,-6.7
1/7/2003,-7.4,-7.4
1/6/2003,-6.3,-6.3
1/3/2003,-6.2,-6.2
1/2/2003,-6.1,-6.1
1/1/2003,-12.3,-12.3
