Security,.BL-BR U Index                                                  
Start Date,5/31/1991 0:00
End Date,5/14/2021 0:00
Period,W
,
Date,PX_LAST
5/14/2021,9.5
5/7/2021,21.2
4/30/2021,16.9
4/23/2021,32.2
4/16/2021,29.2
4/9/2021,36.5
4/2/2021,22.6
3/26/2021,30.3
3/19/2021,25.3
3/12/2021,25.9
3/5/2021,15
2/26/2021,22.1
2/19/2021,21.7
2/12/2021,19.2
2/5/2021,1.8
1/29/2021,-0.6
1/22/2021,8
1/8/2021,13.5
1/1/2021,19.3
12/25/2020,21.6
12/18/2020,17.1
12/11/2020,21.2
12/4/2020,26.39
11/27/2020,19.78
11/20/2020,17.99
11/13/2020,30.97
11/6/2020,6.48
10/30/2020,0
10/23/2020,2.72
10/16/2020,-0.97
10/9/2020,-4.23
10/2/2020,-16.83
9/25/2020,-21.1
9/18/2020,-8.37
9/11/2020,-24.74
9/4/2020,-10.97
8/28/2020,-7.54
8/21/2020,-12.01
8/14/2020,-12.08
8/7/2020,-24.31
7/31/2020,-28.24
7/24/2020,-20.77
7/17/2020,-14.53
7/10/2020,-15.51
7/3/2020,-23.74
6/26/2020,-24.76
6/19/2020,-23.41
6/12/2020,-3.77
6/5/2020,-4.32
5/29/2020,-9.06
5/22/2020,-16.02
5/15/2020,-27.3
5/8/2020,-28.99
5/1/2020,-13.43
4/24/2020,-25.14
4/17/2020,-7.89
4/10/2020,-8.07
4/3/2020,-15.49
3/27/2020,-19.17
3/20/2020,-16.8
3/13/2020,-21.57
3/6/2020,-0.9
2/28/2020,-8.7
2/21/2020,11.89
2/14/2020,14.93
2/7/2020,-1.35
1/31/2020,-4.88
1/24/2020,20.83
1/17/2020,14.32
1/10/2020,3.18
1/3/2020,15.34
12/27/2019,20.36
12/20/2019,23.62
12/13/2019,11.58
12/6/2019,2.59
11/29/2019,3.36
11/22/2019,5.21
11/15/2019,15.9
11/8/2019,16.37
11/1/2019,5.55
10/25/2019,7.33
10/18/2019,2.57
10/11/2019,-23.65
10/4/2019,-18.07
9/27/2019,-3.89
9/20/2019,7.52
9/13/2019,1.88
9/6/2019,-10.87
8/30/2019,-16.08
8/23/2019,-13.08
8/16/2019,-21.67
8/9/2019,-26.54
8/2/2019,14.38
7/26/2019,-0.28
7/19/2019,7.29
7/12/2019,6.11
7/5/2019,0.81
6/28/2019,-2.46
6/21/2019,-2.62
6/14/2019,-7.36
6/7/2019,-20.05
5/31/2019,-15.29
5/24/2019,-11.37
5/17/2019,-9.48
5/10/2019,19.93
5/3/2019,17.68
4/26/2019,13.35
4/19/2019,15.73
4/12/2019,19.91
4/5/2019,6.75
3/29/2019,6
3/22/2019,13.89
3/15/2019,1.36
3/8/2019,10.64
3/1/2019,21.63
2/22/2019,13.93
2/15/2019,10.03
2/8/2019,17.09
2/1/2019,0
1/25/2019,5.34
1/18/2019,-2.72
1/11/2019,9.09
1/4/2019,-9.75
12/28/2018,-18.75
12/21/2018,-22.44
12/14/2018,-27.97
12/7/2018,7.44
11/30/2018,-5.59
11/23/2018,-21.89
11/16/2018,-0.87
11/9/2018,10.09
11/2/2018,3.45
10/26/2018,-13.03
10/19/2018,-1.08
10/12/2018,-4.84
10/5/2018,20.55
9/28/2018,5.12
9/21/2018,0
9/14/2018,-0.75
9/7/2018,15.92
8/31/2018,19.11
8/24/2018,11.39
8/17/2018,7.09
8/10/2018,5.33
8/3/2018,-2.97
7/27/2018,4.62
7/20/2018,9.72
7/13/2018,13.9
7/6/2018,-11.42
6/29/2018,-12.35
6/22/2018,12.54
6/15/2018,23.08
6/8/2018,12.21
6/1/2018,8.67
5/25/2018,13.4
5/18/2018,16.1
5/11/2018,7.98
5/4/2018,-1.85
4/27/2018,11.36
4/20/2018,8.56
4/13/2018,-16.66
4/6/2018,-4.74
3/30/2018,-3.39
3/23/2018,4.74
3/16/2018,15.51
3/9/2018,-1.98
3/2/2018,21.63
2/23/2018,21.86
2/16/2018,27.11
2/9/2018,2.02
2/2/2018,16.01
1/26/2018,21.42
1/19/2018,32.72
1/12/2018,23.6
1/5/2018,44.19
12/29/2017,32.02
12/22/2017,24.88
12/15/2017,16.87
12/8/2017,2.66
12/1/2017,4.33
11/24/2017,6.48
11/17/2017,-5.87
11/10/2017,22.02
11/3/2017,16.48
10/27/2017,6.61
10/20/2017,10
10/13/2017,12.87
10/6/2017,2.8
9/29/2017,4.59
9/22/2017,12.93
9/15/2017,19.32
9/8/2017,-6.46
9/1/2017,-14.89
8/25/2017,-10.19
8/18/2017,1.37
8/11/2017,1.34
8/4/2017,4.01
7/28/2017,10.14
7/21/2017,9.67
7/14/2017,-1.39
7/7/2017,-0.28
6/30/2017,2.85
6/23/2017,3.74
6/16/2017,2.79
6/9/2017,5.9
6/2/2017,-4.62
5/26/2017,2.86
5/19/2017,-10.4
5/12/2017,2.51
5/5/2017,8.12
4/28/2017,6.34
4/21/2017,-12.99
4/14/2017,-8.41
4/7/2017,-11.32
3/31/2017,-7.16
3/24/2017,4.78
3/17/2017,-7.53
3/10/2017,-16.5
3/3/2017,2.29
2/24/2017,6.15
2/17/2017,0.73
2/10/2017,8.15
2/3/2017,-1.37
1/27/2017,-1.91
1/20/2017,4.33
1/13/2017,16.67
1/6/2017,20.97
12/30/2016,19.83
12/23/2016,15.4519
12/16/2016,12.3287
12/9/2016,16.6324
12/2/2016,18.6747
11/25/2016,27.8131
11/18/2016,20.0811
11/11/2016,9.5556
11/4/2016,-10.6818
10/28/2016,-9.3137
10/21/2016,-14.0756
10/14/2016,-8.2547
10/7/2016,0.8928
9/30/2016,-13.1111
9/23/2016,-13.4571
9/16/2016,-7.9823
9/9/2016,1.2658
9/2/2016,-2.92
8/26/2016,-0.2132
8/19/2016,9.2051
8/12/2016,4.5351
8/5/2016,3.0142
7/29/2016,2.8409
7/22/2016,8.7045
7/15/2016,12.4424
7/8/2016,4.4053
7/1/2016,-4.5093
6/24/2016,-13.2576
6/17/2016,-12.1528
6/10/2016,0
6/3/2016,1.1173
5/27/2016,-11.6371
5/20/2016,-14.7583
5/13/2016,-10.8843
5/6/2016,-8.0097
4/29/2016,-1.2345
4/22/2016,9.4828
4/15/2016,2.9536
4/8/2016,10.7306
4/1/2016,1.4199
3/25/2016,10.0672
3/18/2016,3.0992
3/11/2016,12.984
3/4/2016,2.7668
2/26/2016,-0.2212
2/19/2016,-10.2421
2/12/2016,-29.4589
2/5/2016,-7.1698
1/29/2016,-10.2113
1/22/2016,-27.1845
1/15/2016,-27.6265
1/8/2016,-16.087
1/1/2016,1.4577
12/25/2015,-5.1124
12/18/2015,-15.5132
12/11/2015,-1.3794
12/4/2015,8.2949
11/27/2015,6.326
11/20/2015,0.2197
11/13/2015,11.2676
11/6/2015,20.4
10/30/2015,19.804
10/23/2015,10.7422
10/16/2015,6.9387
10/9/2015,9.3333
10/2/2015,-11.8126
9/25/2015,3.4261
9/18/2015,4.1323
9/11/2015,-0.3591
9/4/2015,0.7117
8/28/2015,-5.7692
8/21/2015,-6.5134
8/14/2015,-5.6974
8/7/2015,-7.3375
7/31/2015,-19.598
7/24/2015,6.94
7/17/2015,7.5676
7/10/2015,-1.2685
7/3/2015,-12.4756
6/26/2015,13.8889
6/19/2015,-8.893
6/12/2015,-12.5468
6/5/2015,2.7094
5/29/2015,1.8622
5/22/2015,0.2119
5/15/2015,0.3876
5/8/2015,0.2165
5/1/2015,8.885
4/24/2015,8.2816
4/17/2015,9.2827
4/10/2015,4.5558
4/3/2015,3.4364
3/27/2015,14.0496
3/20/2015,-4.321
3/13/2015,6.1889
3/6/2015,16.4473
2/27/2015,25.0746
2/20/2015,29.1391
2/13/2015,19.6721
2/6/2015,3.0717
1/30/2015,21.7792
1/23/2015,6.3492
1/16/2015,24.6106
1/9/2015,13.3094
1/2/2015,32.4325
12/26/2014,32.0755
12/19/2014,11.8577
12/12/2014,22.6804
12/5/2014,16.7364
11/28/2014,31.3531
11/21/2014,25.2941
11/14/2014,38.6207
11/7/2014,37.6344
10/31/2014,28.3019
10/24/2014,27.1875
10/17/2014,8.9673
10/10/2014,8.8957
10/3/2014,4.5139
9/26/2014,13.6054
9/19/2014,19.2546
9/12/2014,13.782
9/5/2014,20.7101
8/29/2014,32.6923
8/22/2014,22.4551
8/15/2014,12.8527
8/8/2014,-7.3394
8/1/2014,0
7/25/2014,-0.3087
7/18/2014,3.8835
7/11/2014,8.9887
7/4/2014,16.1194
6/27/2014,16.129
6/20/2014,11.0465
6/13/2014,23.4375
6/6/2014,17.284
5/30/2014,13.2597
5/23/2014,4.0373
5/16/2014,10.5095
5/9/2014,-0.3185
5/2/2014,0.3237
4/25/2014,8.4795
4/18/2014,-7.0337
4/11/2014,-5.6292
4/4/2014,8.5714
3/28/2014,2.5496
3/21/2014,10.6322
3/14/2014,14.5252
3/7/2014,13.881
2/28/2014,18.5567
2/21/2014,19.4
2/14/2014,12.8079
2/7/2014,-8.5106
1/31/2014,-0.5747
1/24/2014,14.3603
1/17/2014,17.5066
1/10/2014,18.617
1/3/2014,13.8211
12/27/2013,36.5169
12/20/2013,22.3729
12/13/2013,16.2651
12/6/2013,15.0943
11/29/2013,19.0476
11/22/2013,4.9133
11/15/2013,11.7284
11/8/2013,23.676
11/1/2013,23.4899
10/25/2013,31.6294
10/18/2013,21.3592
10/11/2013,7.7491
10/4/2013,7.7702
9/27/2013,5.4422
9/20/2013,15.4136
9/13/2013,20.9303
9/6/2013,4.28
8/30/2013,2.7951
8/23/2013,-13.8996
8/16/2013,6.338
8/9/2013,12.8526
8/2/2013,10.6164
7/26/2013,22.5589
7/19/2013,26.4808
7/12/2013,30.6383
7/5/2013,18.1495
6/28/2013,-4.893
6/21/2013,7.4907
6/14/2013,-1.6216
6/7/2013,-9.4737
5/31/2013,6.3241
5/24/2013,27.3973
5/17/2013,9.1483
5/10/2013,13.3574
5/3/2013,-4.9296
4/26/2013,-10.5263
4/19/2013,-21.3699
4/12/2013,-35.1725
4/5/2013,7.324
3/29/2013,9.7421
3/22/2013,5.6106
3/15/2013,13.39
3/8/2013,-7.4534
3/1/2013,-8.2019
2/22/2013,9.2857
2/15/2013,13.5211
2/8/2013,13.2076
2/1/2013,23.743
1/25/2013,28.0702
1/18/2013,16.6198
1/11/2013,19.5266
1/4/2013,2.509
12/28/2012,14.1791
12/21/2012,21.6
12/14/2012,13.1579
12/7/2012,7.619
11/30/2012,6.57
11/23/2012,-4.9645
11/16/2012,-20
11/9/2012,-1.4084
11/2/2012,-5.2459
10/26/2012,-13.8365
10/19/2012,-15.8879
10/12/2012,-8.2734
10/5/2012,0.633
9/28/2012,-0.361
9/21/2012,3.7162
9/14/2012,3.4722
9/7/2012,0
8/31/2012,2.0833
8/24/2012,16.0839
8/17/2012,8.7719
8/10/2012,9.1177
8/3/2012,-4.4776
7/27/2012,-15.016
7/20/2012,-19.5967
7/13/2012,-4.5016
7/6/2012,-0.69
6/29/2012,-15.6997
6/22/2012,-2.99
6/15/2012,-1.7544
6/8/2012,-18.3006
6/1/2012,-14.0077
5/25/2012,-8.2031
5/18/2012,-22.388
5/11/2012,-16.6667
5/4/2012,6.9343
4/27/2012,-9.7561
4/20/2012,-2.6616
4/13/2012,-13.4199
4/6/2012,10.3735
3/30/2012,16.99
3/23/2012,14.5695
3/16/2012,18.41
3/9/2012,13.383
3/2/2012,17.683
2/24/2012,16.181
2/17/2012,16.08
2/10/2012,31.456
2/3/2012,18.731
1/27/2012,29.4874
1/20/2012,23.62
1/13/2012,31.96
1/6/2012,31.72
12/30/2011,9.773
12/23/2011,5.49
12/16/2011,6.54
12/9/2011,3.81
12/2/2011,-6.38
11/25/2011,-5.56
11/18/2011,10.89
11/11/2011,20.17
11/4/2011,10.56
10/28/2011,18
10/21/2011,1.38
10/14/2011,3.41
10/7/2011,-10.48
9/30/2011,-14.28
9/23/2011,-22.67
9/16/2011,-10.85
9/9/2011,-10.07
9/2/2011,6.28
8/26/2011,-4.52
8/19/2011,-4.26
8/12/2011,-11.35
8/5/2011,-22.69
7/29/2011,6.42
7/22/2011,9.25
7/15/2011,10.06
7/8/2011,17.09
7/1/2011,8.12
6/24/2011,1.72
6/17/2011,-13.75
6/10/2011,-23.25
6/3/2011,-3.25
5/27/2011,-15.81
5/20/2011,-14.6
5/13/2011,-4.73
5/6/2011,3.59
4/29/2011,7.25
4/22/2011,1.17
4/15/2011,11.26
4/8/2011,14.74
4/1/2011,10.74
3/25/2011,2.77
3/18/2011,-11.63
3/11/2011,3.65
3/4/2011,3.63
2/25/2011,0.49
2/18/2011,21.01
2/11/2011,22.49
2/4/2011,24.67
1/28/2011,7.75
1/21/2011,21.65
1/14/2011,28.9
1/7/2011,37.63
12/31/2010,31.56
12/24/2010,46.88
12/17/2010,23.08
12/10/2010,30.49
12/3/2010,23.45
11/26/2010,22.72
11/19/2010,7.5
11/12/2010,29.07
11/5/2010,18.44
10/29/2010,29.63
10/22/2010,24.43
10/15/2010,20.29
10/8/2010,21.29
10/1/2010,10.92
9/24/2010,19.57
9/17/2010,26.63
9/10/2010,12.26
9/3/2010,-11.41
8/27/2010,-28.73
8/20/2010,-12.36
8/13/2010,9.64
8/6/2010,-7.85
7/30/2010,6.67
7/23/2010,-12.87
7/16/2010,1.57
7/9/2010,-36.13
7/2/2010,-17.31
6/25/2010,2.03
6/18/2010,11.79
6/11/2010,-8.62
6/4/2010,-3.76
5/28/2010,-21.05
5/21/2010,7.6
5/14/2010,0
5/7/2010,10.56
4/30/2010,12.72
4/23/2010,3.87
4/16/2010,18.78
4/9/2010,12.5
4/2/2010,10.14
3/26/2010,-2.27
3/19/2010,5.49
3/12/2010,20
3/5/2010,9.65
2/26/2010,5.36
2/19/2010,0.63
2/12/2010,-5.13
2/5/2010,-13.85
1/29/2010,-1.67
1/22/2010,5.26
1/15/2010,20.52
1/8/2010,15
1/1/2010,26.23
12/25/2009,0
12/18/2009,13.69
12/11/2009,7.31
12/4/2009,7.92
11/27/2009,0
11/20/2009,10.91
11/13/2009,0
11/6/2009,-33.34
10/30/2009,-8.66
10/23/2009,4.77
10/16/2009,13.52
10/9/2009,-6.14
10/2/2009,8.07
9/25/2009,-5.46
9/18/2009,2.14
9/11/2009,-6.67
9/4/2009,0
8/28/2009,-14.56
8/21/2009,-5.93
8/14/2009,18
8/7/2009,14.84
7/31/2009,16.27
7/24/2009,-4.8
7/17/2009,-18.38
7/10/2009,-26.74
7/3/2009,-6.75
6/26/2009,-20.8
6/19/2009,-13.1
6/12/2009,0
6/5/2009,10.97
5/29/2009,-8.25
5/22/2009,-11.63
5/15/2009,8.57
5/8/2009,10.76
5/1/2009,-7.52
4/24/2009,-6.82
4/17/2009,8.28
4/10/2009,-8.58
4/3/2009,5.6
3/27/2009,-3.26
3/20/2009,6.79
3/13/2009,-26.83
3/6/2009,-51.35
2/27/2009,-30.84
2/20/2009,-35.08
2/13/2009,-6.33
2/6/2009,-19.4
1/30/2009,-21.98
1/23/2009,-19.11
1/16/2009,-19.74
1/9/2009,13.64
1/2/2009,-30.67
12/26/2008,-14.91
12/19/2008,4.11
12/12/2008,-2.34
12/5/2008,-21.11
11/28/2008,-13.64
11/21/2008,-32.77
11/14/2008,-4.17
11/7/2008,11.5
10/31/2008,-3.43
10/24/2008,0
10/17/2008,1.17
10/10/2008,-29.37
10/3/2008,-21.67
9/26/2008,-11.7
9/19/2008,-27.21
9/12/2008,-25.61
9/5/2008,-6.17
8/29/2008,-14.77
8/22/2008,0.8
8/15/2008,3.9
8/8/2008,-6.81
8/1/2008,-1.18
7/25/2008,-8.21
7/18/2008,-33.14
7/11/2008,-33
7/4/2008,-28.21
6/27/2008,-21.02
6/20/2008,-12.76
6/13/2008,-22.32
6/6/2008,5.44
5/30/2008,-14.4
5/23/2008,12.04
5/16/2008,15.48
5/9/2008,28.09
5/2/2008,26.97
4/25/2008,19.17
4/18/2008,-18.32
4/11/2008,8.47
4/4/2008,-2.66
3/28/2008,8
3/21/2008,-29.06
3/14/2008,-38.73
3/7/2008,-29.67
2/29/2008,-10.95
2/22/2008,-11.52
2/15/2008,-8.53
2/8/2008,-13.09
2/1/2008,-18.79
1/25/2008,-33.88
1/18/2008,-30.14
1/11/2008,-39.25
1/4/2008,-29.53
12/28/2007,-20
12/21/2007,-11.32
12/14/2007,11.91
12/7/2007,0.81
11/30/2007,-27.55
11/23/2007,-27.13
11/16/2007,-16.5
11/9/2007,-15.24
11/2/2007,8.24
10/26/2007,-16.96
10/19/2007,6.25
10/12/2007,28.87
10/5/2007,26.51
9/28/2007,15.19
9/21/2007,7.59
9/14/2007,4.71
9/7/2007,-4.04
8/31/2007,-5.97
8/24/2007,-1.84
8/17/2007,-3.34
8/10/2007,6.78
8/3/2007,5.88
7/27/2007,7.37
7/20/2007,5.06
7/13/2007,13.64
7/6/2007,10.96
6/29/2007,3.25
6/22/2007,9.48
6/15/2007,-6.35
6/8/2007,-1.98
6/1/2007,-11.46
5/25/2007,-1.2
5/18/2007,1.78
5/11/2007,0
5/4/2007,-25.72
4/27/2007,1.27
4/20/2007,17.35
4/13/2007,2.82
4/6/2007,-7.52
3/30/2007,17.07
3/23/2007,10.79
3/16/2007,-12.37
3/9/2007,-9.09
3/2/2007,-2.97
2/23/2007,31.54
2/16/2007,16.5
2/9/2007,16.15
2/2/2007,15.79
1/26/2007,6.18
1/19/2007,30.51
1/12/2007,10.18
1/5/2007,19.83
12/29/2006,10
12/22/2006,-3.45
12/15/2006,3.33
12/8/2006,-2.65
12/1/2006,-7.27
11/24/2006,0
11/17/2006,16.03
11/10/2006,24.09
11/3/2006,6.87
10/27/2006,21.74
10/20/2006,24.43
10/13/2006,11.22
10/6/2006,-8.89
9/29/2006,18.43
9/22/2006,13.52
9/15/2006,9.59
9/8/2006,13.08
9/1/2006,15.73
8/25/2006,1.93
8/18/2006,-5.26
8/11/2006,-4.87
8/4/2006,-15.73
7/28/2006,-8.14
7/21/2006,-33.95
7/14/2006,-2.92
7/7/2006,-4.92
6/30/2006,-1.17
6/23/2006,-7.2
6/16/2006,-28.57
6/9/2006,-18.85
6/2/2006,-19.23
5/26/2006,-12.5
5/19/2006,-4.25
5/12/2006,27.45
5/5/2006,12.33
4/28/2006,6.15
4/21/2006,-7.1
4/14/2006,17.52
4/7/2006,24.41
3/31/2006,4.65
3/24/2006,16.25
3/17/2006,13.79
3/10/2006,10.44
3/3/2006,11.81
2/24/2006,14.81
2/17/2006,4.47
2/10/2006,5.61
2/3/2006,11.37
1/27/2006,-2.56
1/20/2006,24.17
1/13/2006,39.88
1/6/2006,-10.87
12/30/2005,0.79
12/23/2005,12.82
12/16/2005,24.03
12/9/2005,30.52
12/2/2005,29.01
11/25/2005,41.33
11/18/2005,31.84
11/11/2005,35.63
11/4/2005,15.39
10/28/2005,-14.1
10/21/2005,7.18
10/14/2005,-9.09
10/7/2005,22.58
9/30/2005,-7.25
9/23/2005,7.01
9/16/2005,22.86
9/9/2005,9.62
9/2/2005,-5.89
8/26/2005,4.81
8/19/2005,-11.11
8/12/2005,10.89
8/5/2005,21.74
7/29/2005,39.87
7/22/2005,13.73
7/15/2005,43.85
7/8/2005,22.5807
7/1/2005,16.44
6/24/2005,28.41
6/17/2005,29.22
6/10/2005,26.44
6/3/2005,29.17
5/27/2005,20.72
5/20/2005,10.27
5/13/2005,-5.84
5/6/2005,-16.33
4/29/2005,-4.96
4/22/2005,3.95
4/15/2005,-25.28
4/8/2005,-16.13
4/1/2005,-22.55
3/25/2005,-18.71
3/18/2005,0
3/11/2005,24.83
3/4/2005,12.35
2/25/2005,0
2/18/2005,6.49
2/11/2005,20.83
2/4/2005,16.67
1/28/2005,-10
1/21/2005,0
1/14/2005,-5.88
1/7/2005,3.58
12/31/2004,40.14
12/24/2004,42.05
12/17/2004,33.34
12/10/2004,26.12
12/3/2004,31.35
11/26/2004,22.68
11/19/2004,41.66
11/12/2004,40.91
11/5/2004,34.28
10/29/2004,10.58
10/22/2004,13.72
10/15/2004,16.47
10/8/2004,37.22
10/1/2004,1.78
9/24/2004,24.4
9/17/2004,13.63
9/10/2004,26.74
9/3/2004,13.21
8/27/2004,16.11
8/20/2004,0
8/13/2004,-1.43
8/6/2004,-2.81
7/30/2004,-2
7/23/2004,11.9
7/16/2004,23.69
7/9/2004,33.67
7/2/2004,41.21
6/25/2004,33.33
6/18/2004,13.28
6/11/2004,39.47
6/4/2004,7.14
5/28/2004,-4.17
5/21/2004,-3.33
5/14/2004,-10.53
5/7/2004,11.86
4/30/2004,28.79
4/23/2004,27.5
4/16/2004,50
4/9/2004,38.51
4/2/2004,32.76
3/26/2004,-11.11
3/19/2004,12.28
3/12/2004,7.74
3/5/2004,34.79
2/27/2004,11.05
2/20/2004,35.48
2/13/2004,41.47
2/6/2004,29.09
1/30/2004,41.88
1/23/2004,56.1
1/16/2004,56.18
1/9/2004,49.25
1/2/2004,48.93
12/26/2003,48.28
12/19/2003,40.81
12/12/2003,34.21
12/5/2003,54.96
11/28/2003,39.63
11/21/2003,32.26
11/14/2003,38.89
11/7/2003,40.91
10/31/2003,39.06
10/24/2003,36.11
10/17/2003,46.55
10/10/2003,34.35
10/3/2003,21.43
9/26/2003,34.95
9/19/2003,43.14
9/12/2003,40.7
9/5/2003,45.91
8/29/2003,34.02
8/22/2003,44.44
8/15/2003,26.96
8/8/2003,12.98
8/1/2003,35.39
7/25/2003,21.33
7/18/2003,22.69
7/11/2003,12.16
7/4/2003,5.89
6/27/2003,62.86
6/20/2003,20.51
6/13/2003,20.83
6/6/2003,32.8
5/30/2003,48.57
5/23/2003,2.88
5/16/2003,46.51
5/9/2003,34.4
5/2/2003,22.86
4/25/2003,44
4/18/2003,14.82
4/11/2003,7.69
4/4/2003,-5.89
3/28/2003,6.73
3/21/2003,4.76
3/14/2003,-17.14
3/7/2003,-6.06
2/28/2003,-21.13
2/21/2003,-36.84
2/14/2003,-16.2
2/7/2003,-2.85
1/31/2003,-22.34
1/24/2003,-18.18
1/17/2003,0
1/10/2003,-4.76
1/3/2003,-5.41
12/27/2002,8
12/20/2002,12.86
12/13/2002,17.24
12/6/2002,35.29
11/29/2002,19.15
11/22/2002,29.21
11/15/2002,16.22
11/8/2002,23.68
11/1/2002,23.53
10/25/2002,10.85
10/18/2002,0
10/11/2002,-25.96
10/4/2002,-12.68
9/27/2002,-22.55
9/20/2002,-9.46
9/13/2002,1.37
9/6/2002,-18.52
8/30/2002,20.97
8/23/2002,4.17
8/16/2002,-3.45
8/9/2002,-1.64
8/2/2002,2.63
7/26/2002,-20.93
7/19/2002,-27.5
7/12/2002,-7.22
7/5/2002,-20.32
6/28/2002,-15.05
6/21/2002,20
6/14/2002,-1.82
6/7/2002,-6.55
5/31/2002,-11.96
5/24/2002,-14.29
5/17/2002,8.49
5/10/2002,-10.53
5/3/2002,-6.3
4/26/2002,13.34
4/19/2002,17.03
4/12/2002,-5.12
4/5/2002,20.24
3/29/2002,27.9
3/22/2002,41.94
3/15/2002,41.93
3/8/2002,37.78
3/1/2002,24.07
2/22/2002,10.91
2/15/2002,29.03
2/8/2002,14.57
2/1/2002,22.72
1/25/2002,4.08
1/18/2002,0
1/11/2002,32.87
1/4/2002,26.67
12/28/2001,30.77
12/21/2001,26.23
12/14/2001,47.36
12/7/2001,34.69
11/30/2001,49.33
11/23/2001,33.33
11/16/2001,12.12
11/9/2001,-7.69
11/2/2001,1.67
10/26/2001,38.23
10/19/2001,39.43
10/12/2001,19.3
10/5/2001,21.95
9/28/2001,28.89
9/21/2001,-13.51
9/14/2001,-10
9/7/2001,-3.37
8/31/2001,8.57
8/24/2001,3.45
8/17/2001,-2.08
8/10/2001,7.23
8/3/2001,0
7/27/2001,-8.58
7/20/2001,34.78
7/13/2001,-10.99
7/6/2001,22.22
6/29/2001,-2.53
6/22/2001,10
6/15/2001,8.48
6/8/2001,17.02
6/1/2001,20.78
5/25/2001,45.23
5/18/2001,32.94
5/11/2001,35.55
5/4/2001,41.89
4/27/2001,15.52
4/20/2001,12.5
4/13/2001,-10.61
4/6/2001,-3.6
3/30/2001,9.8
3/23/2001,-19.44
3/16/2001,-5.45
3/9/2001,0
3/2/2001,12.17
2/23/2001,-12.28
2/16/2001,8.69
2/9/2001,41.12
2/2/2001,30.77
1/26/2001,23.08
1/19/2001,12.2
1/12/2001,-7.15
1/5/2001,18.52
12/29/2000,8
12/22/2000,-20
12/15/2000,26.93
12/8/2000,9.81
12/1/2000,43.75
11/24/2000,0
11/17/2000,29.16
11/10/2000,54.29
11/3/2000,29.03
10/27/2000,46.15
10/20/2000,24.45
10/13/2000,9.75
10/6/2000,16.13
9/29/2000,46.66
9/22/2000,25
9/15/2000,17.65
9/8/2000,54.17
9/1/2000,38.23
8/25/2000,34.61
8/18/2000,40.63
8/11/2000,42.62
8/4/2000,17.39
7/28/2000,22.86
7/21/2000,54.67
7/14/2000,45
7/7/2000,40.25
6/23/2000,-13.33
6/16/2000,25
6/9/2000,38.46
6/2/2000,4.17
5/26/2000,-1.59
5/19/2000,-5.89
5/12/2000,4.65
5/5/2000,0
4/28/2000,46.77
4/21/2000,41.18
4/14/2000,22.22
4/7/2000,25
3/31/2000,-11.11
3/24/2000,45.71
3/17/2000,23.33
3/10/2000,41.66
3/3/2000,13.34
2/25/2000,10.35
2/18/2000,3.03
2/11/2000,13.95
2/4/2000,26.67
1/28/2000,33.33
1/21/2000,39.28
1/14/2000,40.74
1/7/2000,61.67
12/31/1999,45
12/24/1999,35
12/17/1999,34
12/10/1999,51
12/3/1999,49
11/26/1999,38
11/19/1999,24
11/12/1999,22
11/5/1999,21
10/29/1999,14
10/22/1999,13
10/15/1999,23
10/8/1999,6
10/1/1999,12
9/24/1999,8
9/17/1999,15
9/10/1999,12
9/3/1999,26
8/27/1999,10
8/20/1999,8
8/13/1999,0
8/6/1999,6
7/30/1999,22
7/23/1999,33
7/16/1999,36
7/9/1999,22
7/2/1999,8
6/25/1999,-1
6/18/1999,11
6/11/1999,4
6/4/1999,0
5/28/1999,18
5/21/1999,17
5/14/1999,17
5/7/1999,40
4/30/1999,14
4/23/1999,8
4/16/1999,13
4/9/1999,10
4/2/1999,15
3/26/1999,9
3/19/1999,27
3/12/1999,16
3/5/1999,17
2/26/1999,13
2/19/1999,13
2/12/1999,31
2/5/1999,34
1/29/1999,27
1/22/1999,36
1/15/1999,30
1/8/1999,15
1/1/1999,19
12/25/1998,2
12/18/1998,16
12/11/1998,18
12/4/1998,28
11/27/1998,31
11/20/1998,22
11/13/1998,36
11/6/1998,18
10/30/1998,22
10/23/1998,-1
10/16/1998,-16
10/9/1998,-7
10/2/1998,-1
9/25/1998,6
9/18/1998,3
9/11/1998,-11
9/4/1998,-17
8/28/1998,-22
8/21/1998,-8
8/14/1998,-8
8/7/1998,4
7/31/1998,24
7/24/1998,13
7/17/1998,14
7/10/1998,16
7/3/1998,14
6/26/1998,0
6/19/1998,-4
6/12/1998,3
6/5/1998,-6
5/29/1998,8
5/22/1998,15
5/15/1998,7
5/8/1998,20
5/1/1998,19
4/24/1998,18
4/17/1998,38
4/10/1998,18
4/3/1998,24
3/27/1998,25
3/20/1998,18
3/13/1998,24
3/6/1998,40
2/27/1998,39
2/20/1998,27
2/13/1998,26
2/6/1998,5
1/30/1998,18
1/23/1998,1
1/16/1998,21
1/9/1998,24
1/2/1998,3
12/26/1997,18
12/19/1997,21
12/12/1997,29
12/5/1997,31
11/28/1997,20
11/21/1997,18
11/14/1997,28
11/7/1997,13
10/31/1997,18
10/24/1997,26
10/17/1997,22
10/10/1997,29
10/3/1997,19
9/26/1997,20
9/19/1997,24
9/12/1997,20
9/5/1997,12
8/29/1997,28
8/22/1997,27
8/15/1997,28
8/8/1997,26
8/1/1997,22
7/25/1997,31
7/18/1997,38
7/11/1997,31
7/4/1997,20
6/27/1997,29
6/20/1997,44
6/13/1997,33
6/6/1997,37
5/30/1997,20
5/23/1997,15
5/16/1997,18
5/9/1997,4
5/2/1997,-2
4/25/1997,-4
4/18/1997,3
4/11/1997,-11
4/4/1997,-2
3/28/1997,-6
3/21/1997,14
3/14/1997,4
3/7/1997,23
2/28/1997,48
2/21/1997,24
2/14/1997,27
2/7/1997,23
1/31/1997,35
1/24/1997,15
1/17/1997,16
1/10/1997,11
1/3/1997,19
12/27/1996,7
12/20/1996,-6
12/13/1996,8
12/6/1996,8
11/29/1996,31
11/22/1996,16
11/15/1996,8
11/8/1996,-3
11/1/1996,3
10/25/1996,17
10/18/1996,14
10/11/1996,12
10/4/1996,11
9/27/1996,7
9/20/1996,-3
9/13/1996,-2
9/6/1996,-7
8/30/1996,-1
8/23/1996,2
8/16/1996,23
8/9/1996,-4
8/2/1996,-4
7/26/1996,-8
7/19/1996,3
7/12/1996,15
7/5/1996,8
6/28/1996,25
6/21/1996,16
6/14/1996,26
6/7/1996,22
5/31/1996,51
5/24/1996,37
5/17/1996,14
5/10/1996,30
5/3/1996,27
4/26/1996,-4
4/19/1996,10
4/12/1996,22
4/5/1996,23
3/29/1996,21
3/22/1996,25
3/15/1996,7
3/8/1996,16
3/1/1996,18
2/23/1996,20
2/16/1996,29
2/9/1996,37
2/2/1996,39
1/26/1996,12
1/19/1996,13
1/5/1996,28
12/29/1995,26
12/22/1995,24
12/15/1995,25
12/8/1995,24
12/1/1995,32
11/24/1995,14
11/17/1995,23
11/10/1995,33
11/3/1995,28
10/27/1995,25
10/20/1995,26
10/13/1995,12
10/6/1995,15
9/29/1995,11
9/22/1995,17
9/15/1995,24
9/8/1995,10
9/1/1995,18
8/25/1995,-2
8/18/1995,15
8/11/1995,10
8/4/1995,10
7/28/1995,8
7/21/1995,16
7/14/1995,6
7/7/1995,4
6/30/1995,-2
6/23/1995,17
6/16/1995,3
6/9/1995,13
6/2/1995,12
5/26/1995,14
5/19/1995,7
5/12/1995,14
5/5/1995,11
4/28/1995,33
4/21/1995,1
4/14/1995,3
4/7/1995,9
3/31/1995,27
3/24/1995,24
3/17/1995,19
3/10/1995,30
3/3/1995,32
2/24/1995,29
2/17/1995,23
2/10/1995,11
2/3/1995,13
1/27/1995,13
1/20/1995,13
1/13/1995,14
1/6/1995,19
12/30/1994,23
12/23/1994,9
12/16/1994,1
12/9/1994,-5
12/2/1994,18
11/25/1994,10
11/18/1994,0
11/11/1994,5
11/4/1994,15
10/28/1994,24
10/21/1994,11
10/14/1994,9
10/7/1994,5
9/30/1994,8
9/23/1994,10
9/16/1994,15
9/9/1994,27
9/2/1994,20
8/26/1994,3
8/19/1994,0
8/12/1994,5
8/5/1994,-4
7/29/1994,-4
7/22/1994,6
7/15/1994,-10
7/8/1994,-12
7/1/1994,1
6/24/1994,3
6/17/1994,6
6/10/1994,3
6/3/1994,14
5/27/1994,-9
5/20/1994,-20
5/13/1994,8
5/6/1994,-4
4/29/1994,-11
4/22/1994,-7
4/15/1994,-19
4/8/1994,-13
4/1/1994,-21
3/25/1994,-5
3/18/1994,-11
3/11/1994,-8
3/4/1994,4
2/25/1994,12
2/18/1994,16
2/11/1994,25
2/4/1994,5
1/28/1994,7
1/21/1994,22
1/14/1994,7
1/7/1994,13
12/31/1993,16
12/24/1993,3
12/17/1993,4
12/10/1993,13
12/3/1993,-2
11/26/1993,20
11/19/1993,-1
11/12/1993,0
11/5/1993,0
10/29/1993,19
10/22/1993,14
10/15/1993,0
10/8/1993,-5
10/1/1993,-14
9/24/1993,-4
9/17/1993,-2
9/10/1993,-10
9/3/1993,9
8/27/1993,-11
8/20/1993,-1
8/13/1993,-9
8/6/1993,-6
7/30/1993,-5
7/23/1993,-9
7/16/1993,-12
7/9/1993,-13
7/2/1993,-20
6/25/1993,-6
6/18/1993,-21
6/11/1993,-18
6/4/1993,5
5/28/1993,-15
5/21/1993,-24
5/14/1993,-19
5/7/1993,-13
4/30/1993,-19
4/23/1993,-2
4/16/1993,-3
4/9/1993,3
4/2/1993,10
3/26/1993,20
3/19/1993,14
3/12/1993,23
3/5/1993,-10
2/26/1993,0
2/19/1993,19
2/12/1993,25
2/5/1993,22
1/29/1993,17
1/22/1993,20
1/15/1993,40
1/8/1993,-11
1/1/1993,47
12/25/1992,40
12/18/1992,53
12/11/1992,28
12/4/1992,13
11/27/1992,23
11/20/1992,34
11/13/1992,18
11/6/1992,25
10/30/1992,5
10/23/1992,-26
10/16/1992,-36
10/9/1992,-23
10/2/1992,-5
9/25/1992,-16
9/18/1992,-16
9/11/1992,-17
9/4/1992,-28
8/28/1992,-3
8/21/1992,-22
8/14/1992,-11
8/7/1992,-5
7/31/1992,-9
7/24/1992,8
7/17/1992,-2
7/10/1992,-12
7/3/1992,-14
6/26/1992,12
6/19/1992,7
6/12/1992,8
6/5/1992,22
5/29/1992,25
5/22/1992,20
5/15/1992,17
5/8/1992,17
5/1/1992,-6
4/24/1992,38
4/17/1992,12
4/10/1992,13
4/3/1992,12
3/27/1992,21
3/20/1992,25
3/13/1992,11
3/6/1992,19
2/28/1992,22
2/21/1992,19
2/14/1992,20
2/7/1992,11
1/31/1992,20
1/24/1992,17
1/17/1992,23
1/10/1992,23
1/3/1992,18
12/27/1991,7
12/20/1991,2
12/13/1991,2
12/6/1991,-22
11/29/1991,-7
11/22/1991,28
11/15/1991,9
11/8/1991,0
11/1/1991,16
10/25/1991,-2
10/18/1991,-9
10/11/1991,15
10/4/1991,0
9/27/1991,0
9/20/1991,12
9/13/1991,25
9/6/1991,3
8/30/1991,22
8/23/1991,0
8/16/1991,7
8/9/1991,-3
8/2/1991,2
7/26/1991,12
7/19/1991,5
7/12/1991,21
7/5/1991,-5
6/28/1991,-7
6/21/1991,28
6/14/1991,25
6/7/1991,29
