Security,CDSPHRAV Index                                                  ,
Start Date,1/2/2003 0:00,
End Date,5/18/2021 0:00,
Period,D,
Currency,CNY,
,,
Date,PX_LAST,CHG_NET_1D
5/18/2021,6173,-62
5/17/2021,6235,-148
5/14/2021,6383,-259
5/13/2021,6642,-78
5/12/2021,6720,104
5/11/2021,6616,61
5/10/2021,6555,545
5/7/2021,6010,61
5/6/2021,5949,197
4/29/2021,5752,20
4/28/2021,5732,-30
4/27/2021,5762,13
4/26/2021,5749,112
4/23/2021,5637,17
4/22/2021,5620,69
4/21/2021,5551,10
4/20/2021,5541,-13
4/19/2021,5554,-10
4/16/2021,5564,-8
4/15/2021,5572,-6
4/14/2021,5578,36
4/13/2021,5542,25
4/12/2021,5517,-80
4/9/2021,5597,-15
4/8/2021,5612,-43
4/7/2021,5655,32
4/6/2021,5623,107
4/2/2021,5516,112
4/1/2021,5404,40
3/31/2021,5364,36
3/30/2021,5328,40
3/29/2021,5288,168
3/26/2021,5120,-15
3/25/2021,5135,41
3/24/2021,5094,-5
3/23/2021,5099,-8
3/22/2021,5107,102
3/19/2021,5005,16
3/18/2021,4989,13
3/17/2021,4976,-8
3/16/2021,4984,1
3/15/2021,4983,-1
3/12/2021,4984,108
3/11/2021,4876,-15
3/10/2021,4891,-80
3/9/2021,4971,-12
3/8/2021,4983,95
3/5/2021,4888,-89
3/4/2021,4977,-15
3/3/2021,4992,129
3/2/2021,4863,-4
3/1/2021,4867,-11
2/26/2021,4878,0
2/25/2021,4878,21
2/24/2021,4857,-11
2/23/2021,4868,6
2/22/2021,4862,340
2/8/2021,4522,14
2/5/2021,4508,12
2/4/2021,4496,6
2/3/2021,4490,-9
2/2/2021,4499,-10
2/1/2021,4509,-15
1/29/2021,4524,-10
1/28/2021,4534,2
1/27/2021,4532,15
1/26/2021,4517,16
1/25/2021,4501,-12
1/22/2021,4513,7
1/21/2021,4506,-11
1/20/2021,4517,-19
1/19/2021,4536,-17
1/18/2021,4553,11
1/15/2021,4542,5
1/14/2021,4537,-8
1/13/2021,4545,-13
1/12/2021,4558,-53
1/11/2021,4611,-39
1/8/2021,4650,53
1/7/2021,4597,-10
1/6/2021,4607,-4
1/5/2021,4611,14
1/4/2021,4597,22
12/31/2020,4575,12
12/30/2020,4563,-85
12/29/2020,4648,-72
12/28/2020,4720,-51
12/25/2020,4771,-159
12/23/2020,4930,-121
12/22/2020,5051,91
12/21/2020,4960,372
12/18/2020,4588,57
12/17/2020,4531,32
12/16/2020,4499,23
12/15/2020,4476,-21
12/14/2020,4497,-17
12/11/2020,4514,92
12/10/2020,4422,79
12/9/2020,4343,-14
12/8/2020,4357,55
12/7/2020,4302,86
12/4/2020,4216,5
12/3/2020,4211,14
12/2/2020,4197,45
12/1/2020,4152,14
11/30/2020,4138,3
11/27/2020,4135,39
11/26/2020,4096,4
11/25/2020,4092,5
11/24/2020,4087,0
11/23/2020,4087,3
11/20/2020,4084,4
11/19/2020,4080,14
11/18/2020,4066,15
11/17/2020,4051,24
11/16/2020,4027,5
11/13/2020,4022,-3
11/12/2020,4025,-5
11/11/2020,4030,-6
11/10/2020,4036,13
11/9/2020,4023,63
11/6/2020,3960,6
11/5/2020,3954,18
11/4/2020,3936,0
11/3/2020,3936,18
11/2/2020,3918,9
10/30/2020,3909,13
10/29/2020,3896,7
10/28/2020,3889,0
10/27/2020,3889,-2
10/26/2020,3891,-13
10/23/2020,3904,4
10/22/2020,3900,14
10/21/2020,3886,0
10/20/2020,3886,-3
10/19/2020,3889,8
10/16/2020,3881,-13
10/15/2020,3894,-19
10/14/2020,3913,-12
10/13/2020,3925,-2
10/12/2020,3927,25
10/9/2020,3902,49
9/30/2020,3853,0
9/29/2020,3853,-8
9/28/2020,3861,-19
9/25/2020,3880,-4
9/24/2020,3884,-11
9/23/2020,3895,-2
9/22/2020,3897,-17
9/21/2020,3914,-9
9/18/2020,3923,-2
9/17/2020,3925,-22
9/16/2020,3947,-15
9/15/2020,3962,-3
9/14/2020,3965,18
9/11/2020,3947,-19
9/10/2020,3966,-21
9/9/2020,3987,-19
9/8/2020,4006,-6
9/7/2020,4012,-8
9/4/2020,4020,-2
9/3/2020,4022,2
9/2/2020,4020,10
9/1/2020,4010,18
8/31/2020,3992,20
8/28/2020,3972,-7
8/27/2020,3979,-2
8/26/2020,3981,-6
8/25/2020,3987,-3
8/24/2020,3990,-1
8/21/2020,3991,-1
8/20/2020,3992,-3
8/19/2020,3995,0
8/18/2020,3995,10
8/17/2020,3985,11
8/14/2020,3974,-1
8/13/2020,3975,-1
8/12/2020,3976,-4
8/11/2020,3980,7
8/10/2020,3973,-10
8/7/2020,3983,1
8/6/2020,3982,16
8/5/2020,3966,2
8/4/2020,3964,16
8/3/2020,3948,36
7/31/2020,3912,11
7/30/2020,3901,0
7/29/2020,3901,-1
7/28/2020,3902,-3
7/27/2020,3905,-13
7/24/2020,3918,2
7/23/2020,3916,4
7/22/2020,3912,28
7/21/2020,3884,5
7/20/2020,3879,-3
7/17/2020,3882,-3
7/16/2020,3885,0
7/15/2020,3885,5
7/14/2020,3880,11
7/13/2020,3869,22
7/10/2020,3847,-1
7/9/2020,3848,28
7/8/2020,3820,26
7/7/2020,3794,19
7/6/2020,3775,4
7/3/2020,3771,2
7/2/2020,3769,-2
7/1/2020,3771,-2
6/30/2020,3773,1
6/29/2020,3772,-7
6/24/2020,3779,-5
6/23/2020,3784,-5
6/22/2020,3789,14
6/19/2020,3775,24
6/18/2020,3751,8
6/17/2020,3743,2
6/16/2020,3741,8
6/12/2020,3733,5
6/11/2020,3728,0
6/10/2020,3728,2
6/9/2020,3726,-3
6/8/2020,3729,17
6/5/2020,3712,-9
6/4/2020,3721,-1
6/3/2020,3722,1
6/2/2020,3721,5
6/1/2020,3716,55
5/29/2020,3661,30
5/28/2020,3631,6
5/27/2020,3625,-1
5/26/2020,3626,-2
5/25/2020,3628,-42
5/22/2020,3670,11
5/21/2020,3659,0
5/20/2020,3659,-1
5/19/2020,3660,34
5/18/2020,3626,106
5/15/2020,3520,16
5/14/2020,3504,20
5/13/2020,3484,4
5/12/2020,3480,5
5/11/2020,3475,8
5/8/2020,3467,27
5/7/2020,3440,30
5/6/2020,3410,37
4/30/2020,3373,9
4/29/2020,3364,1
4/28/2020,3363,-5
4/27/2020,3368,2
4/24/2020,3366,-8
4/23/2020,3374,14
4/22/2020,3360,-17
4/21/2020,3377,-13
4/20/2020,3390,3
4/17/2020,3387,19
4/16/2020,3368,-7
4/15/2020,3375,-7
4/14/2020,3382,14
4/13/2020,3368,18
4/10/2020,3350,11
4/9/2020,3339,23
4/8/2020,3316,-4
4/7/2020,3320,2
4/3/2020,3318,5
4/2/2020,3313,-51
4/1/2020,3364,-36
3/31/2020,3400,-9
3/30/2020,3409,-13
3/27/2020,3422,-12
3/26/2020,3434,-16
3/25/2020,3450,9
3/24/2020,3441,-8
3/23/2020,3449,-34
3/20/2020,3483,-8
3/19/2020,3491,-20
3/18/2020,3511,1
3/17/2020,3510,-12
3/16/2020,3522,45
3/13/2020,3477,-5
3/12/2020,3482,-1
3/11/2020,3483,6
3/10/2020,3477,5
3/9/2020,3472,-13
3/6/2020,3485,-3
3/5/2020,3488,6
3/4/2020,3482,-10
3/3/2020,3492,14
3/2/2020,3478,-17
2/28/2020,3495,-23
2/27/2020,3518,-18
2/26/2020,3536,-14
2/25/2020,3550,-11
2/24/2020,3561,38
2/21/2020,3523,15
2/20/2020,3508,-4
2/19/2020,3512,-24
2/18/2020,3536,-14
2/17/2020,3550,-12
2/14/2020,3562,-15
2/13/2020,3577,-8
2/12/2020,3585,-3
2/11/2020,3588,-8
2/10/2020,3596,-34
2/7/2020,3630,-13
2/6/2020,3643,-19
2/5/2020,3662,-27
2/4/2020,3689,-96
2/3/2020,3785,-48
1/21/2020,3833,0
1/20/2020,3833,0
1/17/2020,3833,-1
1/16/2020,3834,-1
1/15/2020,3835,1
1/14/2020,3834,-2
1/13/2020,3836,-5
1/10/2020,3841,-5
1/9/2020,3846,-1
1/8/2020,3847,2
1/7/2020,3845,1
1/6/2020,3844,-1
1/3/2020,3845,-3
1/2/2020,3848,5
12/31/2019,3843,1
12/30/2019,3842,3
12/27/2019,3839,-1
12/26/2019,3840,-7
12/25/2019,3847,0
12/24/2019,3847,-4
12/23/2019,3851,3
12/20/2019,3848,-2
12/19/2019,3850,0
12/18/2019,3850,-2
12/17/2019,3852,-4
12/16/2019,3856,7
12/13/2019,3849,1
12/12/2019,3848,-3
12/11/2019,3851,23
12/10/2019,3828,15
12/9/2019,3813,21
12/6/2019,3792,0
12/5/2019,3792,2
12/4/2019,3790,2
12/3/2019,3788,6
12/2/2019,3782,1
11/29/2019,3781,4
11/28/2019,3777,-3
11/27/2019,3780,-3
11/26/2019,3783,12
11/25/2019,3771,20
11/22/2019,3751,3
11/21/2019,3748,6
11/20/2019,3742,47
11/19/2019,3695,3
11/18/2019,3692,13
11/15/2019,3679,32
11/14/2019,3647,11
11/13/2019,3636,19
11/12/2019,3617,0
11/11/2019,3617,-8
11/8/2019,3625,-7
11/7/2019,3632,7
11/6/2019,3625,14
11/5/2019,3611,3
11/4/2019,3608,3
11/1/2019,3605,-4
10/31/2019,3609,9
10/30/2019,3600,-2
10/29/2019,3602,2
10/28/2019,3600,4
10/25/2019,3596,3
10/24/2019,3593,-1
10/23/2019,3594,3
10/22/2019,3591,0
10/21/2019,3591,-9
10/18/2019,3600,-8
10/17/2019,3608,-22
10/16/2019,3630,-3
10/15/2019,3633,-24
10/14/2019,3657,6
10/11/2019,3651,-20
10/10/2019,3671,-7
10/9/2019,3678,-13
10/8/2019,3691,14
9/27/2019,3677,-15
9/26/2019,3692,-9
9/25/2019,3701,-5
9/24/2019,3706,14
9/23/2019,3692,21
9/20/2019,3671,-36
9/19/2019,3707,-15
9/18/2019,3722,-14
9/17/2019,3736,-8
9/16/2019,3744,16
9/12/2019,3728,-5
9/11/2019,3733,-12
9/10/2019,3745,22
9/9/2019,3723,7
9/6/2019,3716,-10
9/5/2019,3726,10
9/4/2019,3716,12
9/3/2019,3704,12
9/2/2019,3692,15
8/30/2019,3677,4
8/29/2019,3673,10
8/28/2019,3663,-28
8/27/2019,3691,-37
8/26/2019,3728,-16
8/23/2019,3744,-1
8/22/2019,3745,-1
8/21/2019,3746,-18
8/20/2019,3764,-5
8/19/2019,3769,-1
8/16/2019,3770,2
8/15/2019,3768,-6
8/14/2019,3774,21
8/13/2019,3753,23
8/12/2019,3730,-23
8/9/2019,3753,-42
8/8/2019,3795,3
8/7/2019,3792,-10
8/6/2019,3802,-20
8/5/2019,3822,-15
8/2/2019,3837,-30
8/1/2019,3867,-5
7/31/2019,3872,4
7/30/2019,3868,-7
7/29/2019,3875,-5
7/26/2019,3880,9
7/25/2019,3871,-2
7/24/2019,3873,-17
7/23/2019,3890,1
7/22/2019,3889,14
7/19/2019,3875,-18
7/18/2019,3893,-5
7/17/2019,3898,0
7/16/2019,3898,25
7/15/2019,3873,-4
7/12/2019,3877,-4
7/11/2019,3881,-10
7/10/2019,3891,-10
7/9/2019,3901,15
7/8/2019,3886,-18
7/5/2019,3904,-6
7/4/2019,3910,-8
7/3/2019,3918,-34
7/2/2019,3952,-15
7/1/2019,3967,62
6/28/2019,3905,9
6/27/2019,3896,5
6/26/2019,3891,1
6/25/2019,3890,26
6/24/2019,3864,63
6/21/2019,3801,-4
6/20/2019,3805,4
6/19/2019,3801,12
6/18/2019,3789,-24
6/17/2019,3813,-30
6/14/2019,3843,-4
6/13/2019,3847,-11
6/12/2019,3858,11
6/11/2019,3847,-3
6/10/2019,3850,-9
6/6/2019,3859,-22
6/5/2019,3881,-5
6/4/2019,3886,-19
6/3/2019,3905,-25
5/31/2019,3930,-22
5/30/2019,3952,-4
5/29/2019,3956,-10
5/28/2019,3966,-7
5/27/2019,3973,-6
5/24/2019,3979,-14
5/23/2019,3993,-2
5/22/2019,3995,11
5/21/2019,3984,1
5/20/2019,3983,-9
5/17/2019,3992,7
5/16/2019,3985,9
5/15/2019,3976,-12
5/14/2019,3988,-27
5/13/2019,4015,-6
5/10/2019,4021,15
5/9/2019,4006,-32
5/8/2019,4038,-7
5/7/2019,4045,1
5/6/2019,4044,3
4/30/2019,4041,22
4/29/2019,4019,9
4/25/2019,4010,-5
4/24/2019,4015,-13
4/23/2019,4028,-4
4/22/2019,4032,31
4/19/2019,4001,-6
4/18/2019,4007,-13
4/17/2019,4020,-6
4/16/2019,4026,8
4/15/2019,4018,16
4/12/2019,4002,-1
4/11/2019,4003,0
4/10/2019,4003,-11
4/9/2019,4014,28
4/8/2019,3986,39
4/4/2019,3947,16
4/3/2019,3931,14
4/2/2019,3917,25
4/1/2019,3892,0
3/29/2019,3892,-1
3/28/2019,3893,3
3/27/2019,3890,-2
3/26/2019,3892,-4
3/25/2019,3896,-3
3/22/2019,3899,-3
3/21/2019,3902,8
3/20/2019,3894,-5
3/19/2019,3899,16
3/18/2019,3883,29
3/15/2019,3854,-20
3/14/2019,3874,-1
3/13/2019,3875,10
3/12/2019,3865,21
3/11/2019,3844,-12
3/8/2019,3856,-1
3/7/2019,3857,-5
3/6/2019,3862,-9
3/5/2019,3871,-7
3/4/2019,3878,28
3/1/2019,3850,13
2/28/2019,3837,6
2/27/2019,3831,9
2/26/2019,3822,-2
2/25/2019,3824,30
2/22/2019,3794,10
2/21/2019,3784,9
2/20/2019,3775,-20
2/19/2019,3795,13
2/18/2019,3782,-12
2/15/2019,3794,-16
2/14/2019,3810,-29
2/13/2019,3839,-17
2/12/2019,3856,28
2/11/2019,3828,56
1/31/2019,3772,0
1/30/2019,3772,1
1/29/2019,3771,-4
1/28/2019,3775,12
1/25/2019,3763,16
1/24/2019,3747,5
1/23/2019,3742,-1
1/22/2019,3743,28
1/21/2019,3715,19
1/18/2019,3696,11
1/17/2019,3685,-2
1/16/2019,3687,-9
1/15/2019,3696,-15
1/14/2019,3711,1
1/11/2019,3710,-4
1/10/2019,3714,1
1/9/2019,3713,-6
1/8/2019,3719,8
1/7/2019,3711,21
1/4/2019,3690,-1
1/3/2019,3691,-13
1/2/2019,3704,-22
12/28/2018,3726,-12
12/27/2018,3738,-14
12/26/2018,3752,-8
12/25/2018,3760,-21
12/24/2018,3781,-10
12/21/2018,3791,9
12/20/2018,3782,3
12/19/2018,3779,5
12/18/2018,3774,-11
12/17/2018,3785,17
12/14/2018,3768,25
12/13/2018,3743,10
12/12/2018,3733,24
12/11/2018,3709,-20
12/10/2018,3729,2
12/7/2018,3727,-24
12/6/2018,3751,8
12/5/2018,3743,12
12/4/2018,3731,-12
12/3/2018,3743,141
11/30/2018,3602,-8
11/29/2018,3610,21
11/28/2018,3589,-24
11/27/2018,3613,-81
11/26/2018,3694,-63
11/23/2018,3757,-26
11/22/2018,3783,-8
11/21/2018,3791,-45
11/20/2018,3836,-21
11/19/2018,3857,-18
11/16/2018,3875,3
11/15/2018,3872,-3
11/14/2018,3875,-11
11/13/2018,3886,-34
11/12/2018,3920,-66
11/9/2018,3986,-27
11/8/2018,4013,-32
11/7/2018,4045,-19
11/6/2018,4064,-10
11/5/2018,4074,-8
11/2/2018,4082,-26
11/1/2018,4108,-30
10/31/2018,4138,-13
10/30/2018,4151,-16
10/29/2018,4167,-15
10/26/2018,4182,0
10/25/2018,4182,-3
10/24/2018,4185,-1
10/23/2018,4186,-7
10/22/2018,4193,2
10/19/2018,4191,-18
10/18/2018,4209,-10
10/17/2018,4219,-7
10/16/2018,4226,5
10/15/2018,4221,1
10/12/2018,4220,-9
10/11/2018,4229,-8
10/10/2018,4237,3
10/9/2018,4234,12
10/8/2018,4222,-8
9/28/2018,4230,-36
9/27/2018,4266,-3
9/26/2018,4269,-16
9/25/2018,4285,-12
9/21/2018,4297,-5
9/20/2018,4302,-14
9/19/2018,4316,0
9/18/2018,4316,-4
9/17/2018,4320,4
9/14/2018,4316,0
9/13/2018,4316,3
9/12/2018,4313,-37
9/11/2018,4350,-25
9/10/2018,4375,18
9/7/2018,4357,30
9/6/2018,4327,-7
9/5/2018,4334,5
9/4/2018,4329,5
9/3/2018,4324,-13
8/31/2018,4337,-16
8/30/2018,4353,-21
8/29/2018,4374,-2
8/28/2018,4376,-15
8/27/2018,4391,10
8/24/2018,4381,-16
8/23/2018,4397,-6
8/22/2018,4403,4
8/21/2018,4399,11
8/20/2018,4388,77
8/17/2018,4311,-4
8/16/2018,4315,-11
8/15/2018,4326,-5
8/14/2018,4331,15
8/13/2018,4316,15
8/10/2018,4301,-2
8/9/2018,4303,-11
8/8/2018,4314,-3
8/7/2018,4317,14
8/6/2018,4303,5
8/3/2018,4298,4
8/2/2018,4294,-14
8/1/2018,4308,12
7/31/2018,4296,3
7/30/2018,4293,22
7/27/2018,4271,22
7/26/2018,4249,-1
7/25/2018,4250,-1
7/24/2018,4251,0
7/23/2018,4251,1
7/20/2018,4250,-3
7/19/2018,4253,13
7/18/2018,4240,-5
7/17/2018,4245,-6
7/16/2018,4251,3
7/13/2018,4248,6
7/12/2018,4242,19
7/11/2018,4223,2
7/10/2018,4221,18
7/9/2018,4203,-4
7/6/2018,4207,-21
7/5/2018,4228,-1
7/4/2018,4229,-13
7/3/2018,4242,-17
7/2/2018,4259,0
6/29/2018,4259,2
6/28/2018,4257,6
6/27/2018,4251,-9
6/26/2018,4260,-23
6/25/2018,4283,-10
6/22/2018,4293,-3
6/21/2018,4296,8
6/20/2018,4288,-18
6/19/2018,4306,-9
6/15/2018,4315,-2
6/14/2018,4317,11
6/13/2018,4306,9
6/12/2018,4297,8
6/11/2018,4289,-6
6/8/2018,4295,5
6/7/2018,4290,24
6/6/2018,4266,12
6/5/2018,4254,-11
6/4/2018,4265,0
6/1/2018,4265,22
5/31/2018,4243,10
5/30/2018,4233,20
5/29/2018,4213,4
5/28/2018,4209,6
5/25/2018,4203,18
5/24/2018,4185,-9
5/23/2018,4194,-17
5/22/2018,4211,-11
5/21/2018,4222,7
5/18/2018,4215,4
5/17/2018,4211,9
5/16/2018,4202,7
5/15/2018,4195,6
5/14/2018,4189,28
5/11/2018,4161,14
5/10/2018,4147,-3
5/9/2018,4150,-24
5/8/2018,4174,0
5/7/2018,4174,-6
5/4/2018,4180,-24
5/3/2018,4204,-9
5/2/2018,4213,101
4/27/2018,4112,-2
4/26/2018,4114,-11
4/25/2018,4125,-14
4/24/2018,4139,40
4/23/2018,4099,57
4/20/2018,4042,2
4/19/2018,4040,29
4/18/2018,4011,49
4/17/2018,3962,-9
4/16/2018,3971,19
4/13/2018,3952,3
4/12/2018,3949,-8
4/11/2018,3957,31
4/10/2018,3926,0
4/9/2018,3926,14
4/4/2018,3912,-13
4/3/2018,3925,-7
4/2/2018,3932,88
3/30/2018,3844,17
3/29/2018,3827,-19
3/28/2018,3846,27
3/27/2018,3819,9
3/26/2018,3810,-58
3/23/2018,3868,-105
3/22/2018,3973,-10
3/21/2018,3983,-22
3/20/2018,4005,-18
3/19/2018,4023,-15
3/16/2018,4038,19
3/15/2018,4019,26
3/14/2018,3993,-29
3/13/2018,4022,-6
3/12/2018,4028,-12
3/9/2018,4040,-57
3/8/2018,4097,-40
3/7/2018,4137,-18
3/6/2018,4155,-29
3/5/2018,4184,-18
3/2/2018,4202,-13
3/1/2018,4215,5
2/28/2018,4210,-5
2/27/2018,4215,6
2/26/2018,4209,103
2/9/2018,4106,0
2/8/2018,4106,2
2/7/2018,4104,0
2/6/2018,4104,5
2/5/2018,4099,10
2/2/2018,4089,16
2/1/2018,4073,-26
1/31/2018,4099,0
1/30/2018,4099,21
1/29/2018,4078,-11
1/26/2018,4089,2
1/25/2018,4087,9
1/24/2018,4078,-14
1/23/2018,4092,-10
1/22/2018,4102,50
1/19/2018,4052,-1
1/18/2018,4053,-16
1/17/2018,4069,-1
1/16/2018,4070,-12
1/15/2018,4082,-63
1/12/2018,4145,-40
1/11/2018,4185,1
1/10/2018,4184,-15
1/9/2018,4199,-8
1/8/2018,4207,-52
1/5/2018,4259,-14
1/4/2018,4273,-21
1/3/2018,4294,2
1/2/2018,4292,6
12/29/2017,4286,-5
12/28/2017,4291,-6
12/27/2017,4297,-10
12/26/2017,4307,-25
12/25/2017,4332,-26
12/22/2017,4358,0
12/21/2017,4358,4
12/20/2017,4354,-21
12/19/2017,4375,-10
12/18/2017,4385,33
12/15/2017,4352,-5
12/14/2017,4357,-9
12/13/2017,4366,-20
12/12/2017,4386,12
12/11/2017,4374,53
12/8/2017,4321,-16
12/7/2017,4337,-42
12/6/2017,4379,-24
12/5/2017,4403,48
12/4/2017,4355,69
12/1/2017,4286,11
11/30/2017,4275,80
11/29/2017,4195,1
11/28/2017,4194,13
11/27/2017,4181,26
11/24/2017,4155,-21
11/23/2017,4176,-2
11/22/2017,4178,23
11/21/2017,4155,20
11/20/2017,4135,-1
11/17/2017,4136,-18
11/16/2017,4154,4
11/15/2017,4150,-13
11/14/2017,4163,5
11/13/2017,4158,37
11/10/2017,4121,16
11/9/2017,4105,0
11/8/2017,4105,-16
11/7/2017,4121,-2
11/6/2017,4123,36
11/3/2017,4087,8
11/2/2017,4079,-20
11/1/2017,4099,13
10/31/2017,4086,1
10/30/2017,4085,-23
10/27/2017,4108,-31
10/26/2017,4139,-56
10/25/2017,4195,2
10/24/2017,4193,-12
10/23/2017,4205,70
10/20/2017,4135,6
10/19/2017,4129,-74
10/18/2017,4203,-18
10/17/2017,4221,-31
10/16/2017,4252,128
10/13/2017,4124,0
10/12/2017,4124,3
10/11/2017,4121,-30
10/10/2017,4151,-69
10/9/2017,4220,165
9/29/2017,4055,-6
9/28/2017,4061,11
9/27/2017,4050,26
9/26/2017,4024,5
9/25/2017,4019,-50
9/22/2017,4069,-77
9/21/2017,4146,-10
9/20/2017,4156,-28
9/19/2017,4184,0
9/18/2017,4184,-21
9/15/2017,4205,-17
9/14/2017,4222,-12
9/13/2017,4234,3
9/12/2017,4231,7
9/11/2017,4224,-58
9/8/2017,4282,6
9/7/2017,4276,-17
9/6/2017,4293,-33
9/5/2017,4326,-4
9/4/2017,4330,209
9/1/2017,4121,36
8/31/2017,4085,-18
8/30/2017,4103,-28
8/29/2017,4131,17
8/28/2017,4114,-45
8/25/2017,4159,74
8/24/2017,4085,24
8/23/2017,4061,-84
8/22/2017,4145,-16
8/21/2017,4161,82
8/18/2017,4079,17
8/17/2017,4062,56
8/16/2017,4006,10
8/15/2017,3996,-71
8/14/2017,4067,-49
8/11/2017,4116,-17
8/10/2017,4133,52
8/9/2017,4081,-23
8/8/2017,4104,-9
8/7/2017,4113,213
8/4/2017,3900,16
8/3/2017,3884,11
8/2/2017,3873,12
8/1/2017,3861,17
7/31/2017,3844,59
7/28/2017,3785,3
7/27/2017,3782,-12
7/26/2017,3794,27
7/25/2017,3767,15
7/24/2017,3752,-14
7/21/2017,3766,-36
7/20/2017,3802,-1
7/19/2017,3803,8
7/18/2017,3795,11
7/17/2017,3784,49
7/14/2017,3735,-1
7/13/2017,3736,17
7/12/2017,3719,42
7/11/2017,3677,43
7/10/2017,3634,-13
7/7/2017,3647,30
7/6/2017,3617,-19
7/5/2017,3636,14
7/4/2017,3622,23
7/3/2017,3599,20
6/30/2017,3579,-7
6/29/2017,3586,34
6/28/2017,3552,48
6/27/2017,3504,41
6/26/2017,3463,24
6/23/2017,3439,0
6/22/2017,3439,7
6/21/2017,3432,-10
6/20/2017,3442,26
6/19/2017,3416,9
6/16/2017,3407,50
6/15/2017,3357,35
6/14/2017,3322,-23
6/13/2017,3345,9
6/12/2017,3336,60
6/9/2017,3276,37
6/8/2017,3239,22
6/7/2017,3217,19
6/6/2017,3198,-20
6/5/2017,3218,-19
6/2/2017,3237,-8
6/1/2017,3245,-27
5/31/2017,3272,16
5/26/2017,3256,-16
5/25/2017,3272,-29
5/24/2017,3301,-30
5/23/2017,3331,10
5/22/2017,3321,105
5/19/2017,3216,34
5/18/2017,3182,20
5/17/2017,3162,39
5/16/2017,3123,10
5/15/2017,3113,37
5/12/2017,3076,-3
5/11/2017,3079,-4
5/10/2017,3083,-79
5/9/2017,3162,-9
5/8/2017,3171,139
5/5/2017,3032,-88
5/4/2017,3120,-94
5/3/2017,3214,-32
5/2/2017,3246,110
4/28/2017,3136,55
4/27/2017,3081,14
4/26/2017,3067,50
4/25/2017,3017,19
4/24/2017,2998,-13
4/21/2017,3011,39
4/20/2017,2972,7
4/19/2017,2965,-61
4/18/2017,3026,-64
4/17/2017,3090,-9
4/14/2017,3099,39
4/13/2017,3060,-19
4/12/2017,3079,-163
4/11/2017,3242,-48
4/10/2017,3290,-38
4/7/2017,3328,-93
4/6/2017,3421,-12
4/5/2017,3433,-16
3/31/2017,3449,-8
3/30/2017,3457,6
3/29/2017,3451,15
3/28/2017,3436,-35
3/27/2017,3471,-97
3/24/2017,3568,-8
3/23/2017,3576,-47
3/22/2017,3623,-63
3/21/2017,3686,-35
3/20/2017,3721,-5
3/17/2017,3726,-14
3/16/2017,3740,-13
3/15/2017,3753,28
3/14/2017,3725,28
3/13/2017,3697,14
3/10/2017,3683,1
3/9/2017,3682,-64
3/8/2017,3746,-16
3/7/2017,3762,-28
3/6/2017,3790,-6
3/3/2017,3796,-48
3/2/2017,3844,12
3/1/2017,3832,-57
2/28/2017,3889,3
2/27/2017,3886,82
2/24/2017,3804,-76
2/23/2017,3880,-20
2/22/2017,3900,-15
2/21/2017,3915,33
2/20/2017,3882,23
2/17/2017,3859,7
2/16/2017,3852,-17
2/15/2017,3869,-4
2/14/2017,3873,19
2/13/2017,3854,91
2/10/2017,3763,-6
2/9/2017,3769,2
2/8/2017,3767,28
2/7/2017,3739,-8
2/6/2017,3747,-27
1/25/2017,3774,3
1/24/2017,3771,0
1/23/2017,3771,0
1/20/2017,3771,-6
1/19/2017,3777,-7
1/18/2017,3784,-15
1/17/2017,3799,9
1/16/2017,3790,26
1/13/2017,3764,-7
1/12/2017,3771,12
1/11/2017,3759,28
1/10/2017,3731,28
1/9/2017,3703,-24
1/6/2017,3727,-5
1/5/2017,3732,7
1/4/2017,3725,-10
1/3/2017,3735,0
12/30/2016,3735,-33
12/29/2016,3768,12
12/28/2016,3756,67
12/27/2016,3689,-11
12/26/2016,3700,-86
12/23/2016,3786,-63
12/22/2016,3849,-8
12/21/2016,3857,-9
12/20/2016,3866,-27
12/19/2016,3893,-25
12/16/2016,3918,20
12/15/2016,3898,-30
12/14/2016,3928,-35
12/13/2016,3963,41
12/12/2016,3922,171
12/9/2016,3751,-9
12/8/2016,3760,-1
12/7/2016,3761,88
12/6/2016,3673,72
12/5/2016,3601,-11
12/2/2016,3612,96
12/1/2016,3516,-23
11/30/2016,3539,-105
11/29/2016,3644,52
11/28/2016,3592,166
11/25/2016,3426,12
11/24/2016,3414,26
11/23/2016,3388,77
11/22/2016,3311,66
11/21/2016,3245,0
11/18/2016,3245,6
11/17/2016,3239,-33
11/16/2016,3272,-78
11/15/2016,3350,-30
11/14/2016,3380,-12
11/11/2016,3392,5
11/10/2016,3387,30
11/9/2016,3357,38
11/8/2016,3319,66
11/7/2016,3253,80
11/4/2016,3173,28
11/3/2016,3145,31
11/2/2016,3114,73
11/1/2016,3041,44
10/31/2016,2997,28
10/28/2016,2969,-1
10/27/2016,2970,0
10/26/2016,2970,15
10/25/2016,2955,33
10/24/2016,2922,-5
10/21/2016,2927,-7
10/20/2016,2934,7
10/19/2016,2927,24
10/18/2016,2903,14
10/17/2016,2889,28
10/14/2016,2861,0
10/13/2016,2861,3
10/12/2016,2858,24
10/11/2016,2834,27
10/10/2016,2807,7
9/30/2016,2800,1
9/29/2016,2799,14
9/28/2016,2785,-8
9/27/2016,2793,1
9/26/2016,2792,25
9/23/2016,2767,17
9/22/2016,2750,6
9/21/2016,2744,1
9/20/2016,2743,-3
9/19/2016,2746,-30
9/14/2016,2776,-18
9/13/2016,2794,-10
9/12/2016,2804,-20
9/9/2016,2824,2
9/8/2016,2822,-25
9/7/2016,2847,-19
9/6/2016,2866,0
9/5/2016,2866,20
9/2/2016,2846,6
9/1/2016,2840,-38
8/31/2016,2878,-9
8/30/2016,2887,1
8/29/2016,2886,-7
8/26/2016,2893,6
8/25/2016,2887,0
8/24/2016,2887,20
8/23/2016,2867,17
8/22/2016,2850,19
8/19/2016,2831,-9
8/18/2016,2840,-1
8/17/2016,2841,38
8/16/2016,2803,42
8/15/2016,2761,13
8/12/2016,2748,13
8/11/2016,2735,-14
8/9/2016,2749,26
8/8/2016,2723,35
8/5/2016,2688,1
8/4/2016,2687,-8
8/3/2016,2695,-1
8/2/2016,2696,12
8/1/2016,2684,8
7/29/2016,2676,-4
7/28/2016,2680,16
7/27/2016,2664,39
7/26/2016,2625,9
7/25/2016,2616,-12
7/22/2016,2628,42
7/21/2016,2586,3
7/20/2016,2583,-14
7/19/2016,2597,-61
7/18/2016,2658,-15
7/15/2016,2673,-7
7/14/2016,2680,7
7/13/2016,2673,59
7/12/2016,2614,29
7/11/2016,2585,-3
7/8/2016,2588,11
7/7/2016,2577,7
7/6/2016,2570,-17
7/5/2016,2587,-4
7/4/2016,2591,42
7/1/2016,2549,12
6/30/2016,2537,-5
6/29/2016,2542,5
6/28/2016,2537,22
6/27/2016,2515,8
6/24/2016,2507,-10
6/23/2016,2517,0
6/22/2016,2517,3
6/21/2016,2514,-9
6/20/2016,2523,-17
6/17/2016,2540,-19
6/16/2016,2559,-11
6/15/2016,2570,-14
6/14/2016,2584,3
6/13/2016,2581,12
6/8/2016,2569,6
6/7/2016,2563,28
6/6/2016,2535,-8
6/3/2016,2543,2
6/2/2016,2541,-5
6/1/2016,2546,-7
5/31/2016,2553,-2
5/30/2016,2555,7
5/27/2016,2548,-1
5/26/2016,2549,-11
5/25/2016,2560,9
5/24/2016,2551,-55
5/23/2016,2606,-42
5/20/2016,2648,-32
5/19/2016,2680,-19
5/18/2016,2699,37
5/17/2016,2662,24
5/16/2016,2638,-36
5/13/2016,2674,-65
5/12/2016,2739,30
5/11/2016,2709,30
5/10/2016,2679,-155
5/9/2016,2834,-100
5/6/2016,2934,-82
5/5/2016,3016,-45
5/4/2016,3061,-57
5/3/2016,3118,-32
4/29/2016,3150,100
4/28/2016,3050,-34
4/27/2016,3084,-89
4/26/2016,3173,-40
4/25/2016,3213,-23
4/22/2016,3236,7
4/21/2016,3229,104
4/20/2016,3125,130
4/19/2016,2995,112
4/15/2016,2883,-14
4/14/2016,2897,11
4/13/2016,2886,29
4/12/2016,2857,72
4/11/2016,2785,115
4/8/2016,2670,25
4/7/2016,2645,4
4/6/2016,2641,29
4/5/2016,2612,69
4/1/2016,2543,30
3/31/2016,2513,0
3/30/2016,2513,-17
3/29/2016,2530,-4
3/28/2016,2534,48
3/25/2016,2486,-20
3/24/2016,2506,-8
3/23/2016,2514,12
3/22/2016,2502,19
3/21/2016,2483,62
3/18/2016,2421,80
3/17/2016,2341,21
3/16/2016,2320,-54
3/15/2016,2374,-35
3/14/2016,2409,-51
3/11/2016,2460,-37
3/10/2016,2497,-50
3/9/2016,2547,-118
3/8/2016,2665,146
3/7/2016,2519,287
3/4/2016,2232,37
3/3/2016,2195,37
3/2/2016,2158,33
3/1/2016,2125,10
2/29/2016,2115,-7
2/26/2016,2122,-6
2/25/2016,2128,-3
2/24/2016,2131,-8
2/23/2016,2139,36
2/22/2016,2103,41
2/19/2016,2062,10
2/18/2016,2052,11
2/17/2016,2041,17
2/16/2016,2024,11
2/15/2016,2013,4
2/4/2016,2009,0
2/3/2016,2009,0
2/2/2016,2009,1
2/1/2016,2008,0
1/29/2016,2008,0
1/28/2016,2008,2
1/27/2016,2006,2
1/26/2016,2004,-1
1/25/2016,2005,0
1/22/2016,2005,3
1/21/2016,2002,-6
1/20/2016,2008,-1
1/19/2016,2009,22
1/18/2016,1987,20
1/15/2016,1967,12
1/14/2016,1955,-7
1/13/2016,1962,-16
1/12/2016,1978,-17
1/11/2016,1995,-24
1/8/2016,2019,-17
1/7/2016,2036,-16
1/6/2016,2052,-9
1/5/2016,2061,31
1/4/2016,2030,36
12/31/2015,1994,14
12/30/2015,1980,26
12/29/2015,1954,6
12/28/2015,1948,1
12/25/2015,1947,3
12/24/2015,1944,10
12/23/2015,1934,11
12/22/2015,1923,28
12/21/2015,1895,24
12/18/2015,1871,13
12/17/2015,1858,15
12/16/2015,1843,10
12/15/2015,1833,19
12/14/2015,1814,2
12/11/2015,1812,0
12/10/2015,1812,-1
12/9/2015,1813,-2
12/8/2015,1815,-1
12/7/2015,1816,10
12/4/2015,1806,-5
12/3/2015,1811,1
12/2/2015,1810,-3
12/1/2015,1813,-6
11/30/2015,1819,-8
11/27/2015,1827,-2
11/26/2015,1829,-1
11/25/2015,1830,3
11/24/2015,1827,-1
11/23/2015,1828,1
11/20/2015,1827,-5
11/19/2015,1832,-1
11/18/2015,1833,-2
11/17/2015,1835,1
11/16/2015,1834,5
11/13/2015,1829,-5
11/12/2015,1834,-11
11/11/2015,1845,-3
11/10/2015,1848,-4
11/9/2015,1852,-10
11/6/2015,1862,-24
11/5/2015,1886,0
11/4/2015,1886,-6
11/3/2015,1892,-7
11/2/2015,1899,-5
10/30/2015,1904,-4
10/29/2015,1908,-8
10/28/2015,1916,0
10/27/2015,1916,-6
10/26/2015,1922,-1
10/23/2015,1923,-5
10/22/2015,1928,-13
10/21/2015,1941,-9
10/20/2015,1950,-10
10/19/2015,1960,-5
10/16/2015,1965,-7
10/15/2015,1972,-7
10/14/2015,1979,-3
10/13/2015,1982,-1
10/9/2015,1983,-10
10/8/2015,1993,0
9/30/2015,1993,-4
9/29/2015,1997,-5
9/28/2015,2002,-14
9/25/2015,2016,0
9/24/2015,2016,-1
9/23/2015,2017,-3
9/22/2015,2020,-9
9/21/2015,2029,-2
9/18/2015,2031,-1
9/17/2015,2032,-3
9/16/2015,2035,-2
9/15/2015,2037,-1
9/14/2015,2038,-3
9/11/2015,2041,-3
9/10/2015,2044,-2
9/9/2015,2046,7
9/8/2015,2039,-4
9/7/2015,2043,-2
9/2/2015,2045,-5
9/1/2015,2050,0
8/31/2015,2050,2
8/28/2015,2048,3
8/27/2015,2045,-1
8/26/2015,2046,-4
8/25/2015,2050,-18
8/24/2015,2068,-20
8/21/2015,2088,-11
8/20/2015,2099,-9
8/19/2015,2108,-10
8/18/2015,2118,-1
8/17/2015,2119,2
8/14/2015,2117,3
8/13/2015,2114,1
8/12/2015,2113,-5
8/11/2015,2118,-7
8/10/2015,2125,-1
8/7/2015,2126,-5
8/6/2015,2131,4
8/5/2015,2127,8
8/4/2015,2119,8
8/3/2015,2111,28
7/31/2015,2083,3
7/30/2015,2080,10
7/29/2015,2070,3
7/28/2015,2067,-1
7/27/2015,2068,16
7/24/2015,2052,-4
7/23/2015,2056,-30
7/22/2015,2086,-21
7/21/2015,2107,40
7/20/2015,2067,26
7/17/2015,2041,-2
7/16/2015,2043,-16
7/15/2015,2059,-12
7/14/2015,2071,-10
7/13/2015,2081,12
7/10/2015,2069,33
7/9/2015,2036,-11
7/8/2015,2047,-52
7/7/2015,2099,-34
7/6/2015,2133,-36
7/3/2015,2169,-10
7/2/2015,2179,-20
7/1/2015,2199,-25
6/30/2015,2224,-30
6/29/2015,2254,-6
6/26/2015,2260,-26
6/25/2015,2286,0
6/24/2015,2286,-6
6/23/2015,2292,-3
6/19/2015,2295,-3
6/18/2015,2298,-20
6/17/2015,2318,-19
6/16/2015,2337,-12
6/15/2015,2349,-20
6/12/2015,2369,-10
6/11/2015,2379,-6
6/10/2015,2385,-5
6/9/2015,2390,-4
6/8/2015,2394,-8
6/5/2015,2402,-8
6/4/2015,2410,-6
6/3/2015,2416,-2
6/2/2015,2418,1
6/1/2015,2417,-2
5/29/2015,2419,-6
5/28/2015,2425,-6
5/27/2015,2431,-3
5/26/2015,2434,7
5/25/2015,2427,1
5/22/2015,2426,-1
5/21/2015,2427,-6
5/20/2015,2433,-8
5/19/2015,2441,-7
5/18/2015,2448,-6
5/15/2015,2454,-12
5/14/2015,2466,-14
5/13/2015,2480,-14
5/12/2015,2494,-3
5/11/2015,2497,-6
5/8/2015,2503,-20
5/7/2015,2523,-5
5/6/2015,2528,2
5/5/2015,2526,3
5/4/2015,2523,9
4/30/2015,2514,-1
4/29/2015,2515,3
4/28/2015,2512,15
4/27/2015,2497,19
4/24/2015,2478,21
4/23/2015,2457,13
4/22/2015,2444,-3
4/21/2015,2447,-4
4/20/2015,2451,-2
4/17/2015,2453,-5
4/16/2015,2458,20
4/15/2015,2438,4
4/14/2015,2434,0
4/13/2015,2434,-4
4/10/2015,2438,-10
4/9/2015,2448,-11
4/8/2015,2459,-17
4/7/2015,2476,-16
4/3/2015,2492,-17
4/2/2015,2509,-17
4/1/2015,2526,-17
3/31/2015,2543,-11
3/30/2015,2554,-2
3/27/2015,2556,-16
3/26/2015,2572,-8
3/25/2015,2580,24
3/24/2015,2556,66
3/23/2015,2490,0
3/20/2015,2490,-11
3/19/2015,2501,-5
3/18/2015,2506,11
3/17/2015,2495,16
3/16/2015,2479,8
3/13/2015,2471,12
3/12/2015,2459,-17
3/11/2015,2476,-23
3/10/2015,2499,-16
3/9/2015,2515,-18
3/6/2015,2533,-11
3/5/2015,2544,-11
3/4/2015,2555,-6
3/3/2015,2561,-8
3/2/2015,2569,-5
2/27/2015,2574,2
2/26/2015,2572,0
2/25/2015,2572,-1
2/13/2015,2573,0
2/12/2015,2573,0
2/11/2015,2573,-2
2/10/2015,2575,0
2/9/2015,2575,-9
2/6/2015,2584,-4
2/5/2015,2588,-8
2/4/2015,2596,-17
2/3/2015,2613,-11
2/2/2015,2624,-3
1/30/2015,2627,11
1/29/2015,2616,-7
1/28/2015,2623,-23
1/27/2015,2646,-33
1/26/2015,2679,-22
1/23/2015,2701,-21
1/22/2015,2722,-21
1/21/2015,2743,-24
1/20/2015,2767,-9
1/19/2015,2776,-12
1/16/2015,2788,-17
1/15/2015,2805,-27
1/14/2015,2832,-28
1/13/2015,2860,-40
1/12/2015,2900,-35
1/9/2015,2935,-15
1/8/2015,2950,-14
1/7/2015,2964,-12
1/6/2015,2976,-4
1/5/2015,2980,-4
12/31/2014,2984,3
12/30/2014,2981,-1
12/29/2014,2982,-6
12/26/2014,2988,-5
12/25/2014,2993,-10
12/24/2014,3003,-7
12/23/2014,3010,-14
12/22/2014,3024,0
12/19/2014,3024,-4
12/18/2014,3028,-6
12/17/2014,3034,-5
12/16/2014,3039,-6
12/15/2014,3045,-2
12/12/2014,3047,-1
12/11/2014,3048,1
12/10/2014,3047,-1
12/9/2014,3048,4
12/8/2014,3044,2
12/5/2014,3042,0
12/4/2014,3042,0
12/3/2014,3042,-1
12/2/2014,3043,8
12/1/2014,3035,3
11/28/2014,3032,20
11/27/2014,3012,1
11/26/2014,3011,3
11/25/2014,3008,4
11/24/2014,3004,9
11/21/2014,2995,0
11/20/2014,2995,2
11/19/2014,2993,3
11/18/2014,2990,0
11/17/2014,2990,0
11/14/2014,2990,-1
11/13/2014,2991,16
11/6/2014,2975,-3
11/5/2014,2978,3
11/4/2014,2975,-4
11/3/2014,2979,0
10/31/2014,2979,-1
10/30/2014,2980,1
10/29/2014,2979,-2
10/28/2014,2981,-5
10/27/2014,2986,-4
10/24/2014,2990,-11
10/23/2014,3001,-11
10/22/2014,3012,-3
10/21/2014,3015,1
10/20/2014,3014,-5
10/17/2014,3019,0
10/16/2014,3019,-4
10/15/2014,3023,0
10/14/2014,3023,17
10/13/2014,3006,21
10/10/2014,2985,-2
10/9/2014,2987,-4
10/8/2014,2991,4
9/30/2014,2987,-3
9/29/2014,2990,5
9/26/2014,2985,-11
9/25/2014,2996,-11
9/24/2014,3007,-10
9/23/2014,3017,-24
9/22/2014,3041,-28
9/18/2014,3069,-24
9/17/2014,3093,-11
9/16/2014,3104,45
9/15/2014,3059,-110
9/12/2014,3169,-10
9/11/2014,3179,-11
9/10/2014,3190,-4
9/9/2014,3194,-9
9/5/2014,3203,-12
9/4/2014,3215,-14
9/3/2014,3229,-9
9/2/2014,3238,-7
9/1/2014,3245,-6
8/29/2014,3251,-10
8/28/2014,3261,-14
8/27/2014,3275,-8
8/26/2014,3283,-8
8/25/2014,3291,-9
8/22/2014,3300,-11
8/21/2014,3311,-9
8/20/2014,3320,-4
8/19/2014,3324,-8
8/18/2014,3332,-3
8/15/2014,3335,-5
8/14/2014,3340,-6
8/13/2014,3346,-5
8/12/2014,3351,-3
8/11/2014,3354,-4
8/8/2014,3358,-1
8/7/2014,3359,-1
8/6/2014,3360,0
8/5/2014,3360,1
8/4/2014,3359,1
8/1/2014,3358,1
7/31/2014,3357,2
7/30/2014,3355,1
7/29/2014,3354,2
7/28/2014,3352,-1
7/25/2014,3353,-2
7/24/2014,3355,-2
7/23/2014,3357,-1
7/22/2014,3358,-2
7/21/2014,3360,-2
7/18/2014,3362,0
7/17/2014,3362,0
7/16/2014,3362,-2
7/15/2014,3364,3
7/14/2014,3361,-2
7/11/2014,3363,-1
7/10/2014,3364,-3
7/9/2014,3367,-4
7/8/2014,3371,-2
7/7/2014,3373,-5
7/4/2014,3378,1
7/3/2014,3377,-3
7/2/2014,3380,-2
7/1/2014,3382,-1
6/30/2014,3383,-2
6/27/2014,3385,-1
6/26/2014,3386,0
6/25/2014,3386,1
6/24/2014,3385,2
6/23/2014,3383,4
6/20/2014,3379,-4
6/19/2014,3383,3
6/18/2014,3380,1
6/17/2014,3379,-1
6/16/2014,3380,-6
6/13/2014,3386,-2
6/12/2014,3388,0
6/11/2014,3388,0
6/10/2014,3388,0
6/9/2014,3388,0
6/6/2014,3388,0
6/5/2014,3388,2
6/4/2014,3386,3
6/3/2014,3383,-1
5/30/2014,3384,-3
5/29/2014,3387,-2
5/28/2014,3389,4
5/27/2014,3385,2
5/26/2014,3383,1
5/23/2014,3382,-2
5/22/2014,3384,-1
5/21/2014,3385,0
5/20/2014,3385,-3
5/19/2014,3388,-11
5/16/2014,3399,-5
5/15/2014,3404,-2
5/14/2014,3406,0
5/13/2014,3406,1
5/12/2014,3405,-1
5/9/2014,3406,0
5/8/2014,3406,-5
5/7/2014,3411,-2
5/6/2014,3413,-2
5/5/2014,3415,0
4/30/2014,3415,0
4/29/2014,3415,-1
4/28/2014,3416,2
4/25/2014,3414,0
4/24/2014,3414,8
4/23/2014,3406,-1
4/22/2014,3407,-7
4/21/2014,3414,-15
4/18/2014,3429,-1
4/17/2014,3430,-3
4/16/2014,3433,-2
4/15/2014,3435,-9
4/14/2014,3444,39
4/11/2014,3405,30
4/10/2014,3375,3
4/9/2014,3372,27
4/8/2014,3345,13
4/4/2014,3332,2
4/3/2014,3330,1
4/2/2014,3329,6
4/1/2014,3323,4
3/31/2014,3319,1
3/28/2014,3318,1
3/27/2014,3317,1
3/26/2014,3316,3
3/25/2014,3313,0
3/24/2014,3313,-3
3/21/2014,3316,0
3/20/2014,3316,0
3/19/2014,3316,-6
3/18/2014,3322,0
3/17/2014,3322,2
3/14/2014,3320,1
3/13/2014,3319,-3
3/12/2014,3322,-3
3/11/2014,3325,-18
3/10/2014,3343,-16
3/7/2014,3359,-2
3/6/2014,3361,-8
3/5/2014,3369,-3
3/4/2014,3372,-7
3/3/2014,3379,-4
2/28/2014,3383,-2
2/27/2014,3385,-6
2/26/2014,3391,-12
2/25/2014,3403,-7
2/24/2014,3410,-8
2/21/2014,3418,-3
2/20/2014,3421,-2
2/19/2014,3423,1
2/18/2014,3422,4
2/17/2014,3418,-5
2/14/2014,3423,-6
2/13/2014,3429,-7
2/12/2014,3436,-3
2/11/2014,3439,-4
2/10/2014,3443,-8
1/28/2014,3451,0
1/27/2014,3451,0
1/24/2014,3451,0
1/23/2014,3451,0
1/22/2014,3451,-6
1/21/2014,3457,-3
1/20/2014,3460,1
1/17/2014,3459,-2
1/16/2014,3461,0
1/15/2014,3461,1
1/14/2014,3460,0
1/13/2014,3460,-5
1/10/2014,3465,-2
1/9/2014,3467,-2
1/8/2014,3469,-3
1/7/2014,3472,-2
1/6/2014,3474,1
1/3/2014,3473,-3
1/2/2014,3476,0
12/31/2013,3476,1
12/30/2013,3475,-1
12/27/2013,3476,-4
12/26/2013,3480,0
12/25/2013,3480,5
12/24/2013,3475,-1
12/23/2013,3476,-2
12/20/2013,3478,2
12/19/2013,3476,1
12/18/2013,3475,-2
12/17/2013,3477,1
12/16/2013,3476,-3
12/13/2013,3479,-3
12/12/2013,3482,5
12/11/2013,3477,-1
12/10/2013,3478,1
12/9/2013,3477,5
12/6/2013,3472,0
12/5/2013,3472,3
12/4/2013,3469,1
12/3/2013,3468,5
12/2/2013,3463,4
11/29/2013,3459,-1
11/28/2013,3460,-4
11/27/2013,3464,1
11/26/2013,3463,2
11/25/2013,3461,0
11/22/2013,3461,1
11/21/2013,3460,3
11/20/2013,3457,4
11/19/2013,3453,-10
11/18/2013,3463,-16
11/15/2013,3479,-2
11/14/2013,3481,-6
11/13/2013,3487,-7
11/12/2013,3494,-3
11/11/2013,3497,-1
11/8/2013,3498,-3
11/7/2013,3501,-4
11/6/2013,3505,6
11/5/2013,3499,9
11/4/2013,3490,13
11/1/2013,3477,3
10/31/2013,3474,11
10/30/2013,3463,2
10/29/2013,3461,-10
10/28/2013,3471,-5
10/25/2013,3476,-6
10/24/2013,3482,-20
10/23/2013,3502,-15
10/22/2013,3517,-7
10/21/2013,3524,-13
10/18/2013,3537,-8
10/17/2013,3545,-10
10/16/2013,3555,-5
10/15/2013,3560,-6
10/14/2013,3566,1
10/11/2013,3565,-3
10/10/2013,3568,12
10/9/2013,3556,0
10/8/2013,3556,-4
9/30/2013,3560,0
9/27/2013,3560,-10
9/26/2013,3570,-5
9/25/2013,3575,-6
9/24/2013,3581,5
9/23/2013,3576,1
9/18/2013,3575,-3
9/17/2013,3578,-12
9/16/2013,3590,-22
9/13/2013,3612,-5
9/12/2013,3617,-11
9/11/2013,3628,-5
9/10/2013,3633,-1
9/9/2013,3634,-8
9/6/2013,3642,-10
9/5/2013,3652,-18
9/4/2013,3670,-1
9/3/2013,3671,3
9/2/2013,3668,4
8/30/2013,3664,-4
8/29/2013,3668,-14
8/28/2013,3682,1
8/27/2013,3681,5
8/26/2013,3676,7
8/23/2013,3669,-2
8/22/2013,3671,-13
8/21/2013,3684,-1
8/20/2013,3685,-1
8/19/2013,3686,12
8/16/2013,3674,8
8/15/2013,3666,6
8/14/2013,3660,22
8/13/2013,3638,5
8/12/2013,3633,9
8/9/2013,3624,16
8/8/2013,3608,4
8/7/2013,3604,5
8/6/2013,3599,4
8/5/2013,3595,2
8/2/2013,3593,3
8/1/2013,3590,-3
7/31/2013,3593,-7
7/30/2013,3600,-14
7/29/2013,3614,-12
7/26/2013,3626,0
7/25/2013,3626,4
7/24/2013,3622,3
7/23/2013,3619,1
7/22/2013,3618,11
7/19/2013,3607,1
7/18/2013,3606,5
7/17/2013,3601,10
7/16/2013,3591,8
7/15/2013,3583,15
7/12/2013,3568,21
7/11/2013,3547,14
7/10/2013,3533,-2
7/9/2013,3535,2
7/8/2013,3533,-4
7/5/2013,3537,13
7/4/2013,3524,31
7/3/2013,3493,17
7/2/2013,3476,-1
7/1/2013,3477,3
6/28/2013,3474,3
6/27/2013,3471,-6
6/26/2013,3477,-9
6/25/2013,3486,-10
6/24/2013,3496,3
6/21/2013,3493,1
6/20/2013,3492,11
6/19/2013,3481,-6
6/18/2013,3487,17
6/17/2013,3470,22
6/14/2013,3448,1
6/13/2013,3447,-28
6/7/2013,3475,-19
6/6/2013,3494,13
6/5/2013,3481,35
6/4/2013,3446,2
6/3/2013,3444,8
5/31/2013,3436,-18
5/30/2013,3454,-22
5/29/2013,3476,-25
5/28/2013,3501,-12
5/27/2013,3513,-12
5/24/2013,3525,-21
5/23/2013,3546,-27
5/22/2013,3573,-14
5/21/2013,3587,-1
5/20/2013,3588,1
5/17/2013,3587,-25
5/16/2013,3612,-24
5/15/2013,3636,-9
5/14/2013,3645,-5
5/13/2013,3650,-15
5/10/2013,3665,-5
5/9/2013,3670,-9
5/8/2013,3679,-6
5/7/2013,3685,-4
5/6/2013,3689,17
5/3/2013,3672,-6
5/2/2013,3678,-38
4/26/2013,3716,-3
4/25/2013,3719,-8
4/24/2013,3727,-23
4/23/2013,3750,-9
4/22/2013,3759,12
4/19/2013,3747,-14
4/18/2013,3761,-31
4/17/2013,3792,-3
4/16/2013,3795,-37
4/15/2013,3832,-20
4/12/2013,3852,-13
4/11/2013,3865,-4
4/10/2013,3869,0
4/9/2013,3869,13
4/8/2013,3856,26
4/3/2013,3830,7
4/2/2013,3823,-17
4/1/2013,3840,-5
3/29/2013,3845,-28
3/28/2013,3873,-27
3/27/2013,3900,-25
3/26/2013,3925,-4
3/25/2013,3929,-12
3/22/2013,3941,12
3/21/2013,3929,18
3/20/2013,3911,-9
3/19/2013,3920,-4
3/18/2013,3924,58
3/15/2013,3866,-20
3/14/2013,3886,-51
3/13/2013,3937,-28
3/12/2013,3965,-24
3/11/2013,3989,-9
3/8/2013,3998,-3
3/7/2013,4001,-10
3/6/2013,4011,-2
3/5/2013,4013,-40
3/4/2013,4053,-14
3/1/2013,4067,-6
2/28/2013,4073,-4
2/27/2013,4077,-4
2/26/2013,4081,-33
2/25/2013,4114,-37
2/22/2013,4151,-26
2/21/2013,4177,-21
2/20/2013,4198,-3
2/19/2013,4201,-11
2/18/2013,4212,59
2/6/2013,4153,0
2/5/2013,4153,10
2/4/2013,4143,10
2/1/2013,4133,0
1/31/2013,4133,16
1/30/2013,4117,14
1/29/2013,4103,11
1/28/2013,4092,14
1/25/2013,4078,14
1/24/2013,4064,0
1/23/2013,4064,-2
1/22/2013,4066,2
1/21/2013,4064,1
1/18/2013,4063,7
1/17/2013,4056,-11
1/16/2013,4067,-8
1/15/2013,4075,2
1/14/2013,4073,-27
1/11/2013,4100,3
1/10/2013,4097,3
1/9/2013,4094,1
1/8/2013,4093,19
1/7/2013,4074,57
1/4/2013,4017,43
12/31/2012,3974,5
12/28/2012,3969,6
12/27/2012,3963,6
12/26/2012,3957,15
12/25/2012,3942,-1
12/24/2012,3943,-1
12/21/2012,3944,0
12/20/2012,3944,-5
12/19/2012,3949,-3
12/18/2012,3952,24
12/17/2012,3928,46
12/14/2012,3882,-2
12/13/2012,3884,0
12/12/2012,3884,1
12/11/2012,3883,-17
12/10/2012,3900,36
12/7/2012,3864,1
12/6/2012,3863,8
12/5/2012,3855,2
12/4/2012,3853,3
12/3/2012,3850,-14
11/30/2012,3864,-15
11/29/2012,3879,-8
11/28/2012,3887,-5
11/27/2012,3892,-2
11/26/2012,3894,4
11/23/2012,3890,1
11/22/2012,3889,-6
11/21/2012,3895,-16
11/20/2012,3911,-19
11/19/2012,3930,-20
11/16/2012,3950,-4
11/15/2012,3954,-1
11/14/2012,3955,5
11/13/2012,3950,24
11/12/2012,3926,37
11/9/2012,3889,18
11/8/2012,3871,22
11/7/2012,3849,12
11/6/2012,3837,16
11/5/2012,3821,54
11/2/2012,3767,7
11/1/2012,3760,1
10/31/2012,3759,1
10/30/2012,3758,4
10/29/2012,3754,14
10/26/2012,3740,-2
10/25/2012,3742,7
10/24/2012,3735,-7
10/23/2012,3742,14
10/22/2012,3728,-6
10/19/2012,3734,8
10/18/2012,3726,17
10/17/2012,3709,15
10/16/2012,3694,-23
10/15/2012,3717,-18
10/12/2012,3735,-4
10/11/2012,3739,24
10/10/2012,3715,7
10/9/2012,3708,0
10/8/2012,3708,101
9/28/2012,3607,3
9/27/2012,3604,1
9/26/2012,3603,4
9/25/2012,3599,6
9/24/2012,3593,-38
9/21/2012,3631,-69
9/20/2012,3700,124
9/19/2012,3576,3
9/18/2012,3573,68
9/17/2012,3505,78
9/14/2012,3427,21
9/13/2012,3406,-13
9/12/2012,3419,-3
9/11/2012,3422,50
9/10/2012,3372,119
9/7/2012,3253,-11
9/6/2012,3264,-46
9/5/2012,3310,-52
9/4/2012,3362,-22
9/3/2012,3384,-21
8/31/2012,3405,-14
8/30/2012,3419,-31
8/29/2012,3450,-21
8/28/2012,3471,-24
8/27/2012,3495,-16
8/24/2012,3511,-29
8/23/2012,3540,-12
8/22/2012,3552,-10
8/21/2012,3562,-31
8/20/2012,3593,-11
8/17/2012,3604,-16
8/16/2012,3620,-9
8/15/2012,3629,-1
8/14/2012,3630,-2
8/13/2012,3632,-2
8/10/2012,3634,-10
8/9/2012,3644,-6
8/8/2012,3650,-2
8/7/2012,3652,-11
8/6/2012,3663,-16
8/3/2012,3679,-16
8/2/2012,3695,-9
8/1/2012,3704,-7
7/31/2012,3711,1
7/30/2012,3710,6
7/27/2012,3704,-12
7/26/2012,3716,8
7/25/2012,3708,-12
7/24/2012,3720,-45
7/23/2012,3765,-71
7/20/2012,3836,-43
7/19/2012,3879,-30
7/18/2012,3909,-25
7/17/2012,3934,-21
7/16/2012,3955,-19
7/13/2012,3974,-19
7/12/2012,3993,-30
7/11/2012,4023,-12
7/10/2012,4035,-18
7/9/2012,4053,-16
7/6/2012,4069,-8
7/5/2012,4077,-3
7/4/2012,4080,-5
7/3/2012,4085,-8
7/2/2012,4093,-9
6/29/2012,4102,-18
6/28/2012,4120,-16
6/27/2012,4136,-10
6/26/2012,4146,-10
6/25/2012,4156,-1
6/21/2012,4157,-1
6/20/2012,4158,-1
6/19/2012,4159,-1
6/18/2012,4160,-7
6/15/2012,4167,0
6/14/2012,4167,-3
6/13/2012,4170,0
6/12/2012,4170,0
6/11/2012,4170,0
6/8/2012,4170,-2
6/7/2012,4172,4
6/6/2012,4168,0
6/5/2012,4168,-3
6/4/2012,4171,-7
6/1/2012,4178,4
5/31/2012,4174,-3
5/30/2012,4177,14
5/29/2012,4163,0
5/28/2012,4163,-28
5/25/2012,4191,0
5/24/2012,4191,-16
5/23/2012,4207,-9
5/22/2012,4216,1
5/21/2012,4215,-12
5/18/2012,4227,4
5/17/2012,4223,-11
5/16/2012,4234,-27
5/15/2012,4261,-10
5/14/2012,4271,-10
5/11/2012,4281,-13
5/10/2012,4294,-14
5/9/2012,4308,-14
5/8/2012,4322,-6
5/7/2012,4328,-4
5/4/2012,4332,-9
5/3/2012,4341,-9
5/2/2012,4350,5
4/27/2012,4345,0
4/26/2012,4345,-1
4/25/2012,4346,-12
4/24/2012,4358,-12
4/23/2012,4370,-4
4/20/2012,4374,-8
4/19/2012,4382,-3
4/18/2012,4385,-5
4/17/2012,4390,-2
4/16/2012,4392,-3
4/13/2012,4395,2
4/12/2012,4393,1
4/11/2012,4392,0
4/10/2012,4392,5
4/9/2012,4387,5
4/6/2012,4382,8
4/5/2012,4374,-1
3/30/2012,4375,-1
3/29/2012,4376,5
3/28/2012,4371,7
3/27/2012,4364,7
3/26/2012,4357,0
3/23/2012,4357,1
3/22/2012,4356,6
3/21/2012,4350,3
3/20/2012,4347,5
3/19/2012,4342,16
3/16/2012,4326,-3
3/15/2012,4329,-4
3/14/2012,4333,13
3/13/2012,4320,4
3/12/2012,4316,20
3/9/2012,4296,1
3/8/2012,4295,0
3/7/2012,4295,2
3/6/2012,4293,0
3/5/2012,4293,9
3/2/2012,4284,2
3/1/2012,4282,10
2/29/2012,4272,0
2/28/2012,4272,10
2/27/2012,4262,13
2/24/2012,4249,7
2/23/2012,4242,13
2/22/2012,4229,8
2/21/2012,4221,-2
2/20/2012,4223,1
2/17/2012,4222,-5
2/16/2012,4227,-12
2/15/2012,4239,-4
2/14/2012,4243,0
2/13/2012,4243,-4
2/10/2012,4247,-1
2/9/2012,4248,0
2/8/2012,4248,-2
2/7/2012,4250,-1
2/6/2012,4251,5
2/3/2012,4246,2
2/2/2012,4244,1
2/1/2012,4243,-1
1/31/2012,4244,2
1/30/2012,4242,19
1/20/2012,4223,0
1/19/2012,4223,0
1/18/2012,4223,0
1/17/2012,4223,-2
1/16/2012,4225,0
1/13/2012,4225,0
1/12/2012,4225,-1
1/11/2012,4226,1
1/10/2012,4225,8
1/9/2012,4217,-3
1/6/2012,4220,-3
1/5/2012,4223,-4
1/4/2012,4227,8
12/30/2011,4219,-4
12/29/2011,4223,-2
12/28/2011,4225,-2
12/27/2011,4227,-1
12/26/2011,4228,2
12/23/2011,4226,1
12/22/2011,4225,-2
12/21/2011,4227,0
12/20/2011,4227,3
12/19/2011,4224,0
12/16/2011,4224,0
12/15/2011,4224,-4
12/14/2011,4228,-2
12/13/2011,4230,0
12/12/2011,4230,2
12/9/2011,4228,-1
12/8/2011,4229,0
12/7/2011,4229,2
12/6/2011,4227,0
12/5/2011,4227,0
12/2/2011,4227,1
12/1/2011,4226,9
11/30/2011,4217,0
11/29/2011,4217,-2
11/28/2011,4219,-10
11/25/2011,4229,0
11/24/2011,4229,0
11/23/2011,4229,-2
11/22/2011,4231,-9
11/21/2011,4240,-6
11/18/2011,4246,-7
11/17/2011,4253,-8
11/16/2011,4261,7
11/15/2011,4254,5
11/14/2011,4249,19
11/11/2011,4230,-2
11/10/2011,4232,-6
11/9/2011,4238,0
11/8/2011,4238,-4
11/7/2011,4242,24
11/4/2011,4218,1
11/3/2011,4217,-7
11/2/2011,4224,-20
11/1/2011,4244,-9
10/31/2011,4253,23
10/28/2011,4230,12
10/27/2011,4218,-5
10/26/2011,4223,6
10/25/2011,4217,44
10/24/2011,4173,33
10/21/2011,4140,-96
10/20/2011,4236,-121
10/19/2011,4357,-89
10/18/2011,4446,-54
10/17/2011,4500,-38
10/14/2011,4538,-29
10/13/2011,4567,-20
10/12/2011,4587,-30
10/11/2011,4617,0
10/10/2011,4617,1
9/30/2011,4616,-8
9/29/2011,4624,-32
9/28/2011,4656,-4
9/27/2011,4660,-51
9/26/2011,4711,0
9/23/2011,4711,-30
9/22/2011,4741,-4
9/21/2011,4745,-12
9/20/2011,4757,-23
9/19/2011,4780,-24
9/16/2011,4804,-11
9/15/2011,4815,-16
9/14/2011,4831,-1
9/13/2011,4832,-2
9/9/2011,4834,-1
9/8/2011,4835,0
9/7/2011,4835,-2
9/6/2011,4837,0
9/5/2011,4837,0
9/2/2011,4837,1
9/1/2011,4836,0
8/31/2011,4836,0
8/30/2011,4836,0
8/29/2011,4836,-1
8/26/2011,4837,0
8/25/2011,4837,-1
8/24/2011,4838,0
8/23/2011,4838,-1
8/22/2011,4839,3
8/19/2011,4836,-3
8/18/2011,4839,2
8/17/2011,4837,-2
8/16/2011,4839,5
8/15/2011,4834,10
8/12/2011,4824,5
8/11/2011,4819,-1
8/10/2011,4820,1
8/9/2011,4819,-23
8/8/2011,4842,-3
8/5/2011,4845,-7
8/4/2011,4852,5
8/3/2011,4847,11
8/2/2011,4836,2
8/1/2011,4834,2
7/29/2011,4832,0
7/28/2011,4832,-3
7/27/2011,4835,3
7/26/2011,4832,-1
7/25/2011,4833,10
7/22/2011,4823,1
7/21/2011,4822,0
7/20/2011,4822,5
7/19/2011,4817,13
7/18/2011,4804,14
7/15/2011,4790,-3
7/14/2011,4793,3
7/13/2011,4790,6
7/12/2011,4784,13
7/11/2011,4771,9
7/8/2011,4762,5
7/7/2011,4757,1
7/6/2011,4756,-3
7/5/2011,4759,20
7/4/2011,4739,0
7/1/2011,4739,-6
6/30/2011,4745,0
6/29/2011,4745,-11
6/28/2011,4756,-2
6/27/2011,4758,-3
6/24/2011,4761,-3
6/23/2011,4764,-7
6/22/2011,4771,-10
6/21/2011,4781,4
6/20/2011,4777,-40
6/17/2011,4817,-11
6/16/2011,4828,-14
6/15/2011,4842,0
6/14/2011,4842,-8
6/13/2011,4850,-12
6/10/2011,4862,-1
6/9/2011,4863,0
6/8/2011,4863,0
6/7/2011,4863,-2
6/3/2011,4865,0
6/2/2011,4865,-3
6/1/2011,4868,2
5/31/2011,4866,-1
5/30/2011,4867,3
5/27/2011,4864,3
5/26/2011,4861,2
5/25/2011,4859,1
5/24/2011,4858,-7
5/23/2011,4865,-8
5/20/2011,4873,-6
5/19/2011,4879,-2
5/18/2011,4881,0
5/17/2011,4881,1
5/16/2011,4880,6
5/13/2011,4874,-25
5/12/2011,4899,0
5/11/2011,4899,6
5/10/2011,4893,-3
5/9/2011,4896,-8
5/6/2011,4904,-23
5/5/2011,4927,-15
5/4/2011,4942,4
5/3/2011,4938,26
4/29/2011,4912,1
4/28/2011,4911,1
4/27/2011,4910,6
4/26/2011,4904,2
4/25/2011,4902,21
4/22/2011,4881,7
4/21/2011,4874,18
4/20/2011,4856,-4
4/19/2011,4860,-6
4/18/2011,4866,-28
4/15/2011,4894,-6
4/14/2011,4900,14
4/13/2011,4886,-18
4/12/2011,4904,66
4/11/2011,4838,0
4/8/2011,4838,27
4/7/2011,4811,27
4/6/2011,4784,20
4/1/2011,4764,-9
3/31/2011,4773,20
3/30/2011,4753,0
3/29/2011,4753,17
3/28/2011,4736,11
3/25/2011,4725,4
3/24/2011,4721,37
3/23/2011,4684,0
3/22/2011,4684,-42
3/21/2011,4726,-10
3/18/2011,4736,0
3/17/2011,4736,42
3/16/2011,4694,33
3/15/2011,4661,34
3/14/2011,4627,-3
3/11/2011,4630,-24
3/10/2011,4654,-26
3/9/2011,4680,-8
3/8/2011,4688,-9
3/7/2011,4697,-18
3/4/2011,4715,-25
3/3/2011,4740,-3
3/2/2011,4743,-43
3/1/2011,4786,-6
2/28/2011,4792,0
2/25/2011,4792,-19
2/24/2011,4811,-42
2/23/2011,4853,-20
2/22/2011,4873,-2
2/21/2011,4875,5
2/18/2011,4870,-54
2/17/2011,4924,-22
2/16/2011,4946,-15
2/15/2011,4961,10
2/14/2011,4951,83
2/11/2011,4868,0
1/28/2011,4868,0
1/27/2011,4868,0
1/26/2011,4868,21
1/25/2011,4847,19
1/24/2011,4828,24
1/21/2011,4804,6
1/20/2011,4798,2
1/19/2011,4796,4
1/18/2011,4792,27
1/17/2011,4765,38
1/14/2011,4727,12
1/13/2011,4715,4
1/12/2011,4711,6
1/11/2011,4705,14
1/10/2011,4691,22
1/7/2011,4669,26
1/6/2011,4643,7
1/5/2011,4636,32
1/4/2011,4604,31
12/31/2010,4573,9
12/30/2010,4564,4
12/29/2010,4560,-2
12/28/2010,4562,0
12/27/2010,4562,-5
12/24/2010,4567,-7
12/23/2010,4574,4
12/22/2010,4570,11
12/21/2010,4559,15
12/20/2010,4544,46
12/17/2010,4498,2
12/16/2010,4496,7
12/15/2010,4489,13
12/14/2010,4476,24
12/13/2010,4452,10
12/10/2010,4442,-2
12/9/2010,4444,-6
12/8/2010,4450,13
12/7/2010,4437,26
12/6/2010,4411,12
12/3/2010,4399,7
12/2/2010,4392,19
12/1/2010,4373,6
11/30/2010,4367,0
11/29/2010,4367,3
11/26/2010,4364,-8
11/25/2010,4372,17
11/24/2010,4355,-3
11/23/2010,4358,-6
11/22/2010,4364,-6
11/19/2010,4370,11
11/18/2010,4359,-7
11/17/2010,4366,-20
11/16/2010,4386,-7
11/15/2010,4393,-13
11/12/2010,4406,-9
11/11/2010,4415,-10
11/10/2010,4425,15
11/9/2010,4410,5
11/8/2010,4405,84
11/5/2010,4321,10
11/4/2010,4311,24
11/3/2010,4287,5
11/2/2010,4282,12
11/1/2010,4270,6
10/29/2010,4264,-4
10/28/2010,4268,-3
10/27/2010,4271,-8
10/26/2010,4279,0
10/25/2010,4279,-10
10/22/2010,4289,4
10/21/2010,4285,5
10/20/2010,4280,-41
10/19/2010,4321,-9
10/18/2010,4330,9
10/15/2010,4321,0
10/14/2010,4321,-23
10/13/2010,4344,-11
10/12/2010,4355,-6
10/11/2010,4361,87
9/30/2010,4274,2
9/29/2010,4272,-4
9/28/2010,4276,-15
9/27/2010,4291,-35
9/20/2010,4326,0
9/17/2010,4326,0
9/16/2010,4326,-55
9/15/2010,4381,-30
9/14/2010,4411,-19
9/13/2010,4430,42
9/10/2010,4388,-35
9/9/2010,4423,-3
9/8/2010,4426,-15
9/7/2010,4441,48
9/6/2010,4393,149
9/3/2010,4244,9
9/2/2010,4235,18
9/1/2010,4217,-1
8/31/2010,4218,7
8/30/2010,4211,35
8/27/2010,4176,4
8/26/2010,4172,-5
8/25/2010,4177,-15
8/24/2010,4192,-18
8/23/2010,4210,-49
8/20/2010,4259,-8
8/19/2010,4267,-8
8/18/2010,4275,6
8/17/2010,4269,34
8/16/2010,4235,-17
8/13/2010,4252,0
8/12/2010,4252,-9
8/11/2010,4261,-4
8/10/2010,4265,6
8/9/2010,4259,19
8/6/2010,4240,-11
8/5/2010,4251,-1
8/4/2010,4252,0
8/3/2010,4252,-6
8/2/2010,4258,41
7/30/2010,4217,58
7/29/2010,4159,0
7/28/2010,4159,-18
7/27/2010,4177,-17
7/26/2010,4194,56
7/23/2010,4138,37
7/22/2010,4101,32
7/21/2010,4069,85
7/20/2010,3984,75
7/19/2010,3909,20
7/16/2010,3889,0
7/15/2010,3889,1
7/14/2010,3888,-22
7/13/2010,3910,1
7/12/2010,3909,0
7/9/2010,3909,-27
7/8/2010,3936,0
7/7/2010,3936,-5
7/6/2010,3941,-51
7/5/2010,3992,0
7/2/2010,3992,-64
7/1/2010,4056,-40
6/30/2010,4096,-44
6/29/2010,4140,-28
6/28/2010,4168,-15
6/25/2010,4183,0
6/24/2010,4183,-2
6/23/2010,4185,-26
6/22/2010,4211,5
6/21/2010,4206,-8
6/18/2010,4214,-18
6/17/2010,4232,4
6/11/2010,4228,3
6/10/2010,4225,-5
6/9/2010,4230,9
6/8/2010,4221,-18
6/7/2010,4239,-39
6/4/2010,4278,-7
6/3/2010,4285,5
6/2/2010,4280,-6
6/1/2010,4286,-30
5/31/2010,4316,-18
5/28/2010,4334,25
5/27/2010,4309,-26
5/26/2010,4335,-26
5/25/2010,4361,19
5/24/2010,4342,51
5/21/2010,4291,-16
5/20/2010,4307,19
5/19/2010,4288,-7
5/18/2010,4295,-72
5/17/2010,4367,-71
5/14/2010,4438,-8
5/13/2010,4446,-83
5/12/2010,4529,-86
5/11/2010,4615,-4
5/10/2010,4619,-28
5/7/2010,4647,11
5/6/2010,4636,0
5/5/2010,4636,43
4/30/2010,4593,-6
4/29/2010,4599,-29
4/28/2010,4628,-38
4/27/2010,4666,-14
4/26/2010,4680,0
4/23/2010,4680,0
4/22/2010,4680,35
4/21/2010,4645,-3
4/20/2010,4648,-35
4/19/2010,4683,6
4/16/2010,4677,-21
4/15/2010,4698,5
4/14/2010,4693,17
4/13/2010,4676,38
4/12/2010,4638,56
4/9/2010,4582,4
4/8/2010,4578,29
4/7/2010,4549,49
4/6/2010,4500,51
4/2/2010,4449,14
4/1/2010,4435,9
3/31/2010,4426,-17
3/30/2010,4443,15
3/29/2010,4428,44
3/26/2010,4384,82
3/24/2010,4302,-17
3/23/2010,4319,21
3/22/2010,4298,50
3/19/2010,4248,7
3/18/2010,4241,-22
3/17/2010,4263,42
3/16/2010,4221,36
3/15/2010,4185,86
3/12/2010,4099,30
3/11/2010,4069,41
3/10/2010,4028,33
3/9/2010,3995,21
3/8/2010,3974,9
3/5/2010,3965,3
3/4/2010,3962,14
3/3/2010,3948,0
3/2/2010,3948,27
3/1/2010,3921,25
2/26/2010,3896,13
2/25/2010,3883,7
2/24/2010,3876,1
2/23/2010,3875,0
2/22/2010,3875,60
2/9/2010,3815,0
2/8/2010,3815,0
2/5/2010,3815,5
2/4/2010,3810,2
2/3/2010,3808,-13
2/2/2010,3821,2
2/1/2010,3819,9
1/29/2010,3810,9
1/28/2010,3801,8
1/27/2010,3793,-5
1/26/2010,3798,-2
1/25/2010,3800,-27
1/22/2010,3827,-27
1/21/2010,3854,-28
1/20/2010,3882,-7
1/19/2010,3889,4
1/18/2010,3885,-28
1/15/2010,3913,-13
1/14/2010,3926,1
1/13/2010,3925,-18
1/12/2010,3943,9
1/11/2010,3934,17
1/8/2010,3917,-50
1/7/2010,3967,3
1/6/2010,3964,8
1/5/2010,3956,26
1/4/2010,3930,31
12/31/2009,3899,3
12/30/2009,3896,6
12/29/2009,3890,25
12/28/2009,3865,15
12/25/2009,3850,16
12/24/2009,3834,-7
12/23/2009,3841,29
12/22/2009,3812,-58
12/21/2009,3870,24
12/18/2009,3846,91
12/17/2009,3755,-9
12/16/2009,3764,28
12/15/2009,3736,0
12/14/2009,3736,24
12/11/2009,3712,19
12/10/2009,3693,-123
12/9/2009,3816,96
12/8/2009,3720,-112
12/7/2009,3832,154
12/4/2009,3678,-33
12/3/2009,3711,12
12/2/2009,3699,5
12/1/2009,3694,1
11/30/2009,3693,-61
11/27/2009,3754,-3
11/26/2009,3757,3
11/25/2009,3754,-2
11/24/2009,3756,31
11/23/2009,3725,30
11/20/2009,3695,33
11/19/2009,3662,4
11/18/2009,3658,-9
11/17/2009,3667,31
11/16/2009,3636,6
11/13/2009,3630,2
11/12/2009,3628,6
11/11/2009,3622,-2
11/10/2009,3624,36
11/9/2009,3588,53
11/6/2009,3535,3
11/5/2009,3532,5
11/4/2009,3527,-6
11/3/2009,3533,12
11/2/2009,3521,10
10/30/2009,3511,8
10/29/2009,3503,-53
10/28/2009,3556,-11
10/27/2009,3567,52
10/26/2009,3515,45
10/23/2009,3470,0
10/22/2009,3470,61
10/21/2009,3409,-13
10/20/2009,3422,32
10/19/2009,3390,46
10/16/2009,3344,31
10/15/2009,3313,-3
10/14/2009,3316,-11
10/13/2009,3327,-75
10/9/2009,3402,-22
9/28/2009,3424,-19
9/25/2009,3443,-13
9/24/2009,3456,-52
9/23/2009,3508,-27
9/22/2009,3535,-18
9/21/2009,3553,-15
9/18/2009,3568,-13
9/17/2009,3581,0
9/16/2009,3581,-7
9/15/2009,3588,-12
9/14/2009,3600,-12
9/11/2009,3612,-8
9/10/2009,3620,27
9/9/2009,3593,5
9/8/2009,3588,-161
9/7/2009,3749,-3
9/4/2009,3752,-2
9/3/2009,3754,-35
9/2/2009,3789,-28
9/1/2009,3817,-42
8/31/2009,3859,-5
8/28/2009,3864,1
8/27/2009,3863,18
8/26/2009,3845,-27
8/25/2009,3872,-36
8/24/2009,3908,2
8/21/2009,3906,52
8/20/2009,3854,-84
8/19/2009,3938,-67
8/18/2009,4005,-79
8/17/2009,4084,-54
8/14/2009,4138,-13
8/13/2009,4151,-77
8/12/2009,4228,-31
8/11/2009,4259,-71
8/10/2009,4330,-90
8/7/2009,4420,5
8/6/2009,4415,5
8/5/2009,4410,-13
8/4/2009,4423,75
8/3/2009,4348,168
7/31/2009,4180,4
7/30/2009,4176,7
7/29/2009,4169,8
7/28/2009,4161,49
7/27/2009,4112,51
7/24/2009,4061,11
7/23/2009,4050,-9
7/22/2009,4059,88
7/21/2009,3971,-65
7/20/2009,4036,41
7/17/2009,3995,85
7/15/2009,3910,-12
7/14/2009,3922,35
7/13/2009,3887,29
7/10/2009,3858,24
7/9/2009,3834,0
7/8/2009,3834,9
7/7/2009,3825,0
7/6/2009,3825,108
7/3/2009,3717,17
7/2/2009,3700,6
7/1/2009,3694,-104
6/30/2009,3798,-36
6/29/2009,3834,0
6/26/2009,3834,13
6/25/2009,3821,28
6/24/2009,3793,0
6/23/2009,3793,23
6/22/2009,3770,24
6/19/2009,3746,0
6/18/2009,3746,19
6/17/2009,3727,9
6/16/2009,3718,22
6/15/2009,3696,11
6/12/2009,3685,30
6/11/2009,3655,0
6/10/2009,3655,-4
6/9/2009,3659,2
6/8/2009,3657,26
6/5/2009,3631,-5
6/4/2009,3636,-5
6/3/2009,3641,-2
6/2/2009,3643,2
6/1/2009,3641,41
5/27/2009,3600,14
5/26/2009,3586,5
5/25/2009,3581,-13
5/22/2009,3594,-21
5/21/2009,3615,-9
5/20/2009,3624,2
5/19/2009,3622,3
5/18/2009,3619,99
5/15/2009,3520,-64
5/14/2009,3584,19
5/13/2009,3565,3
5/12/2009,3562,16
5/11/2009,3546,32
5/8/2009,3514,23
5/7/2009,3491,-4
5/6/2009,3495,0
5/5/2009,3495,13
5/4/2009,3482,22
4/30/2009,3460,-10
4/29/2009,3470,28
4/28/2009,3442,11
4/27/2009,3431,24
4/24/2009,3407,57
4/23/2009,3350,-79
4/22/2009,3429,-16
4/21/2009,3445,95
4/20/2009,3350,-19
4/17/2009,3369,21
4/16/2009,3348,2
4/15/2009,3346,-12
4/14/2009,3358,-73
4/13/2009,3431,-16
4/10/2009,3447,0
4/9/2009,3447,-21
4/8/2009,3468,-15
4/7/2009,3483,-24
4/3/2009,3507,-69
4/2/2009,3576,241
4/1/2009,3335,-257
3/31/2009,3592,0
3/30/2009,3592,5
3/27/2009,3587,0
3/26/2009,3587,-10
3/25/2009,3597,37
3/24/2009,3560,-10
3/23/2009,3570,200
3/20/2009,3370,-2
3/19/2009,3372,-2
3/18/2009,3374,-197
3/17/2009,3571,100
3/16/2009,3471,3
3/13/2009,3468,67
3/12/2009,3401,-4
3/11/2009,3405,-230
3/10/2009,3635,2
3/9/2009,3633,18
3/6/2009,3615,-17
3/5/2009,3632,-13
3/4/2009,3645,-32
3/3/2009,3677,-22
3/2/2009,3699,-20
2/27/2009,3719,171
2/26/2009,3548,-175
2/25/2009,3723,-53
2/24/2009,3776,-27
2/23/2009,3803,15
2/20/2009,3788,-4
2/19/2009,3792,-46
2/18/2009,3838,-57
2/17/2009,3895,-43
2/16/2009,3938,-44
2/13/2009,3982,-45
2/12/2009,4027,-44
2/11/2009,4071,-12
2/10/2009,4083,83
2/9/2009,4000,-155
2/6/2009,4155,-12
2/5/2009,4167,-5
2/4/2009,4172,59
2/3/2009,4113,13
2/2/2009,4100,100
1/20/2009,4000,-96
1/19/2009,4096,43
1/16/2009,4053,-22
1/15/2009,4075,32
1/14/2009,4043,-5
1/13/2009,4048,-20
1/12/2009,4068,-5
1/9/2009,4073,5
1/8/2009,4068,8
1/7/2009,4060,-15
1/6/2009,4075,5
1/5/2009,4070,132
12/31/2008,3938,15
12/30/2008,3923,72
12/29/2008,3851,24
12/26/2008,3827,3
12/25/2008,3824,0
12/24/2008,3824,82
12/23/2008,3742,0
12/22/2008,3742,22
12/19/2008,3720,4
12/18/2008,3716,18
12/17/2008,3698,8
12/16/2008,3690,9
12/15/2008,3681,28
12/12/2008,3653,0
12/11/2008,3653,-18
12/10/2008,3671,-2
12/9/2008,3673,-8
12/8/2008,3681,0
12/5/2008,3681,5
12/4/2008,3676,19
12/3/2008,3657,17
12/2/2008,3640,31
12/1/2008,3609,15
11/28/2008,3594,25
11/27/2008,3569,0
11/26/2008,3569,45
11/25/2008,3524,6
11/24/2008,3518,-25
11/21/2008,3543,0
11/20/2008,3543,70
11/19/2008,3473,185
11/18/2008,3288,-25
11/17/2008,3313,25
11/14/2008,3288,438
11/13/2008,2850,-300
11/12/2008,3150,-50
11/11/2008,3200,0
11/10/2008,3200,-212
11/7/2008,3412,277
11/6/2008,3135,-301
11/5/2008,3436,-22
11/4/2008,3458,-17
11/3/2008,3475,-20
10/31/2008,3495,-152
10/30/2008,3647,107
10/29/2008,3540,-5
10/28/2008,3545,0
10/27/2008,3545,-15
10/24/2008,3560,-60
10/23/2008,3620,-28
10/22/2008,3648,18
10/21/2008,3630,40
10/20/2008,3590,-55
10/17/2008,3645,-134
10/16/2008,3779,-53
10/15/2008,3832,-76
10/14/2008,3908,-105
10/13/2008,4013,-72
10/10/2008,4085,-145
10/9/2008,4230,-237
10/8/2008,4467,-196
10/7/2008,4663,-128
10/6/2008,4791,-72
9/26/2008,4863,-38
9/25/2008,4901,-57
9/24/2008,4958,-53
9/23/2008,5011,-6
9/22/2008,5017,-15
9/19/2008,5032,-15
9/18/2008,5047,-20
9/17/2008,5067,0
9/16/2008,5067,-47
9/12/2008,5114,-73
9/10/2008,5187,-22
9/9/2008,5209,-8
9/8/2008,5217,-17
9/5/2008,5234,0
9/4/2008,5234,9
9/3/2008,5225,5
9/2/2008,5220,57
9/1/2008,5163,-2
8/29/2008,5165,-9
8/28/2008,5174,15
8/27/2008,5159,-12
8/26/2008,5171,-11
8/25/2008,5182,-84
8/22/2008,5266,0
8/21/2008,5266,-72
8/20/2008,5338,-58
8/19/2008,5396,-16
8/18/2008,5412,-75
8/15/2008,5487,-40
8/14/2008,5527,-35
8/13/2008,5562,-52
8/12/2008,5614,-49
8/11/2008,5663,-33
8/8/2008,5696,-19
8/7/2008,5715,-32
8/6/2008,5747,-23
8/5/2008,5770,-27
8/4/2008,5797,-15
8/1/2008,5812,-12
7/31/2008,5824,-31
7/30/2008,5855,-5
7/29/2008,5860,-15
7/28/2008,5875,-2
7/25/2008,5877,-20
7/24/2008,5897,-16
7/23/2008,5913,-26
7/22/2008,5939,-8
7/21/2008,5947,0
7/18/2008,5947,-8
7/17/2008,5955,-1
7/16/2008,5956,0
7/15/2008,5956,5
7/14/2008,5951,10
7/11/2008,5941,-5
7/10/2008,5946,8
7/9/2008,5938,-6
7/8/2008,5944,-3
7/7/2008,5947,-3
7/4/2008,5950,22
7/2/2008,5928,12
7/1/2008,5916,25
6/30/2008,5891,9
6/27/2008,5882,-1
6/26/2008,5883,1
6/25/2008,5882,5
6/24/2008,5877,7
6/23/2008,5870,2
6/20/2008,5868,-11
6/19/2008,5879,-25
6/18/2008,5904,-13
6/17/2008,5917,-27
6/16/2008,5944,0
6/13/2008,5944,-2
6/12/2008,5946,0
6/11/2008,5946,0
6/10/2008,5946,-6
6/6/2008,5952,-5
6/5/2008,5957,2
6/4/2008,5955,6
6/3/2008,5949,31
6/2/2008,5918,43
5/30/2008,5875,14
5/29/2008,5861,21
5/28/2008,5840,3
5/27/2008,5837,10
5/26/2008,5827,1
5/23/2008,5826,10
5/22/2008,5816,-9
5/21/2008,5825,0
5/20/2008,5825,-1
5/19/2008,5826,-9
5/16/2008,5835,0
5/15/2008,5835,8
5/14/2008,5827,8
5/13/2008,5819,4
5/12/2008,5815,16
5/9/2008,5799,10
5/8/2008,5789,13
5/7/2008,5776,2
5/6/2008,5774,17
5/5/2008,5757,64
5/2/2008,5693,48
4/30/2008,5645,19
4/29/2008,5626,45
4/28/2008,5581,36
4/25/2008,5545,10
4/24/2008,5535,14
4/23/2008,5521,17
4/22/2008,5504,12
4/21/2008,5492,2
4/18/2008,5490,6
4/17/2008,5484,-8
4/16/2008,5492,2
4/15/2008,5490,21
4/11/2008,5469,3
4/10/2008,5466,-94
4/9/2008,5560,0
4/8/2008,5560,11
4/7/2008,5549,-5
4/3/2008,5554,-5
4/2/2008,5559,0
4/1/2008,5559,47
3/31/2008,5512,28
3/28/2008,5484,23
3/27/2008,5461,19
3/26/2008,5442,3
3/25/2008,5439,12
3/24/2008,5427,6
3/21/2008,5421,0
3/20/2008,5421,-13
3/19/2008,5434,-12
3/18/2008,5446,-6
3/17/2008,5452,-9
3/14/2008,5461,-5
3/13/2008,5466,-8
3/12/2008,5474,-1
3/11/2008,5475,0
3/10/2008,5475,-8
3/7/2008,5483,-13
3/6/2008,5496,0
3/5/2008,5496,-5
3/4/2008,5501,20
3/3/2008,5481,89
2/29/2008,5392,12
2/28/2008,5380,23
2/27/2008,5357,16
2/26/2008,5341,52
2/25/2008,5289,55
2/22/2008,5234,34
2/21/2008,5200,89
2/20/2008,5111,50
2/19/2008,5061,53
2/18/2008,5008,89
2/1/2008,4919,7
1/31/2008,4912,3
1/30/2008,4909,0
1/29/2008,4909,0
1/28/2008,4909,2
1/25/2008,4907,14
1/24/2008,4893,0
1/23/2008,4893,4
1/22/2008,4889,0
1/21/2008,4889,-5
1/18/2008,4894,0
1/17/2008,4894,-3
1/16/2008,4897,-4
1/15/2008,4901,-10
1/14/2008,4911,-2
1/11/2008,4913,22
1/10/2008,4891,-4
1/9/2008,4895,0
1/8/2008,4895,8
1/7/2008,4887,-2
1/4/2008,4889,20
1/3/2008,4869,25
1/2/2008,4844,25
12/28/2007,4819,5
12/26/2007,4814,2
12/24/2007,4812,13
12/21/2007,4799,-5
12/20/2007,4804,-5
12/19/2007,4809,-13
12/18/2007,4822,0
12/17/2007,4822,-1
12/14/2007,4823,-5
12/13/2007,4828,-1
12/12/2007,4829,0
12/11/2007,4829,-1
12/10/2007,4830,-2
12/7/2007,4832,0
12/6/2007,4832,-2
12/5/2007,4834,15
12/4/2007,4819,56
12/3/2007,4763,182
11/30/2007,4581,0
11/29/2007,4581,0
11/28/2007,4581,12
11/27/2007,4569,29
11/26/2007,4540,8
11/23/2007,4532,2
11/22/2007,4530,15
11/21/2007,4515,-1
11/20/2007,4516,0
11/19/2007,4516,10
11/16/2007,4506,3
11/15/2007,4503,7
11/14/2007,4496,31
11/13/2007,4465,2
11/12/2007,4463,12
11/9/2007,4451,-3
11/8/2007,4454,20
11/7/2007,4434,-12
11/6/2007,4446,24
11/5/2007,4422,11
11/2/2007,4411,7
11/1/2007,4404,0
10/31/2007,4404,0
10/30/2007,4404,0
10/29/2007,4404,0
10/26/2007,4404,5
10/25/2007,4399,2
10/24/2007,4397,5
10/23/2007,4392,8
10/22/2007,4384,15
10/19/2007,4369,5
10/18/2007,4364,-3
10/17/2007,4367,-7
10/16/2007,4374,2
10/15/2007,4372,-5
10/12/2007,4377,0
10/11/2007,4377,-5
10/10/2007,4382,0
10/9/2007,4382,-5
10/8/2007,4387,5
9/28/2007,4382,-7
9/27/2007,4389,-12
9/26/2007,4401,-5
9/25/2007,4406,-22
9/24/2007,4428,14
9/21/2007,4414,-3
9/20/2007,4417,-12
9/19/2007,4429,-10
9/18/2007,4439,-9
9/17/2007,4448,-32
9/14/2007,4480,-17
9/13/2007,4497,-6
9/12/2007,4503,0
9/11/2007,4503,12
9/10/2007,4491,48
9/7/2007,4443,14
9/6/2007,4429,16
9/5/2007,4413,17
9/4/2007,4396,32
9/3/2007,4364,17
8/31/2007,4347,-3
8/30/2007,4350,7
8/29/2007,4343,30
8/28/2007,4313,37
8/27/2007,4276,44
8/24/2007,4232,25
8/23/2007,4207,18
8/22/2007,4189,31
8/21/2007,4158,24
8/20/2007,4134,14
8/17/2007,4120,44
8/16/2007,4076,7
8/15/2007,4069,14
8/14/2007,4055,2
8/13/2007,4053,-4
8/10/2007,4057,0
8/9/2007,4057,8
8/8/2007,4049,11
8/7/2007,4038,6
8/6/2007,4032,-10
8/3/2007,4042,5
8/2/2007,4037,0
8/1/2007,4037,15
7/31/2007,4022,51
7/30/2007,3971,15
7/27/2007,3956,30
7/26/2007,3926,10
7/25/2007,3916,5
7/24/2007,3911,-10
7/23/2007,3921,15
7/20/2007,3906,0
7/19/2007,3906,2
7/18/2007,3904,13
7/17/2007,3891,-4
7/16/2007,3895,12
7/13/2007,3883,0
7/12/2007,3883,-10
7/11/2007,3893,-6
7/10/2007,3899,-15
7/9/2007,3914,-10
7/6/2007,3924,-10
7/5/2007,3934,-6
7/4/2007,3940,-11
7/3/2007,3951,-15
7/2/2007,3966,-28
6/29/2007,3994,-30
6/28/2007,4024,-20
6/27/2007,4044,-1
6/26/2007,4045,-3
6/25/2007,4048,-18
6/22/2007,4066,-8
6/21/2007,4074,-3
6/20/2007,4077,-24
6/19/2007,4101,-10
6/18/2007,4111,-16
6/15/2007,4127,-16
6/14/2007,4143,-1
6/13/2007,4144,-12
6/12/2007,4156,-13
6/11/2007,4169,-12
6/8/2007,4181,-10
6/7/2007,4191,-34
6/6/2007,4225,-12
6/5/2007,4237,-18
6/4/2007,4255,-7
6/1/2007,4262,-3
5/31/2007,4265,-13
5/30/2007,4278,-8
5/29/2007,4286,-5
5/28/2007,4291,-3
5/25/2007,4294,-12
5/24/2007,4306,-22
5/23/2007,4328,-14
5/22/2007,4342,-6
5/21/2007,4348,-2
5/18/2007,4350,-3
5/17/2007,4353,-1
5/16/2007,4354,0
5/15/2007,4354,27
5/11/2007,4327,5
5/10/2007,4322,15
5/9/2007,4307,3
5/8/2007,4304,19
4/27/2007,4285,0
4/26/2007,4285,-3
4/25/2007,4288,-1
4/24/2007,4289,4
4/23/2007,4285,0
4/20/2007,4285,0
4/19/2007,4285,0
4/18/2007,4285,0
4/17/2007,4285,3
4/16/2007,4282,10
4/13/2007,4272,9
4/12/2007,4263,0
4/11/2007,4263,-3
4/10/2007,4266,28
4/9/2007,4238,3
4/6/2007,4235,5
4/5/2007,4230,0
4/4/2007,4230,18
4/3/2007,4212,7
4/2/2007,4205,4
3/30/2007,4201,8
3/29/2007,4193,-5
3/28/2007,4198,3
3/27/2007,4195,-4
3/26/2007,4199,3
3/23/2007,4196,0
3/22/2007,4196,-3
3/21/2007,4199,-3
3/20/2007,4202,-11
3/19/2007,4213,-33
3/16/2007,4246,-9
3/15/2007,4255,-16
3/14/2007,4271,-12
3/12/2007,4283,-5
3/9/2007,4288,-7
3/8/2007,4295,0
3/7/2007,4295,0
3/6/2007,4295,0
3/5/2007,4295,2
3/2/2007,4293,5
3/1/2007,4288,23
2/28/2007,4265,3
2/27/2007,4262,7
2/26/2007,4255,10
2/15/2007,4245,0
2/14/2007,4245,0
2/13/2007,4245,-4
2/12/2007,4249,0
2/9/2007,4249,-8
2/8/2007,4257,3
2/7/2007,4254,17
2/6/2007,4237,20
2/5/2007,4217,16
2/2/2007,4201,8
2/1/2007,4193,21
1/31/2007,4172,0
1/30/2007,4172,-5
1/29/2007,4177,0
1/26/2007,4177,3
1/25/2007,4174,0
1/24/2007,4174,16
1/23/2007,4158,0
1/22/2007,4158,1
1/19/2007,4157,-3
1/18/2007,4160,8
1/17/2007,4152,0
1/16/2007,4152,9
1/15/2007,4143,0
1/12/2007,4143,0
1/11/2007,4143,9
1/10/2007,4134,14
1/9/2007,4120,56
1/8/2007,4064,39
1/5/2007,4025,13
1/4/2007,4012,90
12/29/2006,3922,17
12/28/2006,3905,7
12/27/2006,3898,12
12/26/2006,3886,9
12/25/2006,3877,18
12/22/2006,3859,0
12/21/2006,3859,0
12/20/2006,3859,0
12/19/2006,3859,0
12/18/2006,3859,0
12/15/2006,3859,5
12/14/2006,3854,0
12/13/2006,3854,0
12/12/2006,3854,6
12/11/2006,3848,0
12/8/2006,3848,-5
12/7/2006,3853,0
12/6/2006,3853,5
12/5/2006,3848,3
12/4/2006,3845,8
12/1/2006,3837,5
11/30/2006,3832,3
11/29/2006,3829,5
11/28/2006,3824,-3
11/27/2006,3827,-8
11/24/2006,3835,-3
11/23/2006,3838,-4
11/22/2006,3842,-22
11/21/2006,3864,-3
11/20/2006,3867,-11
11/17/2006,3878,0
11/16/2006,3878,-9
11/15/2006,3887,0
11/14/2006,3887,7
11/13/2006,3880,-1
11/10/2006,3881,-14
11/9/2006,3895,0
11/8/2006,3895,2
11/7/2006,3893,-7
11/6/2006,3900,-5
11/3/2006,3905,-5
11/2/2006,3910,-14
11/1/2006,3924,-24
10/31/2006,3948,-23
10/30/2006,3971,-20
10/27/2006,3991,-11
10/26/2006,4002,-12
10/25/2006,4014,-8
10/24/2006,4022,-15
10/23/2006,4037,-20
10/20/2006,4057,-2
10/19/2006,4059,-3
10/18/2006,4062,-2
10/17/2006,4064,-1
10/16/2006,4065,-1
10/13/2006,4066,0
10/12/2006,4066,7
10/11/2006,4059,-2
10/10/2006,4061,12
10/9/2006,4049,14
9/29/2006,4035,0
9/28/2006,4035,5
9/27/2006,4030,0
9/26/2006,4030,4
9/25/2006,4026,-7
9/22/2006,4033,18
9/21/2006,4015,6
9/20/2006,4009,11
9/19/2006,3998,3
9/18/2006,3995,-6
9/15/2006,4001,2
9/14/2006,3999,-2
9/13/2006,4001,0
9/12/2006,4001,-3
9/11/2006,4004,5
9/8/2006,3999,-3
9/7/2006,4002,-2
9/6/2006,4004,5
9/5/2006,3999,28
9/4/2006,3971,8
9/1/2006,3963,5
8/31/2006,3958,2
8/30/2006,3956,3
8/29/2006,3953,10
8/28/2006,3943,8
8/25/2006,3935,0
8/24/2006,3935,7
8/23/2006,3928,3
8/22/2006,3925,0
8/21/2006,3925,0
8/18/2006,3925,0
8/17/2006,3925,0
8/16/2006,3925,0
8/15/2006,3925,0
8/14/2006,3925,-3
8/11/2006,3928,7
8/10/2006,3921,0
8/9/2006,3921,-5
8/8/2006,3926,5
8/7/2006,3921,0
8/4/2006,3921,0
8/3/2006,3921,0
8/2/2006,3921,7
8/1/2006,3914,10
7/31/2006,3904,12
7/28/2006,3892,19
7/27/2006,3873,-7
7/26/2006,3880,-25
7/25/2006,3905,-28
7/24/2006,3933,-22
7/21/2006,3955,-105
7/20/2006,4060,0
7/19/2006,4060,0
7/18/2006,4060,-8
7/17/2006,4068,-2
7/14/2006,4070,-50
7/13/2006,4120,-52
7/12/2006,4172,-104
7/11/2006,4276,-64
7/10/2006,4340,-13
7/7/2006,4353,-21
7/6/2006,4374,-37
7/5/2006,4411,-74
7/4/2006,4485,-23
7/3/2006,4508,0
6/30/2006,4508,-20
6/29/2006,4528,-13
6/28/2006,4541,-29
6/27/2006,4570,-19
6/26/2006,4589,-12
6/23/2006,4601,-3
6/22/2006,4604,-20
6/21/2006,4624,-9
6/20/2006,4633,-7
6/19/2006,4640,12
6/16/2006,4628,-9
6/15/2006,4637,-21
6/14/2006,4658,-8
6/13/2006,4666,-2
6/12/2006,4668,-10
6/9/2006,4678,8
6/8/2006,4670,23
6/7/2006,4647,20
6/6/2006,4627,46
6/5/2006,4581,41
6/2/2006,4540,94
6/1/2006,4446,73
5/31/2006,4373,47
5/30/2006,4326,49
5/29/2006,4277,42
5/26/2006,4235,12
5/25/2006,4223,34
5/24/2006,4189,21
5/23/2006,4168,16
5/22/2006,4152,-1
5/19/2006,4153,-35
5/18/2006,4188,0
5/17/2006,4188,6
5/16/2006,4182,33
5/15/2006,4149,35
5/12/2006,4114,18
5/11/2006,4096,0
5/10/2006,4096,19
5/9/2006,4077,51
4/28/2006,4026,3
4/27/2006,4023,-5
4/26/2006,4028,4
4/25/2006,4024,-4
4/24/2006,4028,-7
4/21/2006,4035,-6
4/20/2006,4041,-7
4/19/2006,4048,-9
4/18/2006,4057,-10
4/17/2006,4067,3
4/14/2006,4064,0
4/13/2006,4064,-3
4/12/2006,4067,-7
4/11/2006,4074,32
4/10/2006,4042,5
4/7/2006,4037,2
4/6/2006,4035,-5
4/5/2006,4040,5
4/4/2006,4035,28
4/3/2006,4007,51
3/31/2006,3956,1
3/30/2006,3955,35
3/29/2006,3920,6
3/28/2006,3914,0
3/27/2006,3914,58
3/24/2006,3856,16
3/23/2006,3840,-6
3/22/2006,3846,-8
3/21/2006,3854,-4
3/20/2006,3858,-4
3/17/2006,3862,-23
3/16/2006,3885,-9
3/15/2006,3894,-5
3/14/2006,3899,13
3/13/2006,3886,-8
3/10/2006,3894,-29
3/9/2006,3923,-10
3/8/2006,3933,43
3/7/2006,3890,111
3/6/2006,3779,135
3/3/2006,3644,0
3/2/2006,3644,72
3/1/2006,3572,0
2/28/2006,3572,13
2/27/2006,3559,73
2/24/2006,3486,31
2/23/2006,3455,7
2/22/2006,3448,-1
2/21/2006,3449,11
2/20/2006,3438,8
2/17/2006,3430,5
2/16/2006,3425,2
2/15/2006,3423,17
2/14/2006,3406,76
2/13/2006,3330,38
2/10/2006,3292,28
2/9/2006,3264,10
2/8/2006,3254,5
2/7/2006,3249,46
2/6/2006,3203,0
1/26/2006,3203,40
1/25/2006,3163,0
1/24/2006,3163,37
1/23/2006,3126,0
1/20/2006,3126,17
1/19/2006,3109,0
1/18/2006,3109,5
1/17/2006,3104,17
1/16/2006,3087,21
1/13/2006,3066,15
1/12/2006,3051,13
1/11/2006,3038,5
1/10/2006,3033,2
1/9/2006,3031,2
1/6/2006,3029,8
1/5/2006,3021,0
1/4/2006,3021,2
12/30/2005,3019,3
12/29/2005,3016,-2
12/28/2005,3018,2
12/27/2005,3016,1
12/23/2005,3015,0
12/22/2005,3015,3
12/21/2005,3012,0
12/20/2005,3012,-1
12/19/2005,3013,-5
12/16/2005,3018,-9
12/15/2005,3027,-21
12/14/2005,3048,-11
12/13/2005,3059,-12
12/12/2005,3071,-5
12/9/2005,3076,0
12/8/2005,3076,-7
12/7/2005,3083,-14
12/6/2005,3097,-28
12/5/2005,3125,-11
12/2/2005,3136,-12
12/1/2005,3148,-27
11/30/2005,3175,-42
11/29/2005,3217,-13
11/24/2005,3230,-9
11/23/2005,3239,-9
11/22/2005,3248,-20
11/18/2005,3268,-22
11/17/2005,3290,-8
11/16/2005,3298,-25
11/15/2005,3323,-10
11/11/2005,3333,-2
11/10/2005,3335,-3
11/9/2005,3338,0
11/8/2005,3338,-14
11/7/2005,3352,-19
11/4/2005,3371,-10
11/3/2005,3381,-1
11/2/2005,3382,5
11/1/2005,3377,17
10/31/2005,3360,-9
10/27/2005,3369,21
10/26/2005,3348,0
10/25/2005,3348,-3
10/24/2005,3351,-30
10/21/2005,3381,-20
10/20/2005,3401,-16
10/19/2005,3417,-17
10/18/2005,3434,-50
10/17/2005,3484,-56
10/14/2005,3540,-46
10/13/2005,3586,2
10/12/2005,3584,-38
10/11/2005,3622,-31
10/10/2005,3653,-84
9/29/2005,3737,-18
9/28/2005,3755,-9
9/27/2005,3764,-68
9/23/2005,3832,-25
9/22/2005,3857,-4
9/21/2005,3861,-6
9/20/2005,3867,-5
9/19/2005,3872,-12
9/16/2005,3884,-14
9/15/2005,3898,-6
9/14/2005,3904,-18
9/13/2005,3922,-7
9/12/2005,3929,-9
9/9/2005,3938,-3
9/8/2005,3941,-3
9/6/2005,3944,0
9/5/2005,3944,7
9/2/2005,3937,2
9/1/2005,3935,12
8/31/2005,3923,1
8/30/2005,3922,0
8/29/2005,3922,2
8/26/2005,3920,-2
8/25/2005,3922,-4
8/24/2005,3926,-4
8/23/2005,3930,2
8/22/2005,3928,-3
8/19/2005,3931,-1
8/18/2005,3932,-3
8/17/2005,3935,2
8/16/2005,3933,-4
8/15/2005,3937,27
8/12/2005,3910,3
8/11/2005,3907,2
8/10/2005,3905,5
8/9/2005,3900,0
8/8/2005,3900,19
8/5/2005,3881,5
8/4/2005,3876,7
8/3/2005,3869,19
8/2/2005,3850,23
8/1/2005,3827,13
7/29/2005,3814,3
7/28/2005,3811,0
7/27/2005,3811,-4
7/26/2005,3815,4
7/25/2005,3811,-27
7/19/2005,3838,12
7/18/2005,3826,2
7/15/2005,3824,23
7/14/2005,3801,-17
7/13/2005,3818,-40
7/12/2005,3858,-40
7/11/2005,3898,-54
7/8/2005,3952,-36
7/7/2005,3988,-7
7/6/2005,3995,41
7/5/2005,3954,80
7/4/2005,3874,87
7/1/2005,3787,0
6/30/2005,3787,-12
6/29/2005,3799,-67
6/28/2005,3866,-51
6/27/2005,3917,-87
6/24/2005,4004,0
6/23/2005,4004,-40
6/22/2005,4044,-143
6/21/2005,4187,57
6/20/2005,4130,-37
6/17/2005,4167,-18
6/16/2005,4185,-75
6/15/2005,4260,-1
6/14/2005,4261,-10
6/13/2005,4271,-54
6/9/2005,4325,-97
6/8/2005,4422,-109
6/7/2005,4531,-141
6/3/2005,4672,-45
6/2/2005,4717,-54
6/1/2005,4771,-18
5/31/2005,4789,-27
5/30/2005,4816,-37
5/27/2005,4853,0
5/26/2005,4853,-33
5/25/2005,4886,-75
5/24/2005,4961,-61
5/23/2005,5022,-9
5/20/2005,5031,-23
5/19/2005,5054,-25
5/18/2005,5079,-15
5/17/2005,5094,-21
5/12/2005,5115,-4
5/11/2005,5119,-3
5/10/2005,5122,53
4/29/2005,5069,0
4/28/2005,5069,-52
4/27/2005,5121,0
4/26/2005,5121,2
4/25/2005,5119,-38
4/21/2005,5157,-26
4/20/2005,5183,-141
4/18/2005,5324,-29
4/15/2005,5353,-8
4/14/2005,5361,-3
4/13/2005,5364,9
4/12/2005,5355,-28
4/11/2005,5383,-28
4/8/2005,5411,-26
4/7/2005,5437,-25
4/6/2005,5462,-19
4/5/2005,5481,-8
4/4/2005,5489,-7
4/1/2005,5496,-5
3/31/2005,5501,0
3/30/2005,5501,2
3/29/2005,5499,0
3/28/2005,5499,31
3/25/2005,5468,0
3/23/2005,5468,0
3/22/2005,5468,2
3/21/2005,5466,14
3/17/2005,5452,21
3/16/2005,5431,18
3/15/2005,5413,-14
3/14/2005,5427,44
3/11/2005,5383,43
3/9/2005,5340,81
3/7/2005,5259,-3
3/3/2005,5262,8
3/1/2005,5254,31
2/28/2005,5223,41
2/25/2005,5182,0
2/24/2005,5182,35
2/21/2005,5147,8
2/18/2005,5139,11
2/17/2005,5128,0
2/3/2005,5128,0
2/2/2005,5128,9
2/1/2005,5119,5
1/31/2005,5114,11
1/28/2005,5103,0
1/27/2005,5103,8
1/26/2005,5095,3
1/25/2005,5092,-6
1/21/2005,5098,0
1/20/2005,5098,-1
1/19/2005,5099,2
1/18/2005,5097,8
1/17/2005,5089,4
1/13/2005,5085,12
1/12/2005,5073,-2
1/11/2005,5075,-5
1/10/2005,5080,6
1/7/2005,5074,10
1/6/2005,5064,15
1/5/2005,5049,13
1/4/2005,5036,15
12/30/2004,5021,0
12/28/2004,5021,44
12/24/2004,4977,13
12/23/2004,4964,3
12/22/2004,4961,9
12/21/2004,4952,24
12/20/2004,4928,16
12/17/2004,4912,13
12/16/2004,4899,-5
12/15/2004,4904,14
12/14/2004,4890,15
12/13/2004,4875,14
12/10/2004,4861,8
12/9/2004,4853,7
12/8/2004,4846,2
12/7/2004,4844,15
12/6/2004,4829,28
12/3/2004,4801,18
12/2/2004,4783,7
12/1/2004,4776,9
11/30/2004,4767,11
11/29/2004,4756,26
11/24/2004,4730,2
11/23/2004,4728,-5
11/22/2004,4733,1
11/18/2004,4732,0
11/17/2004,4732,-2
11/16/2004,4734,1
11/15/2004,4733,0
11/12/2004,4733,0
11/11/2004,4733,3
11/10/2004,4730,-5
11/8/2004,4735,4
11/5/2004,4731,0
11/4/2004,4731,0
11/3/2004,4731,6
11/2/2004,4725,10
10/29/2004,4715,-1
10/28/2004,4716,5
10/27/2004,4711,-3
10/26/2004,4714,2
10/25/2004,4712,2
10/22/2004,4710,0
10/21/2004,4710,-1
10/20/2004,4711,1
10/18/2004,4710,1
10/15/2004,4709,0
10/14/2004,4709,4
10/13/2004,4705,0
10/11/2004,4705,18
10/8/2004,4687,0
9/30/2004,4687,0
9/29/2004,4687,0
9/28/2004,4687,0
9/27/2004,4687,0
9/24/2004,4687,-3
9/23/2004,4690,6
9/22/2004,4684,0
9/21/2004,4684,-18
9/20/2004,4702,-3
9/17/2004,4705,0
9/16/2004,4705,11
9/15/2004,4694,0
9/14/2004,4694,-10
9/13/2004,4704,0
9/10/2004,4704,-5
9/9/2004,4709,1
9/8/2004,4708,4
9/7/2004,4704,5
9/6/2004,4699,9
9/3/2004,4690,8
9/2/2004,4682,-3
9/1/2004,4685,23
8/30/2004,4662,18
8/27/2004,4644,9
8/26/2004,4635,8
8/25/2004,4627,0
8/24/2004,4627,35
8/23/2004,4592,0
8/20/2004,4592,0
8/19/2004,4592,-8
8/18/2004,4600,0
8/17/2004,4600,7
8/16/2004,4593,0
8/13/2004,4593,-18
8/12/2004,4611,0
8/11/2004,4611,-11
8/10/2004,4622,-7
8/9/2004,4629,-1
8/6/2004,4630,0
8/5/2004,4630,-5
8/4/2004,4635,-10
8/3/2004,4645,0
8/2/2004,4645,4
7/30/2004,4641,122
7/29/2004,4519,22
7/28/2004,4497,25
7/27/2004,4473,35
7/26/2004,4437,63
7/23/2004,4375,45
7/22/2004,4330,33
7/21/2004,4297,51
7/20/2004,4246,33
7/19/2004,4214,56
7/16/2004,4157,6
7/15/2004,4151,5
7/14/2004,4146,3
7/13/2004,4144,14
7/12/2004,4130,25
7/9/2004,4105,16
7/8/2004,4089,5
7/7/2004,4085,15
7/6/2004,4069,9
7/5/2004,4060,9
7/2/2004,4051,2
7/1/2004,4049,7
6/30/2004,4042,0
6/29/2004,4042,9
6/28/2004,4033,1
6/25/2004,4032,0
6/24/2004,4032,5
6/23/2004,4026,23
6/22/2004,4004,18
6/21/2004,3985,30
6/18/2004,3955,16
6/17/2004,3939,20
6/16/2004,3919,0
6/15/2004,3919,24
6/14/2004,3895,37
6/11/2004,3858,10
6/10/2004,3848,2
6/9/2004,3846,0
6/8/2004,3846,8
6/7/2004,3838,6
6/4/2004,3832,0
6/3/2004,3832,-12
6/2/2004,3844,-11
6/1/2004,3855,-21
5/31/2004,3875,-18
5/28/2004,3894,-9
5/27/2004,3903,-5
5/26/2004,3907,27
5/25/2004,3880,0
5/24/2004,3880,148
5/21/2004,3732,38
5/20/2004,3694,0
5/19/2004,3694,-52
5/18/2004,3745,-157
5/17/2004,3903,-114
5/14/2004,4016,-94
5/13/2004,4110,-80
5/12/2004,4190,-118
5/11/2004,4308,-73
5/10/2004,4381,-175
4/29/2004,4556,-38
4/28/2004,4595,-33
4/27/2004,4627,-25
4/26/2004,4653,-8
4/22/2004,4661,-10
4/21/2004,4671,-27
4/20/2004,4698,-12
4/19/2004,4710,-31
4/16/2004,4741,-3
4/15/2004,4744,0
4/14/2004,4744,-3
4/13/2004,4746,6
4/12/2004,4740,0
4/9/2004,4740,0
4/8/2004,4740,0
4/7/2004,4740,5
4/6/2004,4735,0
4/5/2004,4735,13
4/2/2004,4723,2
4/1/2004,4721,12
3/31/2004,4709,0
3/30/2004,4709,29
3/29/2004,4680,6
3/26/2004,4674,6
3/25/2004,4667,5
3/24/2004,4662,0
3/23/2004,4662,13
3/22/2004,4649,35
3/19/2004,4614,0
3/18/2004,4614,15
3/17/2004,4598,5
3/16/2004,4594,-1
3/15/2004,4595,14
3/12/2004,4581,11
3/11/2004,4570,-18
3/10/2004,4588,-11
3/9/2004,4599,-11
3/8/2004,4610,-33
3/5/2004,4643,-7
3/4/2004,4650,-21
3/3/2004,4671,-9
3/2/2004,4680,-11
3/1/2004,4691,36
2/27/2004,4655,5
2/26/2004,4650,3
2/25/2004,4647,0
2/24/2004,4647,66
2/23/2004,4581,14
2/20/2004,4567,43
2/19/2004,4525,13
2/18/2004,4512,27
2/17/2004,4485,65
2/16/2004,4419,25
2/13/2004,4394,10
2/12/2004,4384,30
2/11/2004,4354,6
2/10/2004,4347,33
2/9/2004,4315,0
2/6/2004,4315,20
2/5/2004,4295,19
2/4/2004,4275,0
2/3/2004,4275,55
2/2/2004,4221,0
1/30/2004,4221,47
1/29/2004,4174,31
1/16/2004,4143,0
1/15/2004,4143,3
1/14/2004,4140,0
1/13/2004,4140,6
1/12/2004,4134,7
1/9/2004,4126,6
1/8/2004,4120,3
1/7/2004,4117,14
1/6/2004,4104,6
1/5/2004,4097,49
1/2/2004,4048,0
12/31/2003,4048,9
12/30/2003,4039,29
12/29/2003,4010,0
12/26/2003,4010,21
12/25/2003,3989,5
12/24/2003,3985,2
12/23/2003,3983,9
12/22/2003,3974,0
12/19/2003,3974,25
12/18/2003,3948,5
12/17/2003,3943,5
12/16/2003,3938,2
12/15/2003,3936,33
12/12/2003,3904,0
12/11/2003,3904,5
12/10/2003,3899,12
12/9/2003,3887,19
12/8/2003,3868,5
12/5/2003,3863,0
12/4/2003,3863,5
12/3/2003,3858,7
12/2/2003,3851,15
12/1/2003,3835,0
11/28/2003,3835,12
11/27/2003,3824,7
11/26/2003,3816,8
11/25/2003,3808,14
11/24/2003,3795,21
11/21/2003,3774,21
11/20/2003,3753,15
11/19/2003,3738,0
11/18/2003,3738,11
11/14/2003,3727,3
11/13/2003,3725,14
11/12/2003,3711,0
11/11/2003,3711,18
11/10/2003,3693,15
11/7/2003,3677,0
11/6/2003,3677,10
11/5/2003,3667,0
11/4/2003,3667,3
11/3/2003,3665,15
10/31/2003,3649,8
10/30/2003,3641,4
10/29/2003,3637,10
10/28/2003,3627,14
10/27/2003,3614,15
10/24/2003,3599,5
10/23/2003,3595,9
10/22/2003,3585,10
10/21/2003,3575,5
10/20/2003,3571,34
10/17/2003,3537,0
10/16/2003,3537,8
10/15/2003,3529,22
10/14/2003,3507,5
10/13/2003,3503,29
10/10/2003,3474,5
10/9/2003,3469,0
10/8/2003,3469,59
9/30/2003,3410,0
9/29/2003,3410,17
9/26/2003,3393,5
9/25/2003,3388,10
9/24/2003,3378,6
9/23/2003,3372,5
9/22/2003,3367,25
9/19/2003,3342,0
9/18/2003,3342,5
9/17/2003,3337,0
9/16/2003,3337,2
9/15/2003,3335,5
9/12/2003,3330,2
9/11/2003,3328,0
9/10/2003,3328,2
9/9/2003,3326,0
9/8/2003,3326,11
9/5/2003,3315,2
9/4/2003,3314,3
9/3/2003,3311,22
9/2/2003,3289,0
9/1/2003,3289,8
8/29/2003,3281,11
8/28/2003,3270,-3
8/27/2003,3273,12
8/26/2003,3261,0
8/25/2003,3261,8
8/22/2003,3253,0
8/21/2003,3253,0
8/20/2003,3253,0
8/19/2003,3253,-4
8/18/2003,3256,0
8/15/2003,3256,-6
8/14/2003,3263,2
8/13/2003,3261,0
8/12/2003,3261,3
8/11/2003,3258,-6
8/8/2003,3265,-9
8/7/2003,3274,-14
8/6/2003,3287,-3
8/5/2003,3290,-9
8/4/2003,3299,-17
8/1/2003,3316,0
7/31/2003,3316,0
7/30/2003,3316,-12
7/29/2003,3328,0
7/28/2003,3328,-5
7/25/2003,3333,-3
7/24/2003,3335,-5
7/23/2003,3340,9
7/22/2003,3331,-9
7/21/2003,3340,9
7/18/2003,3331,11
7/17/2003,3320,14
7/16/2003,3306,22
7/15/2003,3285,0
7/14/2003,3285,27
7/11/2003,3257,11
7/10/2003,3246,32
7/9/2003,3215,6
7/8/2003,3208,15
7/7/2003,3194,44
7/4/2003,3150,3
7/3/2003,3147,35
7/2/2003,3113,8
7/1/2003,3105,5
6/30/2003,3100,51
6/27/2003,3049,13
6/26/2003,3036,13
6/25/2003,3024,0
6/24/2003,3024,31
6/23/2003,2993,14
6/20/2003,2979,23
6/19/2003,2956,6
6/18/2003,2950,9
6/17/2003,2941,0
6/16/2003,2941,6
6/13/2003,2935,10
6/12/2003,2925,0
6/11/2003,2925,3
6/10/2003,2922,4
6/9/2003,2918,0
6/6/2003,2918,3
6/5/2003,2915,0
6/4/2003,2915,15
6/3/2003,2901,0
6/2/2003,2901,0
5/30/2003,2901,3
5/29/2003,2898,-2
5/28/2003,2900,-3
5/27/2003,2903,0
5/26/2003,2903,11
5/23/2003,2892,0
5/22/2003,2892,0
5/21/2003,2892,0
5/20/2003,2892,6
5/19/2003,2885,0
5/16/2003,2885,0
5/15/2003,2885,0
5/14/2003,2885,-5
5/13/2003,2890,0
5/12/2003,2890,5
5/9/2003,2885,-14
5/8/2003,2899,0
5/7/2003,2899,2
5/6/2003,2897,-34
4/30/2003,2931,-15
4/29/2003,2945,-5
4/28/2003,2950,-12
4/25/2003,2962,12
4/24/2003,2950,-12
4/23/2003,2962,-59
4/22/2003,3021,0
4/21/2003,3021,0
4/18/2003,3021,0
4/17/2003,3021,-25
4/16/2003,3045,-110
4/15/2003,3155,0
4/14/2003,3155,-5
4/11/2003,3160,-11
4/10/2003,3171,-42
4/9/2003,3213,-5
4/8/2003,3217,5
4/7/2003,3213,-5
4/4/2003,3217,-37
4/3/2003,3255,-21
4/2/2003,3275,-38
4/1/2003,3314,-39
3/31/2003,3353,-29
3/28/2003,3382,9
3/27/2003,3373,0
3/26/2003,3373,-7
3/25/2003,3380,-24
3/24/2003,3404,-7
3/21/2003,3411,0
3/20/2003,3411,-25
3/19/2003,3435,-15
3/18/2003,3450,-16
3/17/2003,3466,0
3/14/2003,3466,0
3/13/2003,3466,-5
3/12/2003,3471,-10
3/11/2003,3481,-27
3/10/2003,3508,-22
3/7/2003,3530,0
3/6/2003,3530,-8
3/5/2003,3538,-7
3/4/2003,3545,-5
3/3/2003,3550,0
2/28/2003,3550,-2
2/27/2003,3552,-1
2/26/2003,3553,14
2/25/2003,3539,3
2/24/2003,3536,5
2/21/2003,3531,2
2/20/2003,3529,0
2/19/2003,3529,-2
2/18/2003,3531,2
2/17/2003,3529,0
2/14/2003,3529,0
2/13/2003,3529,0
2/12/2003,3529,0
2/11/2003,3529,-2
2/10/2003,3531,35
1/29/2003,3496,0
1/28/2003,3496,0
1/27/2003,3496,0
1/24/2003,3496,30
1/23/2003,3466,7
1/22/2003,3459,-7
1/21/2003,3466,7
1/20/2003,3459,9
1/17/2003,3450,22
1/16/2003,3428,0
1/15/2003,3428,5
1/14/2003,3424,15
1/13/2003,3409,18
1/10/2003,3391,36
1/9/2003,3355,23
1/8/2003,3332,0
1/7/2003,3332,20
1/6/2003,3312,0
1/3/2003,3312,0
1/2/2003,3312,#N/A N/A
